appId,type,createdDate,disabled,clientId,clientName
3hgzll,TESTING,2022-01-18T19:43:10.000Z,yes,HV_SS_TEST_12,HV
6c06bc,STAGING,2022-02-10T12:24:50.000Z,no,pillow,Pillow
2d375d,STAGING,2022-02-23T13:09:55.000Z,yes,hatio,Hatio
wyvvx8,TESTING,2022-03-21T08:04:09.000Z,no,bracket_test,Bracket Test
gjinlx,TESTING,2022-03-21T09:29:12.000Z,yes,akash_test,Akash Test
g0dhy7,STAGING,2022-03-21T09:33:20.000Z,no,khushi,Khushi
mmrtye,STAGING,2022-03-22T06:01:31.000Z,yes,rohan_test,Rohan Test
pyj3vo,TESTING,2022-03-23T01:31:45.000Z,no,plentina,Plentina
e358c5,STAGING,2022-03-23T17:40:21.000Z,no,Alat_Test,ALAT
8j1we4,TESTING,2022-03-24T10:33:17.000Z,yes,client_test,Client Test
wa16ht,TESTING,2022-04-01T15:43:48.000Z,yes,zedvance,Zedvance
ajfdd9,STAGING,2022-04-22T07:39:40.000Z,yes,akash-test,Akash-test
usb6q3,STAGING,2022-05-02T12:08:48.000Z,yes,wyre,Wyre
0w7mvv,PRODUCTION,2022-05-07T04:36:50.000Z,yes,test_srinija,Test Srinija
35sznu,STAGING,2022-05-09T12:26:36.000Z,yes,frontier_xyz,Frontier xyz
i4oqo1,STAGING,2022-05-11T09:50:45.000Z,no,pace_fin,Pace Fin
e1df73,STAGING,2022-05-13T07:11:23.000Z,yes,lendsqr,Lendsqr
o6t5y7,STAGING,2022-05-18T04:42:42.000Z,yes,test,Test
m37umn,PRODUCTION,2022-05-24T07:28:04.000Z,yes,tolaram,Tolaram
vx5p6e,STAGING,2022-05-24T17:56:33.000Z,yes,augie,Augie
3t29xn,STAGING,2022-05-25T07:47:01.000Z,yes,testclientv4,testClientV4
12go6j,STAGING,2022-05-25T12:34:12.000Z,yes,testsignup,TestSignup
lae9j4,STAGING,2022-05-26T08:52:41.000Z,yes,onecode,Onecode
8f56c7,STAGING,2022-05-30T08:24:55.000Z,no,HV,HyperVerge
eunzfd,STAGING,2022-05-31T02:57:29.000Z,no,finx,FinX
e1bpkh,STAGING,2022-06-09T10:48:28.000Z,yes,millionero,Millionero
3twch8,STAGING,2022-06-10T06:31:56.000Z,yes,netbank_ph,Netbank PH
tfu71z,PRODUCTION,2022-06-16T07:23:14.000Z,yes,ovo,OVO
wp9a1v,STAGING,2022-06-16T10:56:17.000Z,yes,stockal_gkyc_test_creds,stockal gkyc test creds
zk8eqx,STAGING,2022-06-17T10:24:50.000Z,yes,gofingo,GoFingo
ppvtys,PRODUCTION,2022-06-27T11:59:27.000Z,yes,akash_test,Akash Test
ni9sx5,STAGING,2022-06-29T03:24:13.000Z,yes,xyz_client,XYZ Client
p3nm77,STAGING,2022-06-30T10:07:20.000Z,yes,srinija_test_1234,srinija test 1234
9yixhs,STAGING,2022-07-02T07:08:06.000Z,yes,nigeria_demo_account,Nigeria Demo Account
di0m49,STAGING,2022-07-04T06:25:45.000Z,yes,mlhuillier_ph,mlhuillier ph
vtny8b,STAGING,2022-07-04T08:38:14.000Z,yes,strategybrix-channelpartner,StrategyBrix-ChannelPartner
m7lnaa,STAGING,2022-07-05T10:12:52.000Z,no,pice_one,pice one
62m78f,STAGING,2022-07-05T10:20:21.000Z,yes,NOWW00127,Noww
xryp7r,STAGING,2022-07-06T11:25:09.000Z,no,jak-xamarin-freelancer,Jak-Xamarin-Freelancer
53n8hr,STAGING,2022-07-07T07:13:57.000Z,yes,workflowissue,Workflowissue
3c50a2,PRODUCTION,2022-07-13T12:18:37.000Z,yes,bitdrive,BitDrive
40511a,STAGING,2022-07-13T15:21:43.000Z,no,jus_pay,JusPay
qvfd1o,STAGING,2022-07-14T06:34:02.000Z,yes,karthik,Karthik
k7oai3,STAGING,2022-07-15T08:23:02.000Z,yes,xenio,Xenio
9hysa5,STAGING,2022-07-15T14:23:18.000Z,yes,testworkflowcopy,testWorkflowcopy
fc4963,PRODUCTION,2022-07-21T19:08:46.000Z,yes,millionero_production,MillionEro Production
cb7c25,PRODUCTION,2022-07-26T10:57:43.000Z,yes,hd_bank,HD Bank
4s2xa2,STAGING,2022-07-27T14:23:28.000Z,yes,u-next,U-next
92bf1l,STAGING,2022-07-29T07:58:45.000Z,yes,dummy_-_deepak,Dummy - Deepak
yymx5g,STAGING,2022-08-01T12:47:12.000Z,yes,digipay-peerbits,DigiPay-PeerBits
9fpi0k,STAGING,2022-08-01T13:38:00.000Z,yes,goatfund_global_creds,goatfund global creds
ktvy7i,STAGING,2022-08-02T14:57:46.000Z,yes,internal_sa_ie_roh,Internal SA IE Roh
cvull0,STAGING,2022-08-03T06:36:02.000Z,yes,ajith_test,Ajith Test
ibccf2,STAGING,2022-08-03T10:25:14.000Z,yes,tarrakki,Tarrakki
6sl69k,STAGING,2022-08-04T13:18:59.000Z,yes,phuong_anh,Phuong Anh
kjqr5b,STAGING,2022-08-08T07:22:46.000Z,yes,blowhorn,Blowhorn
2m9oen,STAGING,2022-08-08T13:22:17.000Z,yes,legalpay,Legalpay
r18d7t,STAGING,2022-08-08T13:33:35.000Z,yes,finv_asia,Finv Asia
861f1f,STAGING,2022-01-03T05:45:37.000Z,no,hyperverge_engineering_team,HyperVerge Engineering Team
hkkslq,TESTING,2022-03-10T13:20:52.000Z,yes,truzopaysa,Truzo Pay
nc6901,TESTING,2022-03-16T16:15:53.000Z,yes,Internal_Africa_Demos,
wzuxgd,PRODUCTION,2022-03-21T07:47:44.000Z,yes,test_abhishek,
f6q39p,TESTING,2022-03-24T09:54:35.000Z,yes,abhishek_test,abhishek test
4r2rju,STAGING,2022-03-24T12:10:51.000Z,no,hyper_client,Hyper Client
29c25f,TESTING,2022-04-13T12:14:03.000Z,yes,RCBC_Test,RCBC PHL
ev5uvx,STAGING,2022-04-14T15:02:16.000Z,yes,bitdrive,BitDrive
910836,PRODUCTION,2022-04-26T06:46:07.000Z,no,smart_pay,Smart Net Trading Service Company Limited
7kb3uf,STAGING,2022-05-05T18:25:06.000Z,yes,fantico,
s3aeui,STAGING,2022-05-06T07:00:12.000Z,yes,vishad_internal,Vishad Internal
aa10b5,STAGING,2022-05-06T07:28:07.000Z,yes,credislice,Credislice
2whphd,STAGING,2022-05-13T05:32:00.000Z,yes,pradeep_test,Pradeep Test
edbf50,PRODUCTION,2022-05-13T07:03:18.000Z,no,mpl,MPL
j42f6z,STAGING,2022-05-13T08:32:03.000Z,yes,unabankdemo,UnabankDemo
z2t6nv,STAGING,2022-05-13T09:13:13.000Z,yes,unabank_2,Unabank 2
b2088d,STAGING,2022-05-13T12:51:22.000Z,no,HV,HyperVerge
hm272i,STAGING,2022-05-17T07:33:29.000Z,yes,manav_-_test,Manav - Test
7nulvh,STAGING,2022-05-17T13:53:49.000Z,no,hyperverge_integrations_team,HyperVerge Integrations Team
kj2sxj,STAGING,2022-05-18T05:14:57.000Z,yes,dummyclient1234,dummyClient1234
kj5opu,STAGING,2022-05-19T06:05:22.000Z,yes,phuong_anh_company,Phuong Anh company
f5q5lt,STAGING,2022-05-19T06:47:08.000Z,yes,unumid-hv,Unumid-hv
fr0fus,STAGING,2022-05-19T07:30:05.000Z,yes,flattrade,Flattrade
l72x83,STAGING,2022-05-19T11:39:07.000Z,yes,forwardline,ForwardLine
oxuk01,STAGING,2022-05-31T10:39:55.000Z,yes,veratad,Veratad
d458c6,PRODUCTION,2022-06-07T06:05:37.000Z,yes,frantico,Frantico
yuc5ud,STAGING,2022-06-08T15:04:02.000Z,yes,fantiger,Fantiger
03e9e2,STAGING,2022-06-09T10:32:33.000Z,no,aspira,Aspira
bjndgc,STAGING,2022-06-13T05:06:45.000Z,yes,chace_llc,Chace LLC
84foax,STAGING,2022-06-15T07:20:22.000Z,yes,vamo_phl,Vamo PHL
z0vrjs,STAGING,2022-06-21T10:46:29.000Z,yes,lotusx,LotusX
zt9f22,STAGING,2022-06-28T08:13:11.000Z,yes,unicapital_inc,Unicapital Inc
9ac8mn,STAGING,2022-06-29T06:28:36.000Z,no,hyperverge_integrations_team,HyperVerge Integrations Team
0te7ra,STAGING,2022-06-29T06:30:41.000Z,no,hyperverge_integrations_team,HyperVerge Integrations Team
thoh3z,STAGING,2022-07-04T09:49:39.000Z,yes,the_wild_west_rummy,The Wild West Rummy
b7xx2r,STAGING,2022-07-06T05:40:37.000Z,yes,hurtado_ph,Hurtado PH
jp0rd2,STAGING,2022-07-07T07:11:44.000Z,yes,testworkflow,TestWorkflow
xjz7gy,STAGING,2022-07-08T11:30:25.000Z,yes,greytip,greytip
beb3d5,PRODUCTION,2022-07-12T09:51:02.000Z,yes,loco_prod_dashboard,Loco prod dashboard
a46b10,STAGING,2022-07-13T05:50:24.000Z,yes,hyperverge_integrations_team,HyperVerge Integrations Team
ym8vim,STAGING,2022-07-18T11:22:34.000Z,yes,oloid_ai,Oloid AI
45247a,PRODUCTION,2022-07-21T17:14:07.000Z,no,matrimony,Matrimony
3m8qnp,STAGING,2022-07-22T04:45:58.000Z,yes,jify_credentials,jify credentials
sdj9zl,STAGING,2022-07-22T05:05:34.000Z,yes,jify,Jify
01875e,STAGING,2022-07-25T06:24:31.000Z,no,swiggy,Swiggy
bd3490,STAGING,2022-07-27T12:46:47.000Z,yes,internal_test,Internal Test
fq91xs,STAGING,2022-07-29T06:16:47.000Z,no,creditvidya-ocr,creditvidya-ocr
rh4dgp,STAGING,2022-08-01T10:32:29.000Z,yes,digipay,Digipay
6qpv3d,PRODUCTION,2022-08-01T12:17:11.000Z,yes,frontier_xyz,Frontier xyz
zg78a1,STAGING,2022-08-02T14:41:19.000Z,yes,internal_sa_ie_ks,internal sa ie ks
wr37pu,STAGING,2022-08-03T10:50:39.000Z,yes,coffeee-io,Coffeee-io
ktfdno,STAGING,2022-08-10T06:24:02.000Z,yes,buildd,Buildd
18210b,STAGING,2022-08-11T03:37:12.000Z,yes,hd_bank,HD Bank
ed5b24,PRODUCTION,2022-08-11T03:37:26.000Z,no,hd_bank,HD Bank
c0i6ot,STAGING,2022-08-12T08:39:25.000Z,yes,navadhan,Navadhan
9by6pc,STAGING,2022-08-18T07:25:03.000Z,yes,infina_vietnam,Infina Vietnam
7d527r,STAGING,2022-08-18T11:36:08.000Z,no,hyperverge_business_team,HyperVerge Business Team
wgd0x6,STAGING,2022-08-18T17:21:19.000Z,yes,aventus-uzbekistan-kazakhstan,Aventus-Uzbekistan-kazakhstan
d28afb,STAGING,2022-08-23T05:12:01.000Z,no,finaccel,Finaccel
12b169,STAGING,2022-08-23T05:12:03.000Z,yes,CRED00024,Credime
c7587a,PRODUCTION,2022-08-23T05:12:11.000Z,no,bharat_pe,BharatPe
11a8b7,PRODUCTION,2022-08-23T05:12:17.000Z,no,dmi_finance,DMI Finance
cf7f85,PRODUCTION,2022-08-11T03:36:47.000Z,yes,hd_bank,HD Bank
72c8f6,PRODUCTION,2022-08-16T05:46:08.000Z,yes,doosra,Doosra
743f9r,STAGING,2022-08-16T12:36:22.000Z,yes,multipl_xyz,multipl xyz
9tig3e,STAGING,2022-08-17T09:17:11.000Z,yes,brandonb,brandonB
ft4fg6,STAGING,2022-08-17T10:50:04.000Z,no,fhl_ph,FHL PH
3bqg61,STAGING,2022-08-18T05:17:28.000Z,yes,uyen_test,Uyen test 
4z4mcy,STAGING,2022-08-18T07:24:48.000Z,yes,infina,Infina
dhohy5,STAGING,2022-08-18T11:36:02.000Z,yes,sarthaktesthv,SarthakTestHV
5u1q8t,PRODUCTION,2022-08-19T06:08:13.000Z,yes,test,Test
12dqkm,STAGING,2022-08-22T09:47:19.000Z,yes,dtic_ph,DTIC PH
730ec2,STAGING,2022-08-23T05:11:55.000Z,yes,poker_dangal,Poker Dangal
4400dc,PRODUCTION,2022-08-23T05:11:55.000Z,yes,poker_dangal,Poker Dangal
917e07,STAGING,2022-08-23T05:12:09.000Z,no,bharat_pe,BharatPe
25e47f,PRODUCTION,2022-08-23T05:12:16.000Z,no,india_gold,India Gold
2ba55f,STAGING,2022-08-23T05:12:18.000Z,yes,DMIF00012,
3c5adcbf,STAGING,2022-08-23T05:12:35.000Z,yes,CRED00035,CrediMantri
6a26bd,STAGING,2022-08-23T05:12:42.000Z,no,vastu_housing,Vastu Housing
bbe4f7,STAGING,2022-08-23T05:12:42.000Z,yes,vastu_housing,Vastu Housing
758000,STAGING,2022-08-23T05:12:43.000Z,yes,vastu_housing,Vastu Housing
bd39f5,STAGING,2022-08-23T05:12:43.000Z,yes,vastu_housing,Vastu Housing
5462a8,STAGING,2022-08-23T05:12:52.000Z,no,khata_book,Khatabook
f04742,STAGING,2022-08-23T05:13:00.000Z,yes,WHIZ00029,MoneyView
f838c3,STAGING,2022-08-23T05:13:10.000Z,no,SOFT00111,Cash Party
1f3d3c,STAGING,2022-08-23T05:13:21.000Z,yes,HOME00011,
ec1416,STAGING,2022-08-23T05:13:22.000Z,no,home_credit_india,Home Credit India
156730,PRODUCTION,2022-08-23T05:13:23.000Z,no,home_credit_india,Home Credit India
b80be5,PRODUCTION,2022-08-23T05:13:24.000Z,yes,home_credit_india,Home Credit India
354dad,STAGING,2022-08-23T05:13:25.000Z,yes,HOME00011,
edac66,STAGING,2022-08-23T05:13:37.000Z,yes,paycrunch,Paycrunch
966713,STAGING,2022-08-23T05:13:42.000Z,no,iifl_gold_loans,IIFL Gold Loans
2c007b,STAGING,2022-08-23T05:13:54.000Z,no,navi,Navi
e04afd,STAGING,2022-08-23T05:13:55.000Z,no,navi,Navi
609c2d,STAGING,2022-08-23T05:14:06.000Z,no,market_pulse,MarketPulse
795cab,STAGING,2022-08-23T05:14:10.000Z,yes,KMGL00090,Credit Fair
427112,STAGING,2022-08-23T05:14:11.000Z,yes,GODD00010,Avail Finance
8507f1,STAGING,2022-08-23T05:14:13.000Z,yes,GODD00010,Avail Finance
e46d6f,PRODUCTION,2022-08-23T05:14:23.000Z,yes,zest_money,ZestMoney
1b9987,STAGING,2022-08-23T05:14:34.000Z,yes,RAZO00051,
f969c3,STAGING,2022-08-23T05:14:53.000Z,no,money_tap,MoneyTap
7f2123,STAGING,2022-08-23T05:14:54.000Z,yes,MWYN00041,
592fbe,PRODUCTION,2022-08-23T05:15:15.000Z,no,finbox,Finbox
c98548,PRODUCTION,2022-08-23T05:15:19.000Z,no,capfront,Vaibhav Vyapaar
a0d31c,STAGING,2022-08-23T05:15:23.000Z,yes,BUEN00100,Bueno Finance
7b89ee,STAGING,2022-08-23T05:15:45.000Z,yes,iserve_u,iServeU
67d8b6,STAGING,2022-08-23T05:15:53.000Z,no,JUNG00022,JUNG00022
20c653,STAGING,2022-08-23T05:16:09.000Z,no,krazy_bee,KrazyBee
d4cdad,STAGING,2022-08-23T05:16:29.000Z,yes,DIGI00043,Digitx
d2b712,STAGING,2022-08-23T05:16:30.000Z,no,dhan,Dhan
c73c9d,STAGING,2022-08-23T05:16:38.000Z,no,balic,BALIC
5f8839,PRODUCTION,2022-08-23T05:16:45.000Z,no,wazirx,WazirX
4f9d06,PRODUCTION,2022-08-23T05:16:45.000Z,no,wazirx,WazirX
642049,PRODUCTION,2022-08-23T05:17:03.000Z,no,pine_labs,Pinelabs
3f09a2,STAGING,2022-08-23T05:17:19.000Z,no,kotak_life_insurance,Kotak Life insurance
8972f5,STAGING,2022-08-23T05:17:21.000Z,yes,KOTA00025,
3ae003,STAGING,2022-08-23T05:17:28.000Z,yes,HEZH00016,Golden Bag
049bfa,STAGING,2022-08-23T05:17:30.000Z,yes,HEZH00016,Golden Bag
32d95c,STAGING,2022-08-23T05:17:31.000Z,yes,HEZH00016,Golden Bag
4b45f3,STAGING,2022-08-23T05:17:32.000Z,yes,HEZH00016,Golden Bag
f734f6,STAGING,2022-08-23T05:18:15.000Z,yes,RUPC00081,Rupcoin
5d4fe2,PRODUCTION,2022-08-23T05:18:38.000Z,yes,eduvanz,Eduvanz
cc628d,PRODUCTION,2022-08-23T05:18:38.000Z,yes,eduvanz,Eduvanz
14451f,STAGING,2022-08-23T05:18:39.000Z,yes,eduvanz,Eduvanz
63e0fb,STAGING,2022-08-23T05:12:18.000Z,yes,DMIF00012,
fe989d,STAGING,2022-08-23T05:12:26.000Z,yes,aha_move,Aha Move
3a37f9,STAGING,2022-08-23T05:12:36.000Z,yes,CRED00035,CrediMantri
9019cb,STAGING,2022-08-23T05:12:44.000Z,no,vastu_finance,Vastu Finance
e0a3ef,STAGING,2022-08-23T05:13:02.000Z,yes,WHIZ00029,MoneyView
1a6733,STAGING,2022-08-23T05:13:24.000Z,no,home_credit_india,Home Credit India
46f59f,PRODUCTION,2022-08-23T05:13:38.000Z,no,iifl_securities,IIFL Securities
97eebb,PRODUCTION,2022-08-23T05:13:39.000Z,no,5paisa,5paisa
42697b,STAGING,2022-08-23T05:14:12.000Z,yes,GODD00010,Avail Finance
860fc0,STAGING,2022-08-23T05:14:13.000Z,yes,GODD00010,Avail Finance
24f30f,STAGING,2022-08-23T05:14:13.000Z,yes,GODD00010,Avail Finance
842853,STAGING,2022-08-23T05:14:25.000Z,yes,CAMD00009,
0fdcdb,PRODUCTION,2022-08-23T05:14:36.000Z,no,razor_pay,RazorPay
0af25d,STAGING,2022-08-23T05:14:47.000Z,yes,CRED00072,CredRight
123415,PRODUCTION,2022-08-23T05:14:49.000Z,no,rupee_redee,Rupeeredee
884b53,STAGING,2022-08-23T05:15:25.000Z,yes,BUEN00100,Bueno Finance
dc280b,STAGING,2022-08-23T05:15:52.000Z,yes,JUNG00022,JUNG00022
b7e82e,STAGING,2022-08-23T05:16:09.000Z,no,krazy_bee,KrazyBee
6043af,STAGING,2022-08-23T05:16:10.000Z,no,krazy_bee,KrazyBee
3b289e,PRODUCTION,2022-08-23T05:16:25.000Z,no,mobicast,Mobicast
b6f81d,PRODUCTION,2022-08-23T05:16:53.000Z,no,uniorbit,UniOrbit Technologies
553269,STAGING,2022-08-23T05:16:59.000Z,no,loan_digit,LoanDigit
803330,PRODUCTION,2022-08-23T05:17:01.000Z,no,lets_aspire,Letsaspire
0d63fb,STAGING,2022-08-23T05:17:19.000Z,yes,kotak_life_insurance,Kotak Life insurance
03628d,STAGING,2022-08-23T05:17:30.000Z,yes,HEZH00016,Golden Bag
5099aa,STAGING,2022-08-23T05:17:49.000Z,yes,aditya_birla_sun_life_insurance,Aditya Birla Sun Life Insurance
2ad38c,STAGING,2022-08-23T05:17:51.000Z,no,cams,CAMS
e29874,STAGING,2022-08-23T05:18:04.000Z,no,ind_money,INDMoney
367126,STAGING,2022-08-23T05:18:23.000Z,yes,TECH00083,MoneyinMinutes
4d9063,STAGING,2022-08-23T05:18:23.000Z,yes,TECH00083,MoneyinMinutes
43ab07,PRODUCTION,2022-08-23T05:18:30.000Z,no,coin_switch,Coinswitch
f393c7,PRODUCTION,2022-08-23T05:18:35.000Z,yes,eduvanz,Eduvanz
8bf3f2,STAGING,2022-08-23T05:18:36.000Z,yes,EDUV00013,
6904c9,STAGING,2022-08-23T05:18:36.000Z,yes,EDUV00013,
24bf28,STAGING,2022-08-23T05:18:40.000Z,yes,be_group,Be Group
056b8f,STAGING,2022-08-23T05:18:42.000Z,yes,XIAO00002,MiCredit
bbaf79,STAGING,2022-08-23T05:18:43.000Z,yes,XIAO00002,MiCredit
7201c8,STAGING,2022-08-23T12:55:48.000Z,no,shadow_fax,ShadowFax
nwcrtu,STAGING,2022-08-24T07:11:47.000Z,yes,iomd,IOMD
ikdr9f,STAGING,2022-08-26T07:05:26.000Z,yes,equal_in,Equal in
8nlhui,STAGING,2022-08-29T09:15:18.000Z,yes,testsarthak,TestSarthak
nltcwu,STAGING,2022-08-29T09:19:29.000Z,yes,testclient1,TestClient1
0wyh5s,STAGING,2022-09-01T06:30:14.000Z,yes,srinija_test_2,Srinija Test 2
7eabe8,PRODUCTION,2022-09-05T06:11:04.000Z,yes,bulls_vietnam,Bulls Vietnam
hjqhqm,STAGING,2022-09-05T09:55:54.000Z,yes,bvc_ventures,BVC Ventures
sz2hxd,STAGING,2022-09-07T08:57:04.000Z,yes,aspira-gkyc,Aspira-gkyc
658d9c,STAGING,2022-09-07T15:19:13.000Z,yes,xfinite,Xfinite
r0y3fo,STAGING,2022-09-08T10:19:40.000Z,yes,sandeep_hyperverge,Sandeep HyperVerge
mqhibw,STAGING,2022-09-10T06:28:36.000Z,yes,sandeep_eu_testing,Sandeep EU Testing
j7g220,STAGING,2022-09-12T06:47:39.000Z,yes,onmeta-phl,onmeta-phl
bz436j,STAGING,2022-09-13T06:46:15.000Z,no,gupshup_io,Gupshup IO
0ec13c,STAGING,2022-09-14T05:15:35.000Z,no,hyperverge_engineering_team,HyperVerge Engineering Team
wlcqem,STAGING,2022-09-14T05:32:22.000Z,yes,topjuan,TopJuan
fulqvh,STAGING,2022-09-15T10:46:58.000Z,yes,gupshup,Gupshup
a3fe10,STAGING,2022-09-16T06:56:30.000Z,yes,micelio,Micelio
0jy5a3,STAGING,2022-09-16T18:10:41.000Z,yes,jud-test,jud-test
cad7nl,STAGING,2022-09-21T07:36:07.000Z,yes,ubank,UBank
it82z7,STAGING,2022-09-23T10:16:05.000Z,yes,at_test_4,at test 4
2oa3f9,STAGING,2022-09-27T06:53:35.000Z,no,jai_kisan,Jai Kisan
nq6r7u,STAGING,2022-09-27T09:51:21.000Z,yes,zoomcar,Zoomcar
9vj77o,STAGING,2022-09-27T12:16:26.000Z,yes,nishanthtestaccount,NishanthTestAccount
445fda,STAGING,2022-09-28T05:03:52.000Z,no,hyperverge_integrations_team,HyperVerge Integrations Team
0owf87,STAGING,2022-09-28T11:16:43.000Z,yes,vtiger,vtiger
5a3cbd,PRODUCTION,2022-08-23T05:18:59.000Z,no,kissht,Kissht
7f365c,PRODUCTION,2022-08-23T05:19:02.000Z,no,kissht,Kissht
85a68d,STAGING,2022-08-23T05:19:13.000Z,yes,ROTT00015,Rotterpay
wa6y16,PRODUCTION,2022-08-24T13:27:38.000Z,no,HV,HyperVerge
ycpfd6,STAGING,2022-08-25T06:40:15.000Z,yes,shiptek_solutions_ph,Shiptek Solutions PH
tyvvt0,PRODUCTION,2022-08-25T08:39:58.000Z,yes,covr-mitera,Covr-Mitera
sgqstp,STAGING,2022-08-26T08:02:28.000Z,yes,visual_communincations_pvt_ltd,Visual Communincations Pvt Ltd
1bfccg,STAGING,2022-08-29T08:19:52.000Z,yes,aerem_finance,Aerem Finance
p8ea6m,STAGING,2022-08-29T08:23:15.000Z,yes,sarthaktestcreds,SarthakTestCreds
6bd416,STAGING,2022-08-30T11:40:43.000Z,yes,suriya_internal,Suriya Internal
26risw,PRODUCTION,2022-09-01T05:32:37.000Z,yes,creditvidya-ocr,creditvidya-ocr
c6ca40,STAGING,2022-09-06T05:09:55.000Z,yes,nft5,NFT5
ae2f33,STAGING,2022-09-06T08:52:36.000Z,yes,hdbank,
nwu7mq,STAGING,2022-09-07T11:15:39.000Z,yes,hela_capitals_-_kenya,Hela Capitals - Kenya
ctud1v,STAGING,2022-09-08T13:53:40.000Z,yes,choice_mfb_-_kenya,Choice MFB - Kenya
qfaplo,STAGING,2022-09-09T10:50:32.000Z,no,aventus_-_kenya,Aventus - Kenya
7s2hcd,STAGING,2022-09-12T10:40:15.000Z,yes,flair_labs,Flair Labs
grjbms,STAGING,2022-09-13T09:45:50.000Z,yes,cropbytes,CropBytes
sk6nni,STAGING,2022-09-15T06:06:57.000Z,yes,test-indo,test-indo
1o58ux,STAGING,2022-09-15T08:49:02.000Z,yes,zamp_finance,Zamp Finance
9e3f29,PRODUCTION,2022-09-16T07:02:53.000Z,no,jar,Jar
inyrin,PRODUCTION,2022-09-16T12:10:55.000Z,no,srinija_test_2,Srinija Test 2
aawrzy,STAGING,2022-09-18T18:59:29.000Z,yes,piyush_hv_demo,Piyush HV Demo
b121f8,PRODUCTION,2022-09-19T15:02:35.000Z,yes,mpl,MPL
32ff38,STAGING,2022-09-20T08:22:06.000Z,no,acko_general_insurance,Acko General Insurance
3dzmjb,STAGING,2022-09-22T05:09:06.000Z,yes,anusha_test,Anusha Test
a3vqs8,STAGING,2022-09-22T07:14:04.000Z,no,gslab_kyc,GSLab KYC
fxqnoz,STAGING,2022-09-23T10:17:33.000Z,yes,at_test_5,at test 5
txi9ne,STAGING,2022-09-26T20:01:32.000Z,yes,piyush_demo_2,piyush demo 2
vt2dwh,STAGING,2022-09-27T12:15:37.000Z,yes,nishanth_test,Nishanth Test
g41g9o,STAGING,2022-09-28T12:32:50.000Z,yes,arvo_finance_-_nigeria,Arvo Finance - Nigeria
q5msza,STAGING,2022-09-30T12:17:36.000Z,yes,mars_capital,Mars Capital
08d9f3,STAGING,2022-09-30T14:39:54.000Z,yes,dl-testing-qc,dl-testing-qc
1b195i,STAGING,2022-09-30T15:10:02.000Z,yes,us_dl_testing,US DL Testing
bf3047,STAGING,2022-10-03T10:21:50.000Z,yes,afterlife,Afterlife
3b0py1,STAGING,2022-10-05T05:59:45.000Z,yes,growspace,Growspace
z8n60n,STAGING,2022-10-05T08:32:07.000Z,yes,ifanow,ifanow
3fh1lm,STAGING,2022-10-06T05:29:25.000Z,yes,fec-feol,FEC-FEOL
fi6wkf,STAGING,2022-10-06T08:28:54.000Z,no,lenden_club,Lenden Club
3wns1y,STAGING,2022-10-06T09:55:21.000Z,yes,koinearth,KoineArth
5c8d9b,STAGING,2022-10-07T10:35:52.000Z,yes,fork_project_vn,Fork Project VN
mj6e0k,PRODUCTION,2022-10-07T15:00:04.000Z,no,hsbc,HSBC
n6a812,STAGING,2022-10-13T09:56:07.000Z,no,super_bank,SuperBank
fct7i1,STAGING,2022-10-13T15:53:25.000Z,yes,butterpaper,Butterpaper
1be7vh,STAGING,2022-10-14T04:49:29.000Z,yes,credislicetesting,CrediSliceTesting
vz21lv,STAGING,2022-10-14T08:51:31.000Z,yes,wedopulse,WeDOpulse
ffusuk,STAGING,2022-10-20T09:19:11.000Z,yes,inocyx,Inocyx
w6nzap,STAGING,2022-10-20T11:58:17.000Z,yes,neogbank,Neogbank
b897b1,STAGING,2022-10-21T10:52:25.000Z,yes,creditmantri,CreditMantri
e87ff5,STAGING,2022-10-27T04:54:50.000Z,no,grab,Grab
8f052c,PRODUCTION,2022-10-27T06:41:51.000Z,yes,fe_credit,FE Credit
ioor3y,STAGING,2022-10-27T09:54:13.000Z,no,manipal_cigna,Manipal CIGNA
qlzpwl,STAGING,2022-10-28T09:41:28.000Z,yes,coindcx_2022,CoinDCX 2022
3i8wj4,STAGING,2022-10-28T12:00:17.000Z,yes,trustcheck_nigeria_proctoring,TrustCheck Nigeria Proctoring
yv35ba,STAGING,2022-10-28T11:57:57.000Z,yes,trustcheck_nigeria_proctor,TrustCheck Nigeria Proctor
uxl2mr,STAGING,2022-11-03T07:29:01.000Z,no,royal_sundaram,Royal Sundaram
4pu9bg,STAGING,2022-11-03T13:28:19.000Z,yes,dash_test,dash test
kjih9g,STAGING,2022-11-04T11:32:49.000Z,yes,crescent,Crescent
e7a203,PRODUCTION,2022-11-07T13:00:49.000Z,no,grab,Grab
qnmj5c,STAGING,2022-11-08T16:28:26.000Z,yes,getaugie1,GetAugie1
dzo4o0,STAGING,2022-09-28T12:06:10.000Z,yes,fec_vtiger,FEC VTiger 
ccv4s7,PRODUCTION,2022-09-29T11:31:36.000Z,no,coinsbit,Coinsbit
lhygjf,STAGING,2022-09-30T06:58:02.000Z,yes,sai_hv,Sai HV
n5fhtn,STAGING,2022-09-30T09:17:19.000Z,yes,zamp_clone_internal,Zamp Clone Internal 
aev7bd,STAGING,2022-09-30T15:09:02.000Z,yes,dl_testing_us,DL Testing US 
snb249,STAGING,2022-10-06T06:42:41.000Z,no,tata_aia,TATA AIA
bc732a,STAGING,2022-10-06T07:29:35.000Z,yes,binance_vietnam,Binance Vietnam 
tthlhv,STAGING,2022-10-10T18:01:42.000Z,no,manappuram,Manappuram
guu9wn,STAGING,2022-10-11T06:07:25.000Z,no,payarena_verification_service,Payarena Verification Service
4ht311,STAGING,2022-10-11T06:10:59.000Z,yes,artha_fintech_nigeria,Artha Fintech Nigeria
hbdzgx,PRODUCTION,2022-10-11T08:27:07.000Z,yes,fantiger,Fantiger
5f3508,STAGING,2022-10-13T10:01:41.000Z,yes,sanchit-test,sanchit-test
8e4yi6,STAGING,2022-10-18T08:31:58.000Z,yes,autovert,Autovert
a7gzja,STAGING,2022-10-18T10:06:38.000Z,yes,olive_crypto,Olive Crypto
ekwnva,STAGING,2022-10-19T07:18:20.000Z,no,icici_lombard,ICICI Lombard
lolppp,STAGING,2022-10-20T10:21:56.000Z,yes,bluestudio,blueStudio
xs3wfd,STAGING,2022-10-21T11:34:31.000Z,no,universal_sompo,UniversalSompo
b83twx,STAGING,2022-10-27T05:30:17.000Z,yes,connectiv3,connectiv3
7093px,STAGING,2022-10-27T09:01:01.000Z,no,stableinr,stableINR
5mbahi,STAGING,2022-10-28T11:59:35.000Z,yes,trustcheck_nigeria,TrustCheck Nigeria
dbyy3k,STAGING,2022-10-31T07:09:15.000Z,yes,remitly,Remitly
d2v4au,PRODUCTION,2022-10-31T09:12:46.000Z,yes,taskmo,Taskmo
6ze0ic,STAGING,2022-10-31T12:13:25.000Z,yes,smartcode_kenya,Smartcode Kenya
7xohkv,STAGING,2022-11-03T07:35:57.000Z,yes,jacaranda_capital,Jacaranda Capital
1pbby1,STAGING,2022-11-04T11:15:58.000Z,yes,indostar_capital,Indostar Capital
c5592c,PRODUCTION,2022-02-21T14:50:25.000Z,no,groww,Groww
3923d2,PRODUCTION,2022-02-03T06:07:01.000Z,no,grab,Grab
40c35e,STAGING,2022-03-03T08:37:38.000Z,no,pdax,PDAX
c9ca62,PRODUCTION,2022-01-05T05:30:33.000Z,no,hyperverge_business_team,HyperVerge Business Team
55a3a6,STAGING,2022-01-03T05:45:49.000Z,no,hyperverge_production_systems,HyperVerge Production Systems
9b4d3f,PRODUCTION,2022-02-15T08:18:25.000Z,yes,balle_baazi,BalleBaazi
74d97,PRODUCTION,2022-02-22T13:48:36.000Z,no,slicepay,SlicePay
25d416,TESTING,2022-03-03T15:49:57.000Z,yes,Vauld_Test,Vauld
362214,PRODUCTION,2022-03-08T14:46:02.000Z,no,fe_credit,FE Credit
deddff,PRODUCTION,2022-03-08T14:46:21.000Z,yes,vymo,vymo
8m4kjx,TESTING,2022-03-09T12:01:56.000Z,yes,xtremedevx,Xtreme Dev
aduko9,TESTING,2022-03-09T12:04:28.000Z,yes,billycard,Billycard
6jk1hh,TESTING,2022-03-21T07:39:07.000Z,yes,test_abhishek,
ngjhhw,TESTING,2022-03-21T09:31:32.000Z,yes,vignesh_test,Vignesh Test
l86beq,TESTING,2022-03-24T07:21:29.000Z,yes,abhishek,
uko27v,TESTING,2022-03-24T09:33:06.000Z,yes,srinija_test,
veqdtd,TESTING,2022-03-28T07:54:49.000Z,yes,internal_test_user,Internal Test User
33ddf8,PRODUCTION,2022-04-01T15:46:54.000Z,no,zedvance,Zedvance
er9ny8,STAGING,2022-04-05T05:42:32.000Z,no,HV,HyperVerge
075ef7,PRODUCTION,2022-04-07T07:29:02.000Z,no,cred,CRED
dbe8b0,PRODUCTION,2022-04-26T06:46:36.000Z,no,smart_pay,Smart Net Trading Service Company Limited
546b6b,PRODUCTION,2022-05-05T11:37:29.000Z,no,mudrex,Mudrex
d0c587,PRODUCTION,2022-05-05T11:38:00.000Z,no,mudrex,Mudrex
529cg4,STAGING,2022-05-06T06:58:17.000Z,yes,ajith_internal,Ajith Internal
5ey5m8,PRODUCTION,2022-05-06T07:02:57.000Z,yes,vishad_internal,Vishad Internal
ab642f,PRODUCTION,2022-05-06T07:22:26.000Z,no,ltfs,LTFS
vdw2z5,STAGING,2022-05-06T10:14:55.000Z,yes,fantico_test_credentials,Fantico test credentials
p18l8p,STAGING,2022-05-07T04:35:30.000Z,yes,test_srinija,Test Srinija
nu3iih,STAGING,2022-05-07T05:26:33.000Z,yes,srinija_test2,srinija test2
9eeaa4,STAGING,2022-05-13T07:03:07.000Z,yes,MOBI00101,
2zim41,STAGING,2022-05-17T13:25:10.000Z,yes,demo_client,Demo Client
6gt4u1,STAGING,2022-05-17T13:44:32.000Z,yes,demo_client_123,Demo Client 123
rzkbvp,STAGING,2022-05-18T04:06:49.000Z,yes,test_client_12345,Test Client 12345
afx3hw,STAGING,2022-05-18T05:12:45.000Z,yes,testclient,testClient
jzmrj5,STAGING,2022-05-18T05:15:28.000Z,yes,dummyclient,DummyClient
871667,STAGING,2022-05-18T05:27:24.000Z,yes,dummyclient1994,dummyClient1994
zqsu3a,STAGING,2022-05-18T14:43:48.000Z,yes,unumid,Unumid
hraff8,STAGING,2022-05-19T08:16:47.000Z,yes,be_group,Be Group
3704eb,STAGING,2022-05-19T08:46:14.000Z,yes,ncba_bank_kenya,NCBA bank Kenya
w1dgkg,STAGING,2022-05-24T09:41:21.000Z,yes,madhumita_gopal_test,Madhumita Gopal Test
ssfxt9,STAGING,2022-05-25T07:43:16.000Z,yes,testclientv1,testClientV1
1ac50a,STAGING,2022-05-31T03:01:40.000Z,yes,finx,FinX
ds0uk1,STAGING,2022-06-08T06:48:10.000Z,yes,web3fied,Web3fied
l6mnm6,STAGING,2022-06-10T10:04:06.000Z,yes,netbank,Netbank
p73edj,STAGING,2022-06-13T04:45:22.000Z,yes,chace,Chace
w9cos8,PRODUCTION,2022-06-13T08:23:23.000Z,no,aspira,Aspira
ylbucb,STAGING,2022-06-15T09:26:10.000Z,yes,sa_ie_teams,SA IE Teams
rrrtfs,STAGING,2022-06-23T11:53:03.000Z,yes,truzo_-_production_credentails,Truzo - Production Credentails
9i94pn,PRODUCTION,2022-06-24T13:29:13.000Z,no,truzo,Truzo
cjhp1v,STAGING,2022-06-27T13:57:31.000Z,yes,srinija_workflow_test,Srinija workflow test
ff90e8,PRODUCTION,2022-06-30T11:24:03.000Z,no,swiggy,Swiggy
43jqhj,STAGING,2022-06-30T14:35:07.000Z,no,hero_fincorp,Hero Fincorp
f4k5mj,STAGING,2022-07-04T06:16:34.000Z,yes,jay_dembani, Jay Dembani
k8o2vs,STAGING,2022-07-04T10:36:58.000Z,yes,judson-dashboard,judson-dashboard
p8ffjd,STAGING,2022-07-06T06:55:00.000Z,yes,hydeficorp,Hydeficorp
1zra47,STAGING,2022-07-07T11:07:34.000Z,yes,brightpe,BrightPe
9g24y2,STAGING,2022-07-08T11:59:15.000Z,yes,togopool,Togopool
v9cr1i,STAGING,2022-07-15T09:55:15.000Z,yes,oloid,Oloid
9ect80,STAGING,2022-07-19T08:15:11.000Z,yes,actyv,Actyv
vgbenb,STAGING,2022-07-20T10:22:26.000Z,yes,bragbox,BragBox
a46d02,TESTING,2022-01-21T05:52:24.000Z,yes,SEED123,Seedbox
53f68c,PRODUCTION,2022-02-14T10:16:13.000Z,yes,creditwolf,Credit Wolf
qltubj,TESTING,2022-02-24T06:57:42.000Z,yes,onboard,test
71a0b2,STAGING,2022-02-14T10:18:46.000Z,yes,tolaram,Tolaram
8468e2,PRODUCTION,2022-02-10T12:23:33.000Z,no,pillow,Pillow
f71443,PRODUCTION,2022-02-02T13:14:54.000Z,no,icici_securities,ICICI Securities
c342ff,STAGING,2022-04-18T04:45:01.000Z,no,tata_communications,Tata Communications
u1t46s,STAGING,2022-04-22T07:40:26.000Z,yes,pbcom,PBCOM
j7kqdr,STAGING,2022-05-05T18:29:30.000Z,yes,fantico_beth,Fantico Beth
73l3d6,STAGING,2022-05-09T05:57:22.000Z,yes,madhumita,Madhumita
fqomr6,STAGING,2022-05-09T12:27:55.000Z,yes,density_exchange,Density Exchange
4731df,STAGING,2022-05-12T13:37:50.000Z,yes,Cathay_Test,Cathay
vx2rx5,STAGING,2022-05-13T08:28:01.000Z,yes,unabank,Unabank
91w1bk,PRODUCTION,2022-05-18T04:10:26.000Z,yes,test_client_12345,Test Client 12345
nhzl32,STAGING,2022-05-18T13:35:35.000Z,yes,lipalater,LipaLater
e87v0x,STAGING,2022-05-19T07:30:39.000Z,yes,zpay,Zpay
ww3deb,STAGING,2022-05-24T09:40:48.000Z,yes,madhu_test,Madhu test
gntq30,STAGING,2022-05-25T07:44:47.000Z,yes,testtestetst,testtestetst
0ff14f,PRODUCTION,2022-05-27T08:04:42.000Z,no,HV,HyperVerge
a4c8a5,STAGING,2022-05-31T13:39:12.000Z,yes,ovo,OVO
u0tn4u,STAGING,2022-06-01T02:42:59.000Z,yes,veratad_usa,Veratad USA
b8cf0a,STAGING,2022-06-01T08:31:19.000Z,no,hyperverge_integrations_team,HyperVerge Integrations Team
hebwsw,STAGING,2022-06-10T14:06:51.000Z,yes,getfinstack,Get Finstack
rph1c7,STAGING,2022-06-21T10:09:35.000Z,yes,ptech,Ptech
w7d0ju,STAGING,2022-06-23T07:42:59.000Z,yes,salariumph,SalariumPH
f8rhev,STAGING,2022-06-23T11:57:18.000Z,yes,truzo-_production_credentials,Truzo- Production Credentials
wpzwy4,STAGING,2022-06-29T09:24:15.000Z,yes,gaurav-test,Gaurav-Test
4ryq7l,STAGING,2022-06-29T09:26:28.000Z,yes,vishad-test,Vishad-Test
nky9a8,PRODUCTION,2022-07-01T06:02:56.000Z,yes,chace_llc,Chace LLC
0o0a3u,STAGING,2022-07-01T13:39:45.000Z,yes,gaurav_jain-internal_-_test,Gaurav Jain-Internal - Test
jzkipr,STAGING,2022-07-04T06:17:39.000Z,yes,ashish_kalya,Ashish Kalya
vunhc4,STAGING,2022-07-04T09:52:44.000Z,no,goapptiv,GoApptiv
ysgpdi,STAGING,2022-07-06T05:24:21.000Z,yes,reallyy,Reallyy
8fgf6p,STAGING,2022-07-08T11:32:07.000Z,yes,gslab,Gslab
cxjvvq,STAGING,2022-07-12T06:52:14.000Z,yes,grab_phl,Grab PHL
4zw6er,STAGING,2022-07-14T12:29:50.000Z,yes,kedar_kulkarni,Kedar Kulkarni
zpxgrh,STAGING,2022-07-15T09:31:31.000Z,yes,infinyte_club,Infinyte club
ptnk4y,STAGING,2022-07-15T09:58:39.000Z,yes,oneupi,OneUPI
yilh91,PRODUCTION,2022-07-19T06:02:39.000Z,yes,the_wild_west_rummy,The Wild West Rummy
66ab27,STAGING,2022-07-19T06:35:24.000Z,no,protium,Protium
01xese,STAGING,2022-07-21T13:17:23.000Z,yes,ie_sa_clone_of_millionero,IE SA Clone of MillionEro
ab5958,PRODUCTION,2022-07-26T12:20:56.000Z,yes,sunfinance,sunfinance
ser2do,STAGING,2022-07-27T11:02:50.000Z,yes,captainfresh,CaptainFresh
ac6822,STAGING,2022-07-29T06:07:09.000Z,yes,Cathay_Test,Cathay
44pyg9,STAGING,2022-07-29T07:55:51.000Z,yes,dummy_client_-_deepak,Dummy client - Deepak
95b2he,STAGING,2022-07-29T10:16:45.000Z,yes,cashpo,CashPO
ccalqa,STAGING,2022-07-30T11:28:10.000Z,yes,easter_securities_and_roundone,Easter Securities and RoundOne
x9wf6r,STAGING,2022-08-01T13:21:59.000Z,yes,digipay-creds,Digipay-creds
ddadad,STAGING,2022-08-03T11:13:55.000Z,yes,nownow,NowNow
7b70ce,PRODUCTION,2022-08-08T11:19:28.000Z,yes,millionero_production,MillionEro Production
dpqag9,STAGING,2022-08-08T13:17:53.000Z,yes,finvasia,Finvasia
496bea,PRODUCTION,2022-08-10T07:08:27.000Z,yes,aella_credit,Aella Credit
z49vli,STAGING,2022-08-10T10:00:22.000Z,yes,testing-demo,testing-demo
0p4d6r,STAGING,2022-08-10T10:32:47.000Z,yes,pswitch,pSwitch
806462,PRODUCTION,2022-08-11T03:36:34.000Z,no,hd_bank,HD Bank
9dd56b,STAGING,2022-08-12T16:05:04.000Z,no,coinsbit,Coinsbit
mfw73r,PRODUCTION,2022-08-16T06:57:26.000Z,yes,reallyy,Reallyy
0sdogi,STAGING,2022-08-16T09:42:51.000Z,no,jainam,Jainam
hruo47,STAGING,2022-08-18T05:47:21.000Z,no,travferr,Travferr
aopjv2,STAGING,2022-08-18T11:34:59.000Z,yes,aventus_-_central_asia,Aventus - Central Asia
ned6zj,PRODUCTION,2022-08-18T11:40:46.000Z,yes,aventus_-_central_asia,Aventus - Central Asia
kkt5xv,STAGING,2022-08-19T04:52:20.000Z,yes,hyperverge-minh,HyperVerge-Minh
eyo0ac,STAGING,2022-07-21T11:29:03.000Z,yes,internal_sa_ie_tharani,internal sa ie tharani
9kd67y,STAGING,2022-07-21T11:40:24.000Z,no,hyperverge_integrations_team,HyperVerge Integrations Team
b27f8d,STAGING,2022-07-21T13:16:12.000Z,yes,jify,Jify
zco47l,STAGING,2022-07-28T14:10:45.000Z,yes,sign-uptest,sign-upTest
04zo1f,STAGING,2022-07-29T06:34:51.000Z,yes,dolf_finance,Dolf finance
jqzrg3,STAGING,2022-07-29T07:41:53.000Z,yes,smartfren_-_indonesia,Smartfren - Indonesia
g6cv6p,PRODUCTION,2022-08-04T05:37:45.000Z,yes,nownow,NowNow
4conze,STAGING,2022-08-04T13:48:43.000Z,no,getaugie,GetAugie
w9wfym,STAGING,2022-08-09T07:26:32.000Z,yes,dfs_bank_plus,DFS Bank Plus
x6wrow,STAGING,2022-08-09T08:35:25.000Z,yes,mystox,Mystox
voblio,PRODUCTION,2022-08-09T08:37:56.000Z,yes,density_exchange,Density Exchange
3l409e,STAGING,2022-08-09T11:20:57.000Z,no,kvix,Kvix
c1dd7c,STAGING,2022-08-10T07:29:42.000Z,no,hd_bank,HD Bank
284a47,PRODUCTION,2022-08-10T07:56:13.000Z,yes,hd_bank,HD Bank
s11e61,STAGING,2022-08-10T10:01:29.000Z,yes,demo-uyen,demo-uyen
pfpbm3,STAGING,2022-08-10T10:21:16.000Z,no,stradcom_ph,Stradcom PH
q7rqxj,STAGING,2022-08-11T10:49:10.000Z,yes,driviotech,DrivioTech
353b6e,STAGING,2022-08-11T12:51:36.000Z,yes,indicina,Indicina
57t7k3,STAGING,2022-08-16T05:43:47.000Z,no,HV,HyperVerge
9olvi8,STAGING,2022-08-17T07:36:01.000Z,yes,dtci_ph,DTCI PH
d11661,PRODUCTION,2022-08-18T09:44:58.000Z,no,pice_one,pice one
qjdbqb,PRODUCTION,2022-08-18T17:15:38.000Z,yes,aventus_-_central_asia,Aventus - Central Asia
4c3592,STAGING,2022-08-23T05:12:05.000Z,yes,CRED00024,Credime
b18b3e,STAGING,2022-08-23T05:12:12.000Z,yes,SOFT00006,CashParty
b2d312,STAGING,2022-08-23T05:12:30.000Z,no,ZAVR00084,Zavron Finance
9a9f5a,STAGING,2022-08-23T05:12:32.000Z,yes,VIVA00107,Viva Republica Vietnam Ltd
fb465e,STAGING,2022-08-23T05:12:44.000Z,no,vastu_finance,Vastu Finance
94dd6e,PRODUCTION,2022-08-23T05:12:53.000Z,no,khata_book,Khatabook
544a70,STAGING,2022-08-23T05:13:01.000Z,yes,WHIZ00029,MoneyView
f7b4d1,STAGING,2022-08-23T05:13:10.000Z,yes,SOFT00111,Cash Party
8112d9,PRODUCTION,2022-08-23T05:13:18.000Z,no,thinh_phat,Thinh Phat
dc18f8,PRODUCTION,2022-08-23T05:13:39.000Z,no,iifl_gold_loans,IIFL Gold Loans
642b7a,PRODUCTION,2022-08-23T05:13:40.000Z,no,iifl_securities,IIFL Securities
a040c4,STAGING,2022-08-23T05:13:56.000Z,yes,NAVI00026,
841d7a,STAGING,2022-08-23T05:14:24.000Z,yes,zest_money,ZestMoney
c3d58a,STAGING,2022-08-23T05:14:35.000Z,yes,RAZO00051,
dbacb0,PRODUCTION,2022-08-23T05:14:36.000Z,no,razor_pay,RazorPay
d36436,PRODUCTION,2022-08-23T05:14:37.000Z,no,razor_pay,RazorPay
f3f544,STAGING,2022-08-23T05:14:54.000Z,yes,MWYN00041,
60d4fa,STAGING,2022-08-23T05:14:55.000Z,no,money_tap,MoneyTap
784471,STAGING,2022-08-23T05:14:56.000Z,no,money_tap,MoneyTap
2f6dca,PRODUCTION,2022-08-23T05:15:10.000Z,yes,9pay,9Pay
14743f,STAGING,2022-08-23T05:15:24.000Z,yes,BUEN00100,Bueno Finance
c67550,PRODUCTION,2022-08-23T05:15:32.000Z,yes,dunzo,Dunzo
45ac9b,PRODUCTION,2022-08-23T05:15:46.000Z,yes,iserve_u,iServeU
9d0823,PRODUCTION,2022-08-23T05:15:54.000Z,no,junglee_games,Junglee Games
16c239,STAGING,2022-08-23T05:16:39.000Z,yes,MONE00014,Moneed
24eff2,STAGING,2022-08-23T05:16:44.000Z,yes,ZANM00034,
5c5db3,STAGING,2022-08-23T05:16:45.000Z,no,wazirx,WazirX
f70919,STAGING,2022-08-23T05:17:09.000Z,no,swiggy,Swiggy
5d7ce9,STAGING,2022-08-23T05:17:21.000Z,no,kotak_life_insurance,Kotak Life insurance
b0d22d,STAGING,2022-08-23T05:17:21.000Z,no,kotak_life_insurance,Kotak Life insurance
f496cf,STAGING,2022-08-23T05:17:26.000Z,yes,HEZH00016,Golden Bag
a79ada,STAGING,2022-08-23T05:17:27.000Z,yes,HEZH00016,Golden Bag
550b89,STAGING,2022-08-23T05:17:27.000Z,yes,HEZH00016,Golden Bag
7400c2,PRODUCTION,2022-08-23T05:17:55.000Z,no,branch_india,Branch India
c59d65,PRODUCTION,2022-08-23T05:17:55.000Z,no,branch_nigeria,Branch Nigeria
a21ad9,PRODUCTION,2022-08-23T05:17:58.000Z,no,hero_fincorp,Hero Fincorp
111f7d,PRODUCTION,2022-08-23T05:18:05.000Z,no,ind_money,INDMoney
fc84b9,STAGING,2022-08-23T05:18:06.000Z,yes,FINZ00079,
ab1d27,STAGING,2022-08-23T05:18:07.000Z,yes,FINZ00079,
f9b76f,STAGING,2022-08-23T05:18:17.000Z,no,Karma_life,KarmaLife
3d0a27,PRODUCTION,2022-08-23T05:18:16.000Z,no,Karma_life,KarmaLife
d83595,STAGING,2022-08-23T05:18:42.000Z,yes,XIAO00002,MiCredit
37a2f9,PRODUCTION,2022-08-23T05:11:49.000Z,no,ltfs,LTFS
32c665,PRODUCTION,2022-08-23T05:12:02.000Z,no,goittus,Giottus
105ef9,STAGING,2022-08-23T05:12:45.000Z,yes,BUYH00007,BitBns
afa52e,STAGING,2022-08-23T05:12:46.000Z,yes,BUYH00007,BitBns
46f172,STAGING,2022-08-23T05:12:54.000Z,yes,IBLO00004,
324023,PRODUCTION,2022-08-23T05:12:54.000Z,no,buy_u_coin,BuyUCoin
924761,STAGING,2022-08-23T05:13:05.000Z,yes,GROW00087,Mydukaan
9a1ad9,STAGING,2022-08-23T05:13:10.000Z,yes,SOFT00111,Cash Party
7ece37,STAGING,2022-08-23T05:13:42.000Z,yes,IIFL00094,
ed6543,PRODUCTION,2022-08-23T05:13:50.000Z,no,Upstox,Upstox
c4c517,STAGING,2022-08-23T05:13:55.000Z,no,navi,Navi
657437,STAGING,2022-08-23T05:13:56.000Z,yes,NAVI00026,
b0bce9,STAGING,2022-08-23T05:14:24.000Z,yes,CAMD00009,
30bc50,STAGING,2022-08-23T05:14:24.000Z,yes,zest_money,ZestMoney
cddc3b,STAGING,2022-08-23T05:14:56.000Z,yes,MWYN00041,
89a49f,PRODUCTION,2022-08-23T05:15:08.000Z,no,9pay,9Pay
574062,STAGING,2022-08-23T05:15:41.000Z,yes,KOIN00080,Koinbazar
376412,PRODUCTION,2022-08-23T05:15:52.000Z,no,junglee_games,Junglee Games
a626db,STAGING,2022-08-23T05:16:03.000Z,yes,WALF00096,Walrus
6a7c8b,STAGING,2022-08-23T05:16:08.000Z,no,krazy_bee,KrazyBee
e04a0e,STAGING,2022-08-23T05:16:10.000Z,no,krazy_bee,KrazyBee
0d28df,STAGING,2022-08-23T05:16:12.000Z,yes,KRED00097,
204675,STAGING,2022-08-23T05:16:36.000Z,yes,BAJA00017,
5f684e,PRODUCTION,2022-08-23T05:16:37.000Z,yes,balic,BALIC
940813,STAGING,2022-08-23T05:16:37.000Z,yes,BAJA00017,
35bc53,STAGING,2022-08-23T05:17:02.000Z,yes,pine_labs,Pinelabs
a9f31b,STAGING,2022-08-23T05:17:09.000Z,no,swiggy,Swiggy
b8b038,STAGING,2022-08-23T05:17:15.000Z,yes,KUDO00092,Kudos Finance
4eacd2,STAGING,2022-08-23T05:17:24.000Z,yes,SMAR00110,SmartOSC Corporation
db10a7,STAGING,2022-08-23T05:17:29.000Z,yes,HEZH00016,Golden Bag
c6040a,STAGING,2022-08-23T05:17:29.000Z,yes,HEZH00016,Golden Bag
4c8581,STAGING,2022-08-23T05:17:57.000Z,no,hero_fincorp,Hero Fincorp
6f0b77,PRODUCTION,2022-08-23T05:17:57.000Z,no,hero_fincorp,Hero Fincorp
2e4d28,STAGING,2022-08-23T05:18:28.000Z,no,coin_switch,Coinswitch
cb890f,STAGING,2022-08-23T05:18:29.000Z,yes,BITC00040,
36798e,PRODUCTION,2022-08-23T05:18:50.000Z,no,my_shubh_life,MyShubhlife
ce8190,STAGING,2022-08-23T05:19:01.000Z,yes,kissht,Kissht
48cb0f,STAGING,2022-08-23T05:19:13.000Z,yes,ROTT00015,Rotterpay
753dxh,PRODUCTION,2022-08-23T08:22:26.000Z,yes,test,Test
izd3x1,STAGING,2022-08-24T07:14:09.000Z,yes,imod-info,imod-info
e81e43,PRODUCTION,2022-08-24T07:32:02.000Z,no,shadow_fax,ShadowFax
it0azy,PRODUCTION,2022-08-24T13:26:28.000Z,no,HV,HyperVerge
pvznd6,PRODUCTION,2022-08-24T13:29:12.000Z,no,HV,HyperVerge
e2b908,STAGING,2022-08-25T08:15:36.000Z,no,hsbc,HSBC
kl29o1,STAGING,2022-08-25T12:50:59.000Z,yes,mezesse,Mezesse
981941,STAGING,2022-08-26T12:01:01.000Z,no,uno_coin,UnoCoin
fd4rvf,STAGING,2022-08-29T08:17:54.000Z,yes,aerem,Aerem
q6d9nl,STAGING,2022-08-29T09:16:34.000Z,yes,aeremfinance,AeremFinance
lc2iju,STAGING,2022-09-02T05:58:56.000Z,yes,naveentest,NaveenTest
ah5y6s,STAGING,2022-09-02T06:01:05.000Z,no,hyperverge_business_team,HyperVerge Business Team
xtkw0g,STAGING,2022-09-05T12:35:55.000Z,yes,iservu,IServU
hns1n5,STAGING,2022-09-07T08:59:51.000Z,no,aspira,Aspira
tddqfh,STAGING,2022-09-12T04:02:09.000Z,no,hyperverge_integrations_team,HyperVerge Integrations Team
i4lhwf,STAGING,2022-09-12T06:46:39.000Z,no,onmeta,OnMeta
4f1a6e,STAGING,2022-09-12T13:35:00.000Z,yes,cashberry-vn,Cashberry-VN
i8zsao,STAGING,2022-09-14T10:25:15.000Z,yes,danafix_-_indonesia,Danafix - Indonesia
rl8i1x,PRODUCTION,2022-09-15T04:04:21.000Z,yes,hyperverge_business_team,HyperVerge Business Team
870f32,PRODUCTION,2022-09-16T06:50:26.000Z,no,refyne,Refyne
xub6q8,STAGING,2022-09-21T14:40:12.000Z,yes,desert_dog_products,Desert Dog Products
pdfruw,STAGING,2022-09-22T08:41:27.000Z,yes,prodtest1,ProdTest1
dp3gem,STAGING,2022-09-22T12:18:10.000Z,yes,drinkprime,DrinkPrime
635qgp,STAGING,2022-09-22T14:35:31.000Z,yes,at_test_2,at test 2
53vpnq,STAGING,2022-09-28T11:16:17.000Z,yes,vtiger-fec1,vtiger-FEC1
bc6d81,STAGING,2022-08-23T05:18:43.000Z,yes,XIAO00002,MiCredit
85489f,PRODUCTION,2022-08-23T05:18:55.000Z,no,furlenco,Furlenco
744a64,STAGING,2022-08-23T05:19:00.000Z,no,kissht,Kissht
n0hmix,STAGING,2022-08-23T10:28:34.000Z,yes,dextrousinfo,dextrousinfo
dmq94t,PRODUCTION,2022-08-23T17:26:33.000Z,yes,lipalater,LipaLater
ox2vnp,STAGING,2022-08-25T08:38:28.000Z,yes,covr-mitera,Covr-Mitera
7d944b,PRODUCTION,2022-08-26T12:00:50.000Z,no,uno_coin,UnoCoin
gld391,STAGING,2022-08-29T12:53:39.000Z,yes,bersama,Bersama
b2c5d7,PRODUCTION,2022-09-06T08:52:16.000Z,yes,hdbank,
4c7md8,PRODUCTION,2022-09-07T07:38:00.000Z,yes,be_group,Be Group
sculvy,STAGING,2022-09-08T06:04:01.000Z,no,hyperverge_integrations_team,HyperVerge Integrations Team
rjmww0,STAGING,2022-09-08T11:03:24.000Z,yes,true_credits,True Credits
4olaob,STAGING,2022-09-12T10:35:12.000Z,yes,testmurchana,testMurchana
eoxbd1,STAGING,2022-09-12T10:35:52.000Z,yes,testmurchana1,testMurchana1
shi99k,STAGING,2022-09-12T10:37:02.000Z,yes,capital_trust,Capital Trust
lo3td2,STAGING,2022-09-12T13:28:50.000Z,yes,cashberry-vn,Cashberry-VN
ccf836,STAGING,2022-09-13T04:24:55.000Z,no,infina_vietnam,Infina Vietnam
etqltw,STAGING,2022-09-13T08:41:16.000Z,yes,kitabeli_-_indonesia,Kitabeli - Indonesia
907kxo,STAGING,2022-09-14T09:47:57.000Z,no,audit_portal_internal,Audit Portal Internal
j2nha9,STAGING,2022-09-14T11:28:31.000Z,no,unobank_ph,Unobank Ph
5wpj65,STAGING,2022-09-16T07:09:36.000Z,yes,teststandardworkflow2,testStandardWorkflow2
mdxyg0,STAGING,2022-09-16T10:05:36.000Z,no,hyperverge_integrations_team,HyperVerge Integrations Team
q7h23r,STAGING,2022-09-16T11:40:47.000Z,yes,aladdin_bank,Aladdin Bank
27bd7n,PRODUCTION,2022-09-16T11:41:29.000Z,yes,aladdin_bank,Aladdin Bank
k0tkft,STAGING,2022-09-16T12:52:33.000Z,yes,vishad_thusu,Vishad Thusu
qnjovc,STAGING,2022-09-18T18:53:28.000Z,yes,piyush_hyperverge_demo,Piyush HyperVerge Demo
ndnjx5,PRODUCTION,2022-09-19T06:35:26.000Z,yes,juspay,JusPay
ngo0ke,STAGING,2022-09-20T05:08:45.000Z,yes,rcbc_ph,RCBC Ph
c6h3pf,STAGING,2022-09-21T17:33:00.000Z,no,HV,HyperVerge
2184a8,STAGING,2022-09-21T18:55:12.000Z,no,branch_kenya,Branch Kenya
926ijb,STAGING,2022-09-22T06:23:09.000Z,yes,vandana,Vandana
n5auhn,STAGING,2022-09-22T10:09:29.000Z,yes,cryptology,Cryptology
xltlb3,STAGING,2022-09-24T05:22:30.000Z,yes,pswitch_new,Pswitch New
2z3ejv,STAGING,2022-09-26T12:26:43.000Z,yes,riohealth,RioHealth
pgw6m6,STAGING,2022-09-28T08:28:36.000Z,yes,envest,Envest
laylp2,STAGING,2022-09-28T11:15:04.000Z,yes,vtiger-fec,vtiger-FEC
kkfbyk,STAGING,2022-10-05T11:54:50.000Z,yes,dspim,DSPIM
a89369,STAGING,2022-10-11T03:34:19.000Z,yes,be_group,Be Group
e4347f,STAGING,2022-10-11T14:50:56.000Z,yes,rapido,Rapido
88rdas,PRODUCTION,2022-10-19T10:20:52.000Z,yes,covr-mitera,Covr-Mitera
qw9rjg,STAGING,2022-10-21T09:30:58.000Z,no,aditya_birla_health_insurance,Aditya Birla Health Insurance
gt6pgs,STAGING,2022-10-26T12:36:54.000Z,yes,dfix,DFIX
gavtwx,STAGING,2022-10-26T15:18:11.000Z,yes,grab_singapore,Grab singapore
b79d5f,STAGING,2022-10-27T06:37:36.000Z,no,fe_credit,FE Credit
1c0179,STAGING,2022-10-27T10:12:36.000Z,yes,hyperverge_support_team,HyperVerge Support Team
ytm4h5,STAGING,2022-10-27T10:18:09.000Z,yes,codezen,CodeZen
2b9fx0,PRODUCTION,2022-10-27T10:27:34.000Z,no,codezen,CodeZen
timvw2,STAGING,2022-10-27T12:39:26.000Z,yes,mihuru,Mihuru
979fc8,STAGING,2022-10-28T09:10:02.000Z,yes,movi_vietnam,Movi Vietnam
rvuhey,STAGING,2022-10-28T10:43:17.000Z,yes,religare_broking,Religare Broking
ta32t6,STAGING,2022-11-01T12:01:44.000Z,yes,good,Good
8emllb,STAGING,2022-11-02T05:03:17.000Z,yes,hari-test-creds,Hari-Test-Creds
ec2085,STAGING,2022-11-03T08:29:03.000Z,yes,black_copper,BlackCopper
ea8dab,PRODUCTION,2022-11-03T08:30:14.000Z,no,black_copper,BlackCopper
8f1snh,STAGING,2022-11-05T10:32:31.000Z,yes,workflows_demo,workflows demo
2nw82p,STAGING,2022-11-07T08:54:07.000Z,yes,kyanda_kenya,Kyanda Kenya
if1mzk,STAGING,2022-09-28T12:07:33.000Z,yes,fec_vtiger_v2,FEC VTiger V2
lgiu2u,STAGING,2022-09-28T13:00:32.000Z,yes,test-nigeria-workflow,test-nigeria-workflow
id64ee,STAGING,2022-09-28T15:29:56.000Z,yes,creditville_nigeria,CreditVille Nigeria
69aij7,STAGING,2022-09-30T01:42:05.000Z,yes,vtiger_fec,VTiger FEC 
40skk6,STAGING,2022-09-30T09:25:59.000Z,yes,procial_network,Procial Network
qan7cq,STAGING,2022-09-30T14:58:11.000Z,yes,dl-testing-india,dl-testing-india
2104ps,STAGING,2022-10-05T08:57:11.000Z,yes,paybingo,PayBingo
1g3vg9,STAGING,2022-10-07T16:05:59.000Z,no,india_sales,India Sales
zrvm34,STAGING,2022-10-12T10:43:17.000Z,yes,hv-prod-test2,HV-Prod-test2
x9xp0o,STAGING,2022-10-12T12:13:51.000Z,yes,taskmo,Taskmo
0eoofv,STAGING,2022-10-13T05:54:25.000Z,yes,digit,Digit
kkec2y,STAGING,2022-10-13T09:03:57.000Z,yes,marcopay_ph,Marcopay PH
ab16rg,STAGING,2022-10-15T07:31:54.000Z,yes,rablo,Rablo
zideqw,STAGING,2022-10-17T06:51:15.000Z,yes,trb_ph,TRB Ph
hp8it0,PRODUCTION,2022-10-17T10:42:08.000Z,yes,oneupi,OneUPI
jx0eda,STAGING,2022-10-20T10:18:25.000Z,yes,rrr_co,RRR Co
qvh1m3,STAGING,2022-10-21T05:56:44.000Z,yes,ufogamesindia,Ufogamesindia
ugbd3s,STAGING,2022-11-01T08:56:41.000Z,yes,synodus_vietnam,Synodus Vietnam
q9xmny,PRODUCTION,2022-11-01T12:22:46.000Z,yes,mars_capital,Mars Capital
d3ltlo,STAGING,2022-11-02T08:08:36.000Z,yes,synapse,Synapse
4a1436,STAGING,2022-11-04T10:11:46.000Z,no,gradatim,Gradatim
6v2k2g,STAGING,2022-11-07T06:37:09.000Z,yes,pj_lhuillier_ph,PJ Lhuillier PH
ec3l7o,STAGING,2022-11-07T12:26:00.000Z,yes,liberty_general_insurance,Liberty General Insurance
jpoaih,STAGING,2022-11-07T12:27:21.000Z,no,equirus_wealth,Equirus Wealth
6248b9,PRODUCTION,2022-11-08T14:09:14.000Z,yes,balle_baazi,BalleBaazi
y1uajm,STAGING,2022-11-09T11:38:26.000Z,yes,koo,Koo
ipagg4,PRODUCTION,2022-11-11T08:38:16.000Z,no,true_credits,True Credits
s6hz8z,STAGING,2022-11-14T06:07:25.000Z,yes,nolo_money,Nolo Money
aozvcc,STAGING,2022-11-14T09:42:10.000Z,no,bigbasket,Bigbasket
t07c3w,PRODUCTION,2022-11-15T06:14:58.000Z,yes,topjuan,TopJuan
ldzfzo,STAGING,2022-11-15T07:58:55.000Z,no,acko_general_insurance,Acko General Insurance
ad9ucp,STAGING,2022-11-15T08:18:27.000Z,no,baba_lease,Baba Lease
xtt8jm,STAGING,2022-11-15T09:59:49.000Z,yes,knoct,Knoct
ryjl9u,STAGING,2022-11-15T10:06:32.000Z,no,clocr,Clocr
jfb9dm,PRODUCTION,2022-11-15T14:19:47.000Z,yes,rapido,Rapido
acdfz0,STAGING,2022-11-16T04:01:47.000Z,yes,equal,equal
24567a,STAGING,2022-11-16T05:17:10.000Z,no,load_share,LoadShare
2xf5ei,STAGING,2022-11-16T06:55:35.000Z,yes,testclientm,testClientm
liztu9,STAGING,2022-11-16T06:59:32.000Z,yes,testtest1994,testtest1994
sdh4e3,STAGING,2022-11-16T07:02:43.000Z,yes,testclientiusa,testClientiusa
5ep2u9,STAGING,2022-11-16T09:00:49.000Z,no,new_india_assurance,New India Assurance
61diqj,STAGING,2022-11-16T12:20:03.000Z,yes,manoj_test,Manoj Test
1nkupv,STAGING,2022-11-16T12:21:40.000Z,yes,rapipay,Rapipay
5g991e,STAGING,2022-11-16T12:24:12.000Z,yes,rapipay_financial_services, RapiPay Financial Services 
6k4i25,STAGING,2022-11-16T12:26:01.000Z,yes,rapipay_financial,RapiPay Financial
h443h1,PRODUCTION,2022-11-16T12:36:10.000Z,no,fhl_ph,FHL PH
e14779,PRODUCTION,2022-11-17T02:12:44.000Z,no,ltfs,LTFS
ur0zwp,STAGING,2022-11-17T05:11:41.000Z,no,hyperverge_business_team,HyperVerge Business Team
ty0bmx,STAGING,2022-11-17T06:47:14.000Z,no,marrowmed,Marrowmed
50j7jx,STAGING,2022-11-17T07:06:22.000Z,no,chola_ms_general_insurance,Chola MS General Insurance
19bbed,STAGING,2022-11-17T12:24:16.000Z,no,myafterlife,MyAfterlife
qwgqxg,STAGING,2022-11-17T12:51:35.000Z,yes,qpay,QPay
emocxe,PRODUCTION,2022-11-17T12:54:58.000Z,yes,qpay,QPay
v6aoyl,STAGING,2022-11-17T13:00:11.000Z,no,queepay,Queepay
lho3zq,STAGING,2022-11-17T13:02:28.000Z,no,queepay_ltd,Queepay Ltd
fw6lhx,STAGING,2022-11-17T14:43:41.000Z,no,hyperverge_integrations_team,HyperVerge Integrations Team
h2mmk3,STAGING,2022-11-18T05:22:14.000Z,yes,neev_finance,Neev Finance
hxjd1o,STAGING,2022-11-18T06:41:37.000Z,yes,rupeezen,Rupeezen
1saest,STAGING,2022-11-18T09:51:14.000Z,yes,vishad_test,VISHAD TEST
k0gyef,STAGING,2022-11-18T09:51:46.000Z,yes,evm_wheels,EVM Wheels
8a9888,STAGING,2022-11-18T11:41:48.000Z,no,sbi_cards,SBI Cards
lj39el,STAGING,2022-11-18T12:49:00.000Z,yes,instaspaces,Instaspaces
9ajr6q,STAGING,2022-11-21T10:48:17.000Z,no,rocketpay,RocketPay
sqxjo0,STAGING,2022-11-21T12:18:54.000Z,yes,sabyasachi-demo,Sabyasachi-Demo
2a01dc,PRODUCTION,2022-11-21T13:15:09.000Z,no,fair_money_nigeria,FairMoney - Nigeria
9g7v3j,PRODUCTION,2022-11-22T05:44:00.000Z,yes,sebastian_demo,Sebastian Demo
a4r4eh,STAGING,2022-11-22T11:57:17.000Z,yes,olearno,Olearno
32bad5,STAGING,2022-11-22T12:45:12.000Z,no,piramal,Piramal
vpretk,STAGING,2022-11-22T13:25:29.000Z,yes,dhanashree-se,Dhanashree-SE
tzuca3,STAGING,2022-11-22T13:29:15.000Z,yes,navien-hyperverge,Navien-HyperVerge
31rk3q,STAGING,2022-11-22T13:30:30.000Z,yes,sabya-hyperverge,Sabya-HyperVerge
zsu0oo,STAGING,2022-11-23T08:52:55.000Z,yes,abhi-ie,ABHI-IE
yq6sk1,STAGING,2022-11-23T15:03:40.000Z,yes,ashutoshtest,AshutoshTest
ellxbz,STAGING,2022-11-23T17:49:32.000Z,no,hyperverge_integrations_team,HyperVerge Integrations Team
mjoegn,STAGING,2022-11-23T17:50:07.000Z,yes,qeala,Qeala
emzjx7,STAGING,2022-11-23T19:44:01.000Z,yes,kross_games,Kross Games
ol2zmt,STAGING,2022-11-24T08:41:09.000Z,no,hyperverge_product_team,HyperVerge Product Team
jjzyq5,STAGING,2022-11-24T11:07:32.000Z,yes,fecdaniel,FECDaniel
bdc7ab,STAGING,2022-11-24T11:15:24.000Z,no,fe_credit,FE Credit
9ibtcq,STAGING,2022-11-24T11:55:54.000Z,yes,tata-aig,
co0m59,STAGING,2022-11-25T07:46:57.000Z,no,universal_sompo,UniversalSompo
o3n9if,STAGING,2022-11-25T10:06:07.000Z,yes,covr_security,COVR Security
ixdz2a,STAGING,2022-11-25T10:51:46.000Z,yes,beamo,Beamo
9y7uev,STAGING,2022-11-25T11:06:12.000Z,yes,tavaga,Tavaga
6b2e0y,STAGING,2022-11-28T06:29:22.000Z,yes,passion_gaming,Passion Gaming
fkdjk9,PRODUCTION,2022-11-29T03:42:18.000Z,no,pdax,PDAX
bi5cu0,STAGING,2022-11-29T10:38:37.000Z,yes,indiagg,IndiaGG
f258be,PRODUCTION,2022-11-29T10:58:58.000Z,no,swiggy,Swiggy
7ku5pt,STAGING,2022-11-30T05:18:29.000Z,yes,adani_digital,Adani Digital
deexcy,STAGING,2022-11-30T07:43:49.000Z,yes,peppermoney,PepperMoney
oji87f,PRODUCTION,2022-11-30T08:51:10.000Z,yes,dolf_finance,Dolf finance
294b66,PRODUCTION,2022-11-30T13:52:39.000Z,yes,trip_money,TripMoney
5fdbd4,STAGING,2022-11-30T13:58:24.000Z,yes,trip_money,TripMoney
yrcg7g,STAGING,2022-11-30T18:28:48.000Z,no,zepto,Zepto
ia96ds,STAGING,2022-12-01T06:41:48.000Z,yes,gaboli,Gaboli
8asfux,PRODUCTION,2022-12-01T07:40:36.000Z,yes,ubank,UBank
32d522,STAGING,2022-12-01T08:08:44.000Z,yes,doosra,Doosra
qaz85r,STAGING,2022-12-01T08:14:30.000Z,yes,formax,Formax
mgnue1,STAGING,2022-12-01T10:13:19.000Z,yes,koinworks,Koinworks
sp2ytn,PRODUCTION,2022-12-01T12:17:17.000Z,no,universal_sompo,UniversalSompo
bstl22,STAGING,2022-12-02T05:44:42.000Z,yes,cmots,CMOTS
d0pe6x,STAGING,2022-12-02T05:58:32.000Z,yes,choice_international_ltd,Choice International Ltd
3c00es,STAGING,2022-12-02T12:06:18.000Z,yes,shipsy,Shipsy
tp22db,STAGING,2022-12-05T06:49:45.000Z,yes,sairanjan_hv,Sairanjan HV
x6fp9q,STAGING,2022-12-05T10:05:34.000Z,yes,onmeta-test,Onmeta-test
ab68ac,STAGING,2022-12-05T10:07:04.000Z,no,onmeta,OnMeta
3uzoyy,STAGING,2022-12-05T12:58:30.000Z,yes,kross_komics,Kross Komics
47ixpa,STAGING,2022-12-05T12:59:52.000Z,yes,krosskomics,KrossKomics
g5ucj2,STAGING,2022-12-06T07:00:22.000Z,yes,spiritzone,Spiritzone
vzl8od,STAGING,2022-12-06T07:24:12.000Z,yes,crescent_net,Crescent net
8nnm92,STAGING,2022-12-06T11:40:52.000Z,yes,valr_india,Valr - India
kn6nd6,STAGING,2022-12-06T11:42:06.000Z,yes,appdiscover,AppDiscover
o1psk2,STAGING,2022-12-06T12:01:09.000Z,yes,uidaidemo,uidaiDemo
o746vd,STAGING,2022-12-06T12:28:52.000Z,no,captl,Captl
e8qdah,STAGING,2022-12-07T05:52:10.000Z,yes,baink,Baink
l2jwi5,STAGING,2022-12-07T06:29:03.000Z,yes,hyperverge_engineering_team,HyperVerge Engineering Team
ozm6kh,STAGING,2022-12-07T09:26:05.000Z,yes,hyperverge_engineering_team,HyperVerge Engineering Team
xse50x,STAGING,2022-12-07T09:49:20.000Z,yes,archit_bhandari,Archit Bhandari
pu2qiq,STAGING,2022-12-07T15:24:06.000Z,yes,geo_comply,Geo Comply
3p2iy0,STAGING,2022-12-07T15:30:15.000Z,yes,geocomply1,GeoComply1
evflpf,STAGING,2022-12-08T02:31:41.000Z,no,onus_vietnam,Onus Vietnam
icstq1,STAGING,2022-12-09T15:48:19.000Z,yes,spandana_sphoorty,Spandana Sphoorty
8be882,STAGING,2022-12-12T08:17:58.000Z,no,new_india_assurance,New India Assurance
bw60ce,STAGING,2022-12-13T06:05:12.000Z,no,care_insurance,Care Insurance
bit8u4,STAGING,2022-12-13T11:04:11.000Z,yes,magik_labs,Magik Labs
blozbq,PRODUCTION,2022-12-14T06:53:41.000Z,no,united_india_insurance,United India Insurance
icgpa4,STAGING,2022-12-14T10:00:21.000Z,yes,ab_swipe,AB Swipe
oj400u,STAGING,2022-12-14T12:17:58.000Z,yes,verifacts,Verifacts
94fbc8,STAGING,2022-12-15T05:54:50.000Z,no,cred,CRED
9ef7fv,PRODUCTION,2022-12-15T11:02:34.000Z,yes,spiritzone,Spiritzone
5xp0ko,STAGING,2022-12-15T11:06:28.000Z,yes,kartik_hv_internal,Kartik HV internal
0iax1v,STAGING,2022-12-15T11:07:10.000Z,yes,kartik_hv_internal_new,Kartik HV internal new
rp9ogz,STAGING,2022-12-15T19:09:29.000Z,no,icici_bank,ICICI Bank
yro9py,PRODUCTION,2022-12-16T02:26:35.000Z,no,universal_sompo,UniversalSompo
qx1zym,STAGING,2022-12-16T06:09:46.000Z,yes,ubank,UBank
2662tc,PRODUCTION,2022-12-16T14:01:28.000Z,no,acko_general_insurance,Acko General Insurance
q8lf5r,STAGING,2022-12-19T07:39:57.000Z,yes,virtuoso,Virtuoso
30yb5r,STAGING,2022-12-19T12:08:47.000Z,yes,umba_-_nigeria,Umba - Nigeria
ke19zg,STAGING,2022-12-20T05:16:14.000Z,no,hyperverge_business_team,HyperVerge Business Team
muwvbt,STAGING,2022-12-20T11:43:56.000Z,no,jupiter,Jupiter
92slvp,STAGING,2022-12-21T07:24:58.000Z,yes,bowled,Bowled
8fw1x5,STAGING,2022-12-21T10:12:50.000Z,yes,remitano,Remitano
c8uty9,STAGING,2022-12-21T11:08:34.000Z,yes,nolomoneyduplicate,NoloMoneyDuplicate
2s6l16,STAGING,2022-12-21T11:09:19.000Z,yes,duplicate_test_nolo_money,Duplicate test Nolo Money
79equu,STAGING,2022-12-21T17:07:39.000Z,yes,archit,archit
hkzn24,STAGING,2022-12-21T17:09:19.000Z,yes,arb,arb
1b1mql,STAGING,2022-12-21T17:10:56.000Z,yes,arb27,arb27
kf961z,PRODUCTION,2022-12-22T04:47:40.000Z,yes,bank,UBank
4u8y31,STAGING,2022-12-22T06:04:05.000Z,yes,dito_ph,dito ph
fm818l,PRODUCTION,2022-12-22T09:05:56.000Z,yes,united_india_insurance,United India Insurance
6xh170,STAGING,2022-12-22T09:37:28.000Z,yes,vips_finstock,VIPS Finstock
m2zcjx,STAGING,2022-12-22T13:15:52.000Z,yes,ola_uk_aus,Ola UK Aus 
28hn90,STAGING,2022-12-22T13:18:54.000Z,yes,ola_cabs_uk_australia,Ola Cabs UK Australia
hxfd9c,STAGING,2022-12-22T17:08:23.000Z,yes,umba_nigeria,Umba Nigeria
aejd68,STAGING,2022-12-23T05:37:06.000Z,yes,stable_money,Stable Money
zyhr3o,STAGING,2022-12-26T05:30:50.000Z,yes,probo,Probo
xc3vwf,STAGING,2022-12-26T05:31:25.000Z,yes,probo_media_technologies,Probo Media Technologies
1imzyk,STAGING,2022-12-26T05:32:25.000Z,yes,probo_media,Probo Media
4ud08x,STAGING,2022-12-27T06:55:49.000Z,yes,vridhi_finserv,Vridhi Finserv
q7tzwj,STAGING,2022-12-27T09:34:58.000Z,no,india_shelter,India Shelter
vyy4tw,STAGING,2022-12-27T10:19:24.000Z,yes,salaryday,SalaryDay
w6q7jh,STAGING,2022-12-27T10:19:51.000Z,yes,salaryday_services,SalaryDay Services
kr60mv,STAGING,2022-12-28T07:56:00.000Z,yes,satin,Satin
ezs12s,PRODUCTION,2022-12-28T13:39:06.000Z,no,aditya_birla_health_insurance,Aditya Birla Health Insurance
nw4ey4,STAGING,2022-12-28T13:47:01.000Z,yes,jodopay,Jodopay
0sxpv0,STAGING,2022-12-28T14:48:09.000Z,yes,epifi,Epifi
2v25ym,PRODUCTION,2022-12-28T15:54:27.000Z,no,royal_sundaram,Royal Sundaram
b8y4vl,PRODUCTION,2022-12-29T14:10:22.000Z,no,new_india_assurance,New India Assurance
drbrcq,PRODUCTION,2022-12-29T14:10:48.000Z,no,new_india_assurance,New India Assurance
0uwglx,PRODUCTION,2022-12-29T20:33:17.000Z,no,manipal_cigna,Manipal CIGNA
rsdk2g,STAGING,2022-12-30T04:40:14.000Z,yes,elephant_insurance,Elephant Insurance
fx9sxj,STAGING,2022-12-30T05:44:07.000Z,no,united_india_insurance,United India Insurance
5r15cl,STAGING,2022-12-30T06:06:33.000Z,no,united_india_insurance,United India Insurance
nccshg,PRODUCTION,2022-12-30T08:22:45.000Z,no,tata_aig,Tata AIG
6ekv7b,PRODUCTION,2022-12-30T11:46:29.000Z,no,chola_ms_general_insurance,Chola MS General Insurance
dz1lml,STAGING,2022-12-30T12:54:44.000Z,yes,rang_de,Rang de
wr0tnh,STAGING,2022-12-30T14:09:59.000Z,yes,watchyourhealth,watchyourhealth
zwqsxn,STAGING,2022-12-31T07:59:25.000Z,yes,policybazaar,PolicyBazaar
sx9i33,STAGING,2022-12-31T08:00:57.000Z,yes,policybazaartest,PolicyBazaarTest
9dfsbh,PRODUCTION,2022-12-31T10:32:05.000Z,yes,roh_internal,Roh Internal
9vb07s,STAGING,2023-01-02T07:58:33.000Z,no,baba_lease,Baba Lease
zikhkt,STAGING,2023-01-03T03:51:18.000Z,yes,abhi_offline,ABHI Offline
inqzic,PRODUCTION,2023-01-03T04:13:55.000Z,yes,abhi_offline,ABHI Offline
rbac0o,STAGING,2023-01-03T11:07:12.000Z,yes,sarvagram,Sarvagram
t1rw6o,STAGING,2023-01-03T17:46:28.000Z,yes,broker1,Broker 1
q045e4,STAGING,2023-01-03T17:47:12.000Z,yes,broker1,Broker 1
xe30fi,STAGING,2023-01-03T17:48:16.000Z,yes,webAggregator1,Web Aggregator 1
11qzju,STAGING,2023-01-03T17:48:28.000Z,yes,webAggregator1,Web Aggregator 1
46947b,STAGING,2023-01-04T07:53:36.000Z,yes,starhealth,STARHEALTH
22jike,PRODUCTION,2023-01-04T08:33:02.000Z,no,queepay_ltd,Queepay Ltd
eq619i,STAGING,2023-01-04T12:31:14.000Z,no,niva_bupa,Niva Bupa
bekigi,STAGING,2023-01-04T16:41:37.000Z,yes,navieninternal,navienInternal
yh41ok,STAGING,2023-01-04T16:43:39.000Z,yes,naviendemo,navienDemo
tl4ud5,PRODUCTION,2023-01-05T07:24:16.000Z,no,super_bank,SuperBank
rcvh32,STAGING,2023-01-05T08:20:45.000Z,yes,goittus,Giottus
tjbcjt,STAGING,2023-01-05T08:37:27.000Z,no,rentomojo,RentoMojo
d903d0,STAGING,2023-01-06T02:32:54.000Z,yes,PAYJ00123,9Pay
epmw2h,STAGING,2023-01-06T06:12:58.000Z,yes,delhivery,Delhivery
ltagpw,STAGING,2023-01-06T06:28:30.000Z,yes,nu10,NU10
7e7bid,STAGING,2023-01-06T08:20:01.000Z,yes,policybazaar-kyb-uiic,policyBazaar-kyb-uiic
ku7h0n,STAGING,2023-01-07T09:19:19.000Z,no,united_india_insurance,United India Insurance
fj8mh9,STAGING,2023-01-09T09:11:01.000Z,yes,oriental_general_insurance,Oriental General Insurance
a47623,STAGING,2023-01-09T10:37:37.000Z,yes,hatio,Hatio
ba27e4,PRODUCTION,2023-01-09T10:48:05.000Z,no,fair_money_nigeria,FairMoney - Nigeria
mz6plj,STAGING,2023-01-09T15:11:49.000Z,no,onecard,OneCard
3ipri5,STAGING,2023-01-09T15:34:45.000Z,no,united_india_insurance,United India Insurance
9ot5j0,STAGING,2023-01-10T03:10:08.000Z,yes,titan,Titan
usaz6e,STAGING,2023-01-10T03:13:21.000Z,yes,titan_company,Titan Company
0mwniw,STAGING,2023-01-10T06:29:17.000Z,yes,oriental_general_insurance,Oriental General Insurance
dl7dc1,PRODUCTION,2023-01-11T04:37:36.000Z,no,rocketpay,RocketPay
61f1eq,STAGING,2023-01-11T05:13:39.000Z,yes,cropbytes-testing,Cropbytes-testing
9jztdt,STAGING,2023-01-11T08:23:43.000Z,no,creditvidya-ocr,creditvidya-ocr
ynmhe6,STAGING,2023-01-11T11:21:08.000Z,yes,tao,Tao
w3ljtd,STAGING,2023-01-12T06:42:50.000Z,yes,bullsmart,Bullsmart
keqouw,STAGING,2023-01-12T07:15:16.000Z,no,gimo_vietnam,Gimo Vietnam
yfavw5,STAGING,2023-01-12T09:43:42.000Z,no,reliance_general_insurance,Reliance General Insurance
qwk3fe,PRODUCTION,2023-01-14T11:38:20.000Z,no,care_insurance,Care Insurance
z2yaws,STAGING,2023-01-16T07:37:40.000Z,yes,synetal,Synetal
b8a73c,STAGING,2023-01-16T11:10:20.000Z,no,go_digit,Go Digit
oj21m2,STAGING,2023-01-18T05:17:35.000Z,yes,tala,Tala
fhkqxf,PRODUCTION,2023-01-18T05:20:21.000Z,yes,envest,Envest
zoba67,STAGING,2023-01-18T10:18:06.000Z,yes,registration_wala,Registration Wala
gvudzw,STAGING,2023-01-18T10:29:51.000Z,yes,ccmb,CCMB
54e3fk,STAGING,2023-01-18T10:30:55.000Z,yes,mmcb,MMCB
m1nee4,STAGING,2023-01-18T10:47:37.000Z,no,spicemoney,Spicemoney
trq6y6,STAGING,2023-01-18T11:00:10.000Z,yes,swara_fincare,Swara Fincare
31oadd,STAGING,2023-01-18T11:09:45.000Z,yes,esettlement_nigeria,Esettlement Nigeria
xb9bqe,STAGING,2023-01-18T11:14:59.000Z,yes,esettlement_ng,Esettlement NG
u3bjb9,STAGING,2023-01-18T11:25:14.000Z,no,coindhan,Coindhan
5a13e7,PRODUCTION,2023-01-18T14:34:41.000Z,yes,fe_credit,FE Credit
jzife4,STAGING,2023-01-18T17:37:12.000Z,yes,mythical_games,Mythical Games
484i6u,PRODUCTION,2023-01-19T06:29:28.000Z,yes,nolo_money,Nolo Money
4d58c2,STAGING,2023-01-19T08:13:06.000Z,yes,niro_money,Niro Money
9619f0,PRODUCTION,2023-01-19T08:19:52.000Z,yes,niro_money,Niro Money
71blez,STAGING,2023-01-19T08:21:11.000Z,yes,ayu_health_india,Ayu Health India
ti1x6j,PRODUCTION,2023-01-19T10:57:19.000Z,no,go_digit,Go Digit
wd9c2j,STAGING,2023-01-19T11:54:19.000Z,yes,mightyp2p,MightyP2P
bb095e,PRODUCTION,2023-01-20T04:47:45.000Z,no,fe_credit,FE Credit
618b04,STAGING,2023-01-20T06:50:52.000Z,no,rainbow,Rainbow
vuq186,STAGING,2023-01-20T07:57:46.000Z,yes,sarthak_test,Sarthak Test
mptzvj,STAGING,2023-01-20T09:06:44.000Z,yes,tala,Tala
5gxs8c,STAGING,2023-01-20T09:47:34.000Z,yes,entwik_gaming,EntWik Gaming
xwcpvd,STAGING,2023-01-20T11:30:12.000Z,yes,white_eagle_nidhi,White Eagle Nidhi
j1ja7v,STAGING,2023-01-20T15:48:56.000Z,yes,aapc,AAPC
xzv6nm,PRODUCTION,2023-01-20T15:49:38.000Z,yes,connectiv3,connectiv3
h9qcf4,STAGING,2023-01-21T07:21:19.000Z,yes,gosuper11,GoSuper11
s8tdrl,STAGING,2023-01-23T07:20:30.000Z,no,delta_exchange,Delta Exchange
p8adwu,STAGING,2023-01-23T13:10:15.000Z,yes,nairagram,Nairagram
jcf1lg,STAGING,2023-01-23T13:32:32.000Z,no,royal_sundaram,Royal Sundaram
eg4j8q,STAGING,2023-01-24T05:42:47.000Z,yes,oriental_general_insurance,Oriental General Insurance
18fx3x,STAGING,2023-01-24T07:09:25.000Z,yes,deepak_indonesia,deepak Indonesia
2u7l8t,STAGING,2023-01-24T07:10:11.000Z,yes,deepak_indonesia_123,deepak Indonesia 123
4wrkvq,STAGING,2023-01-24T09:29:40.000Z,yes,kartik_test,Kartik Test
or58zs,STAGING,2023-01-24T09:58:51.000Z,yes,kriti_test,kriti test
psmgbu,STAGING,2023-01-24T10:03:36.000Z,yes,aryan_test,Aryan Test
iqwynk,STAGING,2023-01-24T11:05:58.000Z,yes,support-test,support-test
8crbai,STAGING,2023-01-24T12:04:34.000Z,no,hyperverge_support_team,HyperVerge Support Team
0ismsk,STAGING,2023-01-24T12:52:50.000Z,no,niaragram,Niaragram
tcie35,STAGING,2023-01-25T05:17:56.000Z,yes,aryan,Aryan
gpp37z,STAGING,2023-01-25T11:32:21.000Z,yes,paytm-cc,Paytm-CC
8k1ofp,STAGING,2023-01-25T11:33:27.000Z,yes,paytm-creditcard,Paytm-CreditCard
yrq0ct,STAGING,2023-01-25T12:24:44.000Z,yes,datject_india,Datject India
xyqsyr,STAGING,2023-01-27T05:12:37.000Z,yes,oriental_general_insurance,Oriental General Insurance
5e8um1,STAGING,2023-01-27T12:01:05.000Z,yes,dodgeball,Dodgeball
cqxcf3,STAGING,2023-01-27T12:01:53.000Z,yes,dodgeball1,Dodgeball1
qmu6l5,STAGING,2023-01-27T13:25:17.000Z,no,hyperverge_integrations_team,HyperVerge Integrations Team
94kyma,STAGING,2023-01-27T14:00:24.000Z,yes,nivedhase,NivedhaSE
kb2w5r,PRODUCTION,2023-01-30T06:46:39.000Z,no,jainam,Jainam
arleqw,PRODUCTION,2023-01-30T11:31:46.000Z,yes,synapse,Synapse
7s6e7a,PRODUCTION,2023-01-30T13:22:42.000Z,no,spicemoney,Spicemoney
zteqku,STAGING,2023-01-30T15:03:40.000Z,yes,esettlement_ng_adedayo,Esettlement NG Adedayo
2r80x5,STAGING,2023-01-31T06:27:20.000Z,yes,netambit,NetAmbit
dd36e0,STAGING,2023-01-31T08:53:08.000Z,no,fe_credit,FE Credit
1jb83w,STAGING,2023-01-31T12:14:13.000Z,yes,axiomio,AxiomIO
lp0gjg,STAGING,2023-02-01T07:06:23.000Z,yes,poonawallafincorp_ltd,poonawallafincorp ltd
4hpanc,STAGING,2023-02-01T09:41:50.000Z,yes,mahindra_housing_finance,Mahindra Housing Finance
lhxwz3,PRODUCTION,2023-02-01T10:15:51.000Z,no,onus_vietnam,Onus Vietnam
vpxvqh,STAGING,2023-02-01T11:05:35.000Z,yes,moladin_indonesia,Moladin Indonesia
uliu15,STAGING,2023-02-02T03:58:48.000Z,yes,phonepe,Phonepe
cxhhvj,STAGING,2023-02-02T04:00:44.000Z,yes,phonepe_lending,Phonepe Lending
c21529,PRODUCTION,2023-02-02T05:40:41.000Z,yes,altys,ALTYS
pfabfe,STAGING,2023-02-02T11:21:45.000Z,yes,byaj_book,Byaj Book
a2ghnv,PRODUCTION,2023-02-02T12:11:50.000Z,yes,gosuper11,GoSuper11
k0mvnv,STAGING,2023-02-02T12:43:33.000Z,yes,internal-ie-animesh,Internal-IE-Animesh
x0m36y,STAGING,2023-02-02T12:47:04.000Z,yes,internal-ie-abilash,Internal-IE-Abilash
yzgtdu,STAGING,2023-02-02T13:26:42.000Z,yes,playerzpot,PlayerzPot
j8rdrd,PRODUCTION,2023-02-03T07:18:47.000Z,no,appdiscover,AppDiscover
j43g6j,STAGING,2023-02-03T07:32:36.000Z,yes,jify,Jify
eyxgiy,STAGING,2023-02-03T07:35:33.000Z,no,jify,Jify
fnq453,PRODUCTION,2023-02-03T09:47:20.000Z,no,remitano,Remitano
66843k,STAGING,2023-02-03T10:54:58.000Z,no,sfin_vietnam,SFIN Vietnam
8kddkp,PRODUCTION,2023-02-03T12:51:00.000Z,yes,nu10,NU10
mvevlm,STAGING,2023-02-06T07:10:22.000Z,yes,kitabeli_idn,Kitabeli IDN
og482o,STAGING,2023-02-06T09:27:34.000Z,yes,icici_prudential,ICICI Prudential
20uacc,STAGING,2023-02-06T15:05:54.000Z,yes,hero_motocorp,Hero Motocorp
188f1d,PRODUCTION,2023-02-07T06:29:09.000Z,yes,asim_vietnam,Asim Vietnam
198e8a,STAGING,2023-02-07T06:37:23.000Z,yes,asim_vietnam,Asim Vietnam
v9rb5g,STAGING,2023-02-07T08:18:57.000Z,no,hyperverge_engineering_team,HyperVerge Engineering Team
x3ppw4,STAGING,2023-02-07T15:07:35.000Z,yes,oriental_general_insurance,Oriental General Insurance
bq7kbb,STAGING,2023-02-07T15:25:08.000Z,yes,oriental_general_insurance,Oriental General Insurance
or62vc,STAGING,2023-02-07T15:28:56.000Z,yes,oriental_general_insurance,Oriental General Insurance
gctzj9,STAGING,2023-02-07T15:30:40.000Z,no,aditya_birla_health_insurance,Aditya Birla Health Insurance
g1ypf7,STAGING,2023-02-07T15:33:22.000Z,yes,oriental_general_insurance,Oriental General Insurance
73afzw,STAGING,2023-02-07T15:34:12.000Z,yes,oriental_general_insurance,Oriental General Insurance
fs2zw9,STAGING,2023-02-07T15:36:29.000Z,yes,oriental_general_insurance,Oriental General Insurance
199krm,STAGING,2023-02-07T15:43:19.000Z,yes,oriental_general_insurance,Oriental General Insurance
ppp7tx,STAGING,2023-02-07T15:44:08.000Z,yes,palm_insurance_oriental_shared_paytm_brokers,Oriental General Insurance - PayTM Brokers
hs7zcu,STAGING,2023-02-07T15:44:53.000Z,yes,oriental_general_insurance,Oriental General Insurance
99usxl,STAGING,2023-02-07T15:45:43.000Z,yes,oriental_general_insurance,Oriental General Insurance
ykpq6p,STAGING,2023-02-07T16:28:58.000Z,yes,oriental_general_insurance,Oriental General Insurance
frl6i2,STAGING,2023-02-07T18:17:59.000Z,yes,oriental_general_insurance,Oriental General Insurance
uvu29p,STAGING,2023-02-07T18:18:45.000Z,yes,oriental_general_insurance,Oriental General Insurance
t8qzjz,STAGING,2023-02-07T18:19:25.000Z,yes,oriental_general_insurance,Oriental General Insurance
gro4i1,STAGING,2023-02-07T18:20:05.000Z,yes,oriental_general_insurance,Oriental General Insurance
s2hviu,STAGING,2023-02-07T18:20:50.000Z,yes,oriental_general_insurance,Oriental General Insurance
baf91t,STAGING,2023-02-07T18:21:49.000Z,yes,oriental_general_insurance,Oriental General Insurance
xttiuf,STAGING,2023-02-07T18:22:33.000Z,yes,oriental_general_insurance,Oriental General Insurance
6ckjn8,STAGING,2023-02-07T18:23:17.000Z,yes,oriental_general_insurance,Oriental General Insurance
q7jnjc,STAGING,2023-02-07T18:23:57.000Z,yes,oriental_general_insurance,Oriental General Insurance
cfu7kw,STAGING,2023-02-07T18:24:48.000Z,yes,oriental_general_insurance,Oriental General Insurance
qndn0l,STAGING,2023-02-07T18:25:46.000Z,yes,oriental_general_insurance,Oriental General Insurance
d27m0b,STAGING,2023-02-07T18:26:50.000Z,yes,oriental_general_insurance,Oriental General Insurance
ursfps,STAGING,2023-02-08T08:16:26.000Z,yes,akudo,Akudo
mneibp,PRODUCTION,2023-02-08T08:23:17.000Z,no,hero_fincorp,Hero Fincorp
21nk1j,STAGING,2023-02-08T10:37:14.000Z,no,royal_sundaram,Royal Sundaram
mblwoa,STAGING,2023-02-08T15:14:23.000Z,yes,murchanatest,MurchanaTest
8pqqtn,STAGING,2023-02-08T15:15:03.000Z,yes,testbug,testbug
fj09iy,PRODUCTION,2023-02-08T18:39:53.000Z,yes,oriental_general_insurance,Oriental General Insurance
r4x6sz,PRODUCTION,2023-02-09T04:59:23.000Z,yes,oriental_general_insurance,Oriental General Insurance
0n69kz,PRODUCTION,2023-02-09T06:12:20.000Z,yes,testbug,testbug
zu9ux1,PRODUCTION,2023-02-09T06:46:06.000Z,yes,testbug,testbug
s7gm0b,PRODUCTION,2023-02-09T07:32:00.000Z,no,queepay,Queepay
4j2qh9,PRODUCTION,2023-02-09T08:15:42.000Z,yes,krosskomics,KrossKomics
mj87wg,STAGING,2023-02-09T10:16:09.000Z,yes,us_pod_internal,US POD Internal 
e6zpzv,STAGING,2023-02-09T10:55:43.000Z,yes,unext,UNext
1rha1z,STAGING,2023-02-09T13:12:04.000Z,no,idfc_first_bank,IDFC First Bank
asbmy1,STAGING,2023-02-10T10:15:08.000Z,yes,animesh-test,Animesh-test
nghpv0,STAGING,2023-02-11T01:01:50.000Z,no,gas_valet,Gas Valet
dga1z1,STAGING,2023-02-11T05:06:12.000Z,yes,duy_test,Duy Test
3xfo5b,STAGING,2023-02-11T05:06:37.000Z,yes,hyperverge_business_team,HyperVerge Business Team
uhxe7u,STAGING,2023-02-13T04:07:47.000Z,yes,indiafirst_life,IndiaFirst Life
r2uyds,STAGING,2023-02-13T05:28:44.000Z,no,hyperverge_integrations_team,HyperVerge Integrations Team
f3aa73,STAGING,2023-02-13T05:31:01.000Z,no,united_india_insurance,United India Insurance
cy3kgc,PRODUCTION,2023-02-13T05:33:38.000Z,yes,starhealth,STARHEALTH
c75bc8,STAGING,2023-02-13T05:43:03.000Z,no,hero_fincorp,Hero Fincorp
3cuunj,STAGING,2023-02-13T08:40:30.000Z,yes,tala,Tala
k5gr9n,STAGING,2023-02-13T09:57:34.000Z,yes,liberty_insurance,Liberty Insurance
2u6ql7,STAGING,2023-02-13T10:36:41.000Z,yes,wealthzi,Wealthzi
zgk846,STAGING,2023-02-13T19:12:52.000Z,no,stashfin,Stashfin
krxi6n,PRODUCTION,2023-02-14T17:16:45.000Z,yes,neev_finance,Neev Finance
ah6elo,STAGING,2023-02-15T07:50:58.000Z,no,xcm,XCM
19j77v,STAGING,2023-02-15T09:49:55.000Z,no,accretive_cleantech_finance,Accretive Cleantech Finance
0e241s,PRODUCTION,2023-02-16T09:09:53.000Z,yes,coin_switch,Coinswitch
9mvyxo,STAGING,2023-02-16T09:44:28.000Z,yes,veil_team,Veil Team
mhsewy,STAGING,2023-02-16T11:32:43.000Z,yes,chargebackzero,Chargebackzero
uiw17b,STAGING,2023-02-16T11:50:03.000Z,no,wintwealth,WintWealth
ocpf53,STAGING,2023-02-16T14:06:34.000Z,yes,turtlemint-uiic,Turtlemint-UIIC
srqikc,STAGING,2023-02-17T07:03:29.000Z,no,jai_kisan,Jai Kisan
mj7l23,STAGING,2023-02-17T09:22:36.000Z,yes,afriex_nigeria,Afriex Nigeria
6kn1nq,STAGING,2023-02-20T05:16:11.000Z,no,money_view,MoneyView
u4ixfp,PRODUCTION,2023-02-20T06:46:40.000Z,no,new_india_assurance,New India Assurance
b7ad9x,STAGING,2023-02-20T12:28:07.000Z,yes,univest,Univest
2f3l21,PRODUCTION,2023-02-20T12:59:30.000Z,no,stableinr,stableINR
wbaeo9,STAGING,2023-02-20T15:09:40.000Z,yes,kotak_life_insurance,Kotak Life insurance
y5yg1i,STAGING,2023-02-20T15:37:08.000Z,no,rentenpe,Rentenpe
44ace3,STAGING,2023-02-21T01:16:21.000Z,yes,upload_test,upload test
6fa8da,STAGING,2023-02-21T04:53:12.000Z,no,zebpay,ZebPay
9fw87z,STAGING,2023-02-21T07:36:57.000Z,no,united_india_insurance,United India Insurance
n38m35,STAGING,2023-02-21T07:42:27.000Z,yes,sbi_cap_securities,SBI Cap Securities
rm33e8,STAGING,2023-02-21T07:56:34.000Z,yes,brainmobi,BrainMobi
b9z11q,STAGING,2023-02-21T07:57:25.000Z,yes,brainmobi,BrainMobi
8u79ux,STAGING,2023-02-21T07:58:27.000Z,yes,brainmobi,BrainMobi
ljpuxl,STAGING,2023-02-21T08:18:30.000Z,yes,brainmobi,BrainMobi
kqfem7,STAGING,2023-02-21T10:32:43.000Z,yes,lam_nguyen_testing,Lam Nguyen Testing
kamooq,STAGING,2023-02-21T11:18:33.000Z,yes,finexus_inc,Finexus Inc
narb6t,STAGING,2023-02-21T13:26:04.000Z,yes,nishanthkyc,NishanthKYC
3ljh36,PRODUCTION,2023-02-21T15:43:54.000Z,no,gas_valet,Gas Valet
phegtu,STAGING,2023-02-22T04:13:41.000Z,no,kotak_securities,Kotak Securities
n2kb4f,STAGING,2023-02-22T05:48:23.000Z,yes,au_finance,AU Finance
j4hedh,STAGING,2023-02-22T15:36:36.000Z,yes,dotbank_-_nigeria,DotBank - Nigeria
wtrhg3,STAGING,2023-02-22T15:51:55.000Z,yes,dotbank,DotBank
r5okw0,STAGING,2023-02-22T16:49:12.000Z,yes,dotbankng,DotBankNG
nutcap,STAGING,2023-02-22T21:33:00.000Z,yes,adforensics,ADForensics
a5ye5x,STAGING,2023-02-22T21:36:37.000Z,yes,adforensicsng,ADForensicsNG
f24mhz,STAGING,2023-02-22T22:00:32.000Z,yes,aanddforensicsng,AandDForensicsNG
wluknq,STAGING,2023-02-23T07:25:47.000Z,no,lets_aspire,Letsaspire
xtitqa,STAGING,2023-02-23T07:46:47.000Z,yes,galaxypay,GalaxyPay
8hamag,STAGING,2023-02-23T08:21:10.000Z,yes,private_circle,Private Circle
hmvvtd,STAGING,2023-02-23T08:24:15.000Z,yes,starpay-ph,StarPay-PH
gna6mz,STAGING,2023-02-23T08:55:25.000Z,no,oona_philippines,Oona Philippines
2owh4o,STAGING,2023-02-23T11:28:39.000Z,no,hyperverge_integrations_team,HyperVerge Integrations Team
336381,PRODUCTION,2023-02-23T15:38:50.000Z,yes,rapido,Rapido
fqlvah,STAGING,2023-02-24T05:37:23.000Z,yes,turtlemint,Turtlemint
meqtak,STAGING,2023-02-24T14:30:18.000Z,no,edelweissgi,EdelweissGI
edjx34,PRODUCTION,2023-02-27T05:04:28.000Z,no,gimo_vietnam,Gimo Vietnam
8rlqbj,STAGING,2023-02-27T06:14:04.000Z,yes,zomato,Zomato
8kzuqp,STAGING,2023-02-27T09:42:08.000Z,yes,ramki_test,Ramki test
73j5xd,STAGING,2023-02-27T10:42:02.000Z,yes,sourceforte,SourceForte
igl5rn,PRODUCTION,2023-02-27T11:50:38.000Z,yes,priyansh_sinha,Priyansh Sinha
h6s2uk,STAGING,2023-03-01T08:13:47.000Z,yes,bajajfinserv,Bajaj Finserv
pwn03y,STAGING,2023-03-01T16:49:33.000Z,yes,snowfoll,Snowfoll
1ef22fff-570a-4e3e-90a9-ce9eb48f0bf3,STAGING,2023-03-02T10:11:06.000Z,no,fec,FEC
e7kote,STAGING,2023-03-02T12:00:29.000Z,yes,agrosperity,Agrosperity
ve29ia,STAGING,2023-03-02T12:44:54.000Z,yes,sbfc,SBFC
1q2lqu,STAGING,2023-03-02T13:11:08.000Z,no,mahindra_finance_ltd,Mahindra Finance Ltd
jk0oi5,STAGING,2023-03-03T10:53:51.000Z,yes,ethos,Ethos
ucmdcl,PRODUCTION,2023-03-03T15:01:28.000Z,yes,satin,Satin
8gca09,STAGING,2023-03-06T04:50:57.000Z,no,hyperverge_engineering_team,HyperVerge Engineering Team
j87cjs,STAGING,2023-03-06T13:44:09.000Z,yes,peakpayng,PeakPayNG
p6loow,PRODUCTION,2023-03-06T13:48:50.000Z,yes,peakpayng,PeakPayNG
sdbcax,PRODUCTION,2023-03-07T08:06:40.000Z,yes,oriental_general_insurance,Oriental General Insurance
liw2e3,PRODUCTION,2023-03-07T08:07:36.000Z,no,aditya_birla_health_insurance,Aditya Birla Health Insurance
trtcz8,STAGING,2023-03-07T11:32:48.000Z,no,HV,HyperVerge
b63802,STAGING,2023-03-08T06:58:49.000Z,yes,hyperverge_engineering_team,HyperVerge Engineering Team
766ptz,STAGING,2023-03-08T13:01:22.000Z,yes,trium_limited,Trium Limited
ux7t52,STAGING,2023-03-08T13:55:18.000Z,yes,peakpay100,Peakpay100
wmvek7,STAGING,2023-03-09T08:18:21.000Z,no,aventus_group_mexico,Aventus Group - Mexico
28c5ww,STAGING,2023-03-09T08:23:59.000Z,yes,evable_india,Evable India
uy1w78,STAGING,2023-03-09T09:17:52.000Z,no,capfront,Vaibhav Vyapaar
ylsf8k,PRODUCTION,2023-03-09T11:00:14.000Z,no,super_bank,SuperBank
pffzed,STAGING,2023-03-09T13:35:03.000Z,yes,hdfc_securities,HDFC Securities
jo2yug,STAGING,2023-03-09T14:01:46.000Z,no,hdfc_securities,HDFC Securities
d2c37f,PRODUCTION,2023-03-09T18:24:52.000Z,yes,getaugie1,GetAugie1
hl6zlz,STAGING,2023-03-10T04:56:07.000Z,no,shyftoff,ShyftOff
zzoko8,STAGING,2023-03-10T09:28:50.000Z,yes,sheru,Sheru
2bk67a,STAGING,2023-03-10T10:38:11.000Z,no,jupiter,Jupiter
e7pjax,STAGING,2023-03-13T04:23:00.000Z,yes,getshopse,getshopse
ytt9q0,STAGING,2023-03-13T12:13:34.000Z,no,urbanmatch,UrbanMatch
ec3702,STAGING,2023-03-14T05:44:19.000Z,no,gimo_vietnam,Gimo Vietnam
g8x4lo,STAGING,2023-03-14T11:54:09.000Z,yes,myteam11,myteam11
qiscgg,STAGING,2023-03-15T07:41:21.000Z,yes,arthafintech_poc,arthafintech POC
ooiy58,STAGING,2023-03-15T09:38:41.000Z,no,act_corp,Act Corp
w9xsav,STAGING,2023-03-15T10:18:52.000Z,yes,ensuredit,Ensuredit
2nec6s,STAGING,2023-03-15T10:22:41.000Z,yes,abibl_motor,ABIBL Motor
gjhqzg,STAGING,2023-03-15T11:17:44.000Z,yes,kenko,Kenko
t8ypog,PRODUCTION,2023-03-15T14:28:02.000Z,yes,krazy_bee,KrazyBee
8ftry8,STAGING,2023-03-15T15:49:37.000Z,yes,krazy_bee,KrazyBee
6d71ed,PRODUCTION,2023-03-15T16:40:16.000Z,no,mudrex,Mudrex
al60ea,STAGING,2023-03-16T07:33:23.000Z,yes,cashe,CASHe
dlg9sy,STAGING,2023-03-16T08:34:42.000Z,yes,axissecurities,axissecurities
jbbtyw,STAGING,2023-03-16T10:16:14.000Z,yes,wealthy,Wealthy
r3zfhn,STAGING,2023-03-16T11:58:53.000Z,yes,cashe_cred,Cashe Cred
9ulh45,STAGING,2023-03-16T12:47:44.000Z,yes,talocity,Talocity
nh6etb,STAGING,2023-03-17T06:04:31.000Z,yes,clientmurchana,ClientMurchana
j5rjtf,STAGING,2023-03-17T07:02:45.000Z,yes,gameskraft,Gameskraft
bhvled,STAGING,2023-03-17T09:44:38.000Z,yes,ippopay,Ippopay
f0nrjr,STAGING,2023-03-17T10:15:09.000Z,yes,testworkflowtestnewbug1994,TestWorkflowTestNewBug1994
6d91ou,STAGING,2023-03-17T10:47:34.000Z,yes,testworkflowbug1994,TestWorkflowBug1994
sdwu3y,STAGING,2023-03-17T11:09:03.000Z,yes,testworkflowsbug191994,TestWorkflowsBug191994
m1xpaa,STAGING,2023-03-17T11:18:32.000Z,yes,testworkflowsbug1919945,TestWorkflowsBug1919945
t33y2c,STAGING,2023-03-17T11:54:44.000Z,yes,secur,Secur
63ac9a,STAGING,2023-03-19T08:04:30.000Z,no,finx,FinX
cserzn,STAGING,2023-03-20T06:30:00.000Z,no,hdfc_life,HDFC Life Aidwell
9595hu,STAGING,2023-03-20T08:17:49.000Z,no,chola_finance,Chola Finance
qryuhw,STAGING,2023-03-20T13:47:41.000Z,yes,seracle,Seracle
i1yfnh,PRODUCTION,2023-03-20T14:42:46.000Z,no,baba_lease,Baba Lease
m67e7r,STAGING,2023-03-21T06:31:23.000Z,yes,renners_nigeria,Renners Nigeria
a980ge,STAGING,2023-03-21T07:55:24.000Z,yes,saas_pay,SaaS Pay
py3en2,STAGING,2023-03-21T10:31:20.000Z,yes,daffodil_software,Daffodil Software
uyejnj,STAGING,2023-03-21T10:53:57.000Z,no,paytm_first_games,PayTM First Games
f7cy81,STAGING,2023-03-21T16:36:58.000Z,yes,kwakol,Kwakol
1987c7,PRODUCTION,2023-03-21T18:12:09.000Z,no,sbi_cards,SBI Cards
61a46d,PRODUCTION,2023-03-22T03:30:51.000Z,yes,tala,Tala
6b5d76,STAGING,2023-03-22T07:04:01.000Z,yes,hive,Hive
kr4hto,STAGING,2023-03-22T07:05:41.000Z,yes,kstest,KSTest
x93uji,STAGING,2023-03-22T07:06:33.000Z,yes,krishnasaitest,KrishnaSaiTest
4mrydd,STAGING,2023-03-22T08:18:11.000Z,yes,linkedin,Linkedin
kdoc8j,STAGING,2023-03-22T10:48:37.000Z,no,zerodha,Zerodha
zbty6y,STAGING,2023-03-22T12:38:49.000Z,yes,olx,OLX
de4g5s,STAGING,2023-03-22T17:14:05.000Z,no,universal_sompo,UniversalSompo
ljhjea,PRODUCTION,2023-03-23T05:40:52.000Z,yes,oriental_general_insurance,Oriental General Insurance
udu67k,STAGING,2023-03-23T07:16:36.000Z,yes,bigbasket,Bigbasket
g9ihwz,STAGING,2023-03-23T07:51:20.000Z,yes,aic,AIC
15o4m0,PRODUCTION,2023-03-23T08:11:17.000Z,no,royal_sundaram,Royal Sundaram
lp1sa0,STAGING,2023-03-23T09:55:55.000Z,yes,rentop,Rentop
yskwx9,STAGING,2023-03-23T10:10:06.000Z,yes,witzeal,Witzeal
fx3btt,STAGING,2023-03-24T04:51:05.000Z,yes,vision_11,Vision 11
qf8kun,STAGING,2023-03-24T07:14:40.000Z,yes,easywego,EasyWego
yjvbaf,STAGING,2023-03-24T09:42:01.000Z,no,galaxy_pay,Galaxy Pay & Joy
te7riw,STAGING,2023-03-24T11:04:45.000Z,no,casperwealth,Casperwealth
zj919u,PRODUCTION,2023-03-24T15:25:24.000Z,no,gslab_kyc,GSLab KYC
gq3lw8,PRODUCTION,2023-03-27T05:43:19.000Z,no,jupiter,Jupiter
qdsnnw,STAGING,2023-03-27T10:17:27.000Z,yes,doublepass,Doublepass
nf92s4,STAGING,2023-03-27T13:21:58.000Z,yes,demohv,Demohv
3r5g64,STAGING,2023-03-28T05:55:58.000Z,yes,abilash,Abilash
ahhpnq,STAGING,2023-03-28T08:54:06.000Z,no,alice_blue_india,Alice Blue India
mkgy6u,PRODUCTION,2023-03-28T10:40:10.000Z,yes,oriental_general_insurance,Oriental General Insurance
0cx2tz,STAGING,2023-03-28T11:26:52.000Z,yes,aditya_testing,Aditya Testing
203bf3,PRODUCTION,2023-03-28T15:07:37.000Z,yes,LB34E23FD6,LB34E23FD6
r90wd7,STAGING,2023-03-29T07:14:33.000Z,no,vamo_phl,Vamo PHL
sinxau,STAGING,2023-03-29T07:18:21.000Z,yes,arogya_finance,Arogya Finance
4ubg0a,STAGING,2023-03-29T09:43:34.000Z,no,zepto,Zepto
7wvjp0,STAGING,2023-03-29T10:05:00.000Z,no,poonawallafincorp_ltd,poonawallafincorp ltd
4caoim,STAGING,2023-03-29T12:56:14.000Z,yes,aditya_birla_sun_life_insurance,Aditya Birla Sun Life Insurance
ilmp4x,STAGING,2023-03-29T18:23:45.000Z,yes,allen_digital,Allen Digital
zi9alz,STAGING,2023-03-30T06:16:59.000Z,yes,oriental_general_insurance,Oriental General Insurance
2pufo2,STAGING,2023-03-31T02:53:49.000Z,yes,x_chain_meta,X chain meta
tawczg,STAGING,2023-03-31T12:05:06.000Z,yes,x_chain_meta_global,x chain meta global
xrektr,STAGING,2023-04-03T09:55:02.000Z,yes,hsbc,HSBC
00iuly,STAGING,2023-04-03T11:40:59.000Z,no,betterplace,Betterplace
0nwux3,PRODUCTION,2023-04-03T11:41:31.000Z,no,betterplace,Betterplace
a79oo1,STAGING,2023-04-04T07:12:31.000Z,no,gig_wage,Gig Wage
fhw3kx,STAGING,2023-04-04T07:34:22.000Z,yes,harshit_hv_demo,Harshit HV Demo
qd3dox,STAGING,2023-04-04T07:35:22.000Z,yes,harshit_demo,Harshit Demo
wwdf1x,STAGING,2023-04-04T11:34:42.000Z,no,delta_exchange,Delta Exchange
j71q3w,STAGING,2023-04-04T16:24:56.000Z,no,navi,Navi
48fa5d,STAGING,2023-04-05T04:39:03.000Z,no,super_bank,SuperBank
bf38el,STAGING,2023-04-05T10:38:52.000Z,yes,valr_south_africa,Valr - South Africa
xf10iw,STAGING,2023-04-05T14:23:51.000Z,no,go_yubi,Go Yubi
qmu5r0,STAGING,2023-04-06T04:36:46.000Z,no,niyo_cards,Niyo
xd2wdr,STAGING,2023-04-06T08:59:26.000Z,yes,oyo_rooms_uk,Oyo Rooms UK
e5cocj,STAGING,2023-04-06T10:16:25.000Z,yes,harshitdemo,harshitdemo
15clsa,STAGING,2023-04-06T10:17:34.000Z,yes,creditail,creditail
63168c,PRODUCTION,2023-04-06T14:02:26.000Z,yes,zilla,Zilla
non34w,PRODUCTION,2023-04-07T04:47:40.000Z,no,galaxy_pay,Galaxy Pay & Joy
wtuquw,PRODUCTION,2023-04-10T04:49:33.000Z,no,mystox,Mystox
scov4t,STAGING,2023-04-10T10:46:53.000Z,yes,finclus,Finclus
pnbh7p,PRODUCTION,2023-04-10T11:53:58.000Z,yes,stable_money,Stable Money
60l3y1,STAGING,2023-04-10T14:03:29.000Z,yes,wellbeing_farms,Wellbeing Farms
az4m6u,STAGING,2023-04-11T05:18:40.000Z,no,bagic,BAGIC
vnn2d4,PRODUCTION,2023-04-11T06:28:24.000Z,no,casperwealth,Casperwealth
el9bsz,STAGING,2023-04-11T08:06:15.000Z,yes,Bira production credentials,Bira Production Credentials
8uu93d,PRODUCTION,2023-04-11T08:08:36.000Z,yes,Bira production credentials,Bira Production Credentials
eafz63,STAGING,2023-04-11T11:13:10.000Z,yes,halonatech,Halonatech
zbnagk,STAGING,2023-04-11T11:24:51.000Z,yes,samco,Samco
mpon83,STAGING,2023-04-12T09:11:15.000Z,yes,coin_switch,Coinswitch
7f8el4,PRODUCTION,2023-04-12T12:10:49.000Z,no,universal_sompo,UniversalSompo
1dp8mf,STAGING,2023-04-12T13:36:17.000Z,no,alt_mobility,Alt Mobility
6aek3z,PRODUCTION,2023-04-13T08:51:33.000Z,no,poonawallafincorp_ltd,poonawallafincorp ltd
t994on,STAGING,2023-04-13T09:35:42.000Z,yes,chqbook,Chqbook
1zchdt,STAGING,2023-04-13T10:12:36.000Z,yes,synapse_brazil,Synapse Brazil
ce1368,STAGING,2023-04-13T10:34:06.000Z,yes,zilla,Zilla
8ryljo,STAGING,2023-04-13T12:14:44.000Z,yes,moneycat_india,Moneycat India
ecns4a,STAGING,2023-04-13T12:22:20.000Z,yes,moneycat_india,Moneycat India
r8pkn8,STAGING,2023-04-13T12:23:33.000Z,yes,moneycat_india,Moneycat India
t3czdu,STAGING,2023-04-13T12:24:21.000Z,yes,moneycat_india,Moneycat India
pe7pw9,STAGING,2023-04-14T05:26:14.000Z,yes,internal_-_aishwarya,Internal - Aishwarya
iqiomk,STAGING,2023-04-14T05:26:48.000Z,yes,internal_aishwarya,Internal Aishwarya
rq82y5,STAGING,2023-04-14T05:27:02.000Z,yes,aishwarya,Aishwarya 
5cbksc,STAGING,2023-04-14T13:56:25.000Z,yes,payzorr,Payzorr
uvym9b,STAGING,2023-04-16T18:49:37.000Z,no,forus_digital,Forus Digital
hjkuvp,STAGING,2023-04-17T10:24:16.000Z,yes,rcbc-phl,rcbc-phl
slyrx6,STAGING,2023-04-17T11:33:55.000Z,no,supernan,Supernan
g6z6eh,STAGING,2023-04-17T11:44:23.000Z,yes,market_wolf,Market Wolf
podamd,STAGING,2023-04-17T12:05:36.000Z,yes,internal_demo_aishwarya,Internal Demo Aishwarya
bjk11x,STAGING,2023-04-17T12:07:03.000Z,yes,internal_demo_dashboard_aish,Internal Demo Dashboard Aish
f9b552,STAGING,2023-04-18T08:37:27.000Z,yes,nft5,NFT5
wbaa8i,STAGING,2023-04-18T08:48:07.000Z,yes,ongrid,Ongrid
uiw8ah,PRODUCTION,2023-04-18T10:07:48.000Z,yes,coin_switch,Coinswitch
20xupl,STAGING,2023-04-18T10:41:18.000Z,yes,aditi_deb_internal,Aditi Deb Internal 
ro9myo,STAGING,2023-04-18T10:41:58.000Z,yes,aditi_deb_internal_demo,aditi deb internal demo
4maplt,PRODUCTION,2023-04-19T06:19:12.000Z,yes,icici_prudential,ICICI Prudential
hun0i2,STAGING,2023-04-19T11:06:18.000Z,yes,capstone,capstone
kguh80,STAGING,2023-04-19T11:30:16.000Z,yes,neowise_money,Neowise Money
da5oip,STAGING,2023-04-19T11:47:30.000Z,yes,happyness,Happyness
kvdwcw,STAGING,2023-04-19T18:54:34.000Z,yes,aadhar_housing,Aadhar Housing
67sdwc,STAGING,2023-04-20T06:09:38.000Z,no,HV,HyperVerge
c651a5,PRODUCTION,2023-04-20T07:54:36.000Z,no,indicg,IndiCG
49jzmz,STAGING,2023-04-20T10:32:19.000Z,yes,real11_fantasy,Real11 Fantasy
9387e5,STAGING,2023-04-20T10:38:08.000Z,no,my_shubh_life,MyShubhlife
n2qd6a,STAGING,2023-04-21T09:05:37.000Z,yes,hyperverge_engineering_team,HyperVerge Engineering Team
hzaneq,PRODUCTION,2023-04-22T18:59:40.000Z,no,shyftoff,ShyftOff
ys2guk,PRODUCTION,2023-04-24T05:54:07.000Z,no,iifl_gold_loans,IIFL Gold Loans
eo8tyf,STAGING,2023-04-25T09:12:52.000Z,yes,gameduels,Gameduels
juzp22,STAGING,2023-04-25T11:31:19.000Z,yes,galaxyconnect,GalaxyConnect
vpvl4x,STAGING,2023-04-26T09:13:27.000Z,yes,home_credit_india,Home Credit India
bnznyp,STAGING,2023-04-26T09:14:25.000Z,yes,home_credit_india,Home Credit India
c20d50,STAGING,2023-04-26T09:17:25.000Z,yes,home_credit_india,Home Credit India
f357g3,STAGING,2023-04-26T11:29:58.000Z,no,bimapay,BimaPay
51vfbv,STAGING,2023-04-26T12:35:15.000Z,yes,leo1_financepeer,Leo1 FinancePeer
6mf8pr,STAGING,2023-04-26T12:52:41.000Z,yes,3_patti_home,3 Patti Home
ks1p2r,STAGING,2023-04-27T10:52:35.000Z,yes,aeon_credit_finance,Aeon credit finance
f3sgbk,STAGING,2023-04-28T08:48:23.000Z,yes,imoneypay,iMoneypay
sgene2,STAGING,2023-04-28T08:55:12.000Z,no,chola_ms_general_insurance,Chola MS General Insurance
4n6aoa,STAGING,2023-04-28T08:55:22.000Z,no,chola_ms_general_insurance,Chola MS General Insurance
5l6ojw,STAGING,2023-04-28T09:26:03.000Z,yes,jio,Jio
5zzk38,STAGING,2023-04-28T12:30:45.000Z,yes,cryptoxie,Cryptoxie
swcr19,STAGING,2023-04-28T12:54:21.000Z,yes,anand_rathi,Anand Rathi
mwu45t,STAGING,2023-04-28T13:05:28.000Z,yes,alrajhi_bank,Alrajhi Bank
tlztas,STAGING,2023-04-28T17:53:50.000Z,yes,genwise_club,Genwise Club
e6vnds,STAGING,2023-04-28T18:01:28.000Z,yes,hero_moto_corp,Hero Moto Corp
9cg3ij,STAGING,2023-04-28T18:02:06.000Z,yes,heromotocorp,HeroMotoCorp
avr6yy,STAGING,2023-04-28T18:03:19.000Z,yes,hero_moto_corp_dashboard,Hero Moto Corp Dashboard
ybl5b1,STAGING,2023-04-28T18:04:52.000Z,yes,hero_motocorp_dashboard,Hero MotoCorp Dashboard
ivikjn,STAGING,2023-05-01T02:11:08.000Z,yes,hero_motocorp_dashboard_-,Hero MotoCorp Dashboard - 
vhlfx1,STAGING,2023-05-02T06:15:45.000Z,yes,jio,Jio
tvl8wb,STAGING,2023-05-02T06:59:51.000Z,yes,ntt_data,NTT Data
8tjhsz,STAGING,2023-05-02T11:22:04.000Z,yes,agribazaar,Agribazaar
1kufqp,STAGING,2023-05-02T13:41:11.000Z,yes,jpmorgan_chase,JPMorgan Chase
c68gtb,PRODUCTION,2023-05-03T03:53:35.000Z,yes,oriental_general_insurance,Oriental General Insurance
hralqp,STAGING,2023-05-03T07:00:47.000Z,yes,manish_internal_testing,manish internal testing
gq9e6l,STAGING,2023-05-03T07:04:26.000Z,no,paytm_liveness,PayTM Liveness
ist5wd,STAGING,2023-05-03T07:27:26.000Z,yes,mygate,MyGate
18b868,PRODUCTION,2023-05-03T08:49:44.000Z,yes,hyperverge_production_systems,HyperVerge Production Systems
6xyer7,STAGING,2023-05-03T09:06:21.000Z,no,turno,Turno
weeilk,STAGING,2023-05-03T09:32:52.000Z,yes,turno_club,Turno Club
x24fwk,PRODUCTION,2023-05-03T10:00:30.000Z,no,hyperverge_business_team,HyperVerge Business Team
baiusc,STAGING,2023-05-03T12:19:01.000Z,no,ippopay_new,Ippopay New
74uvdv,STAGING,2023-05-04T06:16:54.000Z,no,hdfc_life,HDFC Life Aidwell
85703f,STAGING,2023-05-04T06:27:08.000Z,no,hero_fincorp,Hero Fincorp
75af97,STAGING,2023-05-04T06:31:57.000Z,no,hero_fincorp,Hero Fincorp
ae3e0e,STAGING,2023-05-04T06:32:51.000Z,no,hero_fincorp,Hero Fincorp
e9e1c6,STAGING,2023-05-04T06:33:56.000Z,no,hero_fincorp,Hero Fincorp
2d12a6,STAGING,2023-05-04T06:35:06.000Z,no,hero_fincorp,Hero Fincorp
ndut82,PRODUCTION,2023-05-04T06:40:22.000Z,no,marrowmed,Marrowmed
nzp5fi,STAGING,2023-05-04T07:28:16.000Z,no,muthoot_finance,Muthoot Finance
xc1bgk,STAGING,2023-05-04T08:28:50.000Z,yes,lendsqr,Lendsqr
61owcx,STAGING,2023-05-04T10:37:02.000Z,yes,heena_mansuri,Heena Mansuri
uwsu80,STAGING,2023-05-04T10:38:47.000Z,no,aventus_group_ukraine,Aventus Group - Ukraine
1z2zwy,STAGING,2023-05-04T17:22:31.000Z,yes,advanclyng,AdvanclyNG
mwt7ts,STAGING,2023-05-04T18:46:48.000Z,yes,tractionapps_ng,TractionApps NG
yuyp04,STAGING,2023-05-05T07:53:29.000Z,yes,sidr,SIDR
0sqm03,STAGING,2023-05-05T08:02:51.000Z,yes,xfacia,Xfacia
086baa,PRODUCTION,2023-05-05T08:29:21.000Z,no,home_credit_india,Home Credit India
2zagob,STAGING,2023-05-05T09:05:04.000Z,no,axio,Axio
yahzxs,PRODUCTION,2023-05-05T09:21:42.000Z,yes,sourceforte,SourceForte
xc8tfm,PRODUCTION,2023-05-08T05:32:55.000Z,yes,galaxy_pay,Galaxy Pay & Joy
570ecd,STAGING,2023-05-08T08:16:50.000Z,yes,united_india_insurance,United India Insurance
kxewy6,STAGING,2023-05-08T10:25:45.000Z,yes,sayf,SayF
usr2ia,STAGING,2023-05-08T12:02:00.000Z,no,sunking,SunKing
kxcv8e,STAGING,2023-05-08T12:12:15.000Z,yes,octro_inc,Octro Inc
rdlurd,STAGING,2023-05-08T12:35:49.000Z,yes,htc_global,HTC Global
61l07i,STAGING,2023-05-08T12:39:28.000Z,yes,intrxn,Intrxn
5db96d,STAGING,2023-05-08T13:01:27.000Z,yes,SmartPay,SmartPay
969xzi,STAGING,2023-05-09T05:36:57.000Z,yes,sandeep,Sandeep
qy8f0m,STAGING,2023-05-09T05:45:50.000Z,yes,newedge,NewEdge
t55489,STAGING,2023-05-09T08:48:20.000Z,no,muthoot_fincorp,Muthoot Fincorp
tz6a1z,STAGING,2023-05-09T10:10:15.000Z,yes,tridz,Tridz
0c093f,STAGING,2023-05-09T10:12:03.000Z,yes,tmibasl_oriental_shared,TMIBASL Oriental shared
7n91uy,STAGING,2023-05-09T12:10:15.000Z,yes,sapio,Sapio
wx4948,STAGING,2023-05-09T13:18:42.000Z,yes,phonepe_insurance,PhonePe Insurance
mimghb,STAGING,2023-05-10T05:10:14.000Z,yes,lendica,Lendica
d9b48y,STAGING,2023-05-10T05:47:20.000Z,yes,mmfsl,MMFSL
kbbs5h,STAGING,2023-05-10T05:49:02.000Z,yes,mahindra_and_mahindra_finance,Mahindra and Mahindra Finance
516y56,STAGING,2023-05-10T06:10:41.000Z,yes,getvantage,Getvantage
l4yp40,STAGING,2023-05-10T06:28:23.000Z,no,mahindra_financial_services,Mahindra Financial Services
w4qhr4,STAGING,2023-05-10T11:54:55.000Z,yes,golendica,golendica
xwd5nc,STAGING,2023-05-10T12:54:21.000Z,no,au_small_finance_bank,AU small finance bank
rdrco6,STAGING,2023-05-11T06:09:41.000Z,no,grayquest,GrayQuest
j752p6,STAGING,2023-05-11T09:49:51.000Z,yes,rex_africa,Rex Africa
7hucre,STAGING,2023-05-11T09:53:02.000Z,no,magma_hdi,Magma HDI - CKYC (Upload + Download)
bi29ks,STAGING,2023-05-11T10:10:49.000Z,yes,illusion_bg,Illusion BG
s2b8sw,STAGING,2023-05-11T10:16:10.000Z,no,countgen,Countgen
dm6cvk,STAGING,2023-05-11T10:27:51.000Z,yes,kuvera,Kuvera
xcfurt,STAGING,2023-05-11T10:41:03.000Z,yes,eduslies,Eduslies
85bc85,PRODUCTION,2023-05-12T04:55:15.000Z,yes,nft5,NFT5
rxi5lo,PRODUCTION,2023-05-12T05:17:33.000Z,no,chola_ms_general_insurance,Chola MS General Insurance
mmha9h,STAGING,2023-05-12T09:14:40.000Z,no,slick,Slick
ocmagp,STAGING,2023-05-12T10:21:23.000Z,yes,fingular,Fingular
pydu5z,PRODUCTION,2023-05-12T10:40:59.000Z,no,rentomojo,RentoMojo
a6d6ff,PRODUCTION,2023-05-15T07:14:27.000Z,no,swiggy,Swiggy
teac9r,PRODUCTION,2023-05-15T08:18:45.000Z,yes,halonatech,Halonatech
b4efe4,PRODUCTION,2023-05-15T12:21:00.000Z,no,navi,Navi
0ykps1,STAGING,2023-05-16T02:48:34.000Z,no,head_digital_works,Head Digital Works
nfq75d,STAGING,2023-05-16T07:43:56.000Z,no,bluno,Bluno
vw80w7,STAGING,2023-05-16T11:10:38.000Z,yes,new_india_assurance_paytm,New India Assurance - PayTM
74cevh,STAGING,2023-05-16T11:12:33.000Z,yes,new_india_assurance_policy_bazaar,New India Assurance - Policy Bazaar
29b64d,STAGING,2023-05-17T07:26:08.000Z,yes,internal-ie-animesh,Internal-IE-Animesh
ij37cm,STAGING,2023-05-17T09:36:01.000Z,yes,eduflies,Eduflies
r00k0v,STAGING,2023-05-17T09:55:31.000Z,yes,starhealth,STARHEALTH
s5vomi,STAGING,2023-05-17T10:15:09.000Z,yes,kotak_life_insurance,Kotak Life insurance
fpu2xy,STAGING,2023-05-17T10:19:19.000Z,yes,kotak_life_insurance,Kotak Life insurance
ikixoy,STAGING,2023-05-17T10:39:08.000Z,yes,lic,LIC
8mnoew,STAGING,2023-05-17T12:59:11.000Z,yes,gmac,GMAC
8b4g6e,STAGING,2023-05-18T06:30:41.000Z,yes,mannjal,Mannjal
yegcjk,STAGING,2023-05-18T11:29:27.000Z,no,mudrex,Mudrex
puhzle,STAGING,2023-05-18T11:40:39.000Z,yes,knoct_new,Knoct New
4jc5fx,PRODUCTION,2023-05-18T13:52:26.000Z,no,alice_blue_india,Alice Blue India
sd4vt5,STAGING,2023-05-19T08:55:07.000Z,yes,redian_software,Redian Software
d55yw7,STAGING,2023-05-19T08:58:28.000Z,no,gokiwi,GoKiwi
vvz45i,STAGING,2023-05-19T09:13:34.000Z,yes,stepssy,Stepssy
oioh6e,STAGING,2023-05-19T11:39:31.000Z,yes,iverify,Iverify
d1qzfy,PRODUCTION,2023-05-19T13:29:39.000Z,yes,creditail,creditail
oii0d2,PRODUCTION,2023-05-19T15:26:55.000Z,yes,slick,Slick
snsa82,STAGING,2023-05-21T19:38:44.000Z,yes,games_24_7,Games 24x7
hqnbjv,STAGING,2023-05-22T07:13:35.000Z,yes,iouring_pvt_ltd,IOURING Pvt Ltd
8zc450,STAGING,2023-05-22T07:41:14.000Z,yes,uno_bank,Uno Bank
64z9wl,STAGING,2023-05-22T10:15:00.000Z,yes,vamo,Vamo
ts6hrq,STAGING,2023-05-22T11:13:40.000Z,yes,soulverse,Soulverse
y90sre,STAGING,2023-05-23T06:18:29.000Z,yes,indiafirst,IndiaFirst
j5memk,STAGING,2023-05-23T09:27:04.000Z,no,ram_fincorp,Ram Fincorp
uiu06w,STAGING,2023-05-23T10:48:52.000Z,yes,winzo_games,Winzo Games
hv0jmg,STAGING,2023-05-23T15:02:58.000Z,yes,gopi-test,Gopi-Test
i3bvox,PRODUCTION,2023-05-24T05:47:58.000Z,yes,linkedin,Linkedin
glu5ak,STAGING,2023-05-24T07:18:02.000Z,yes,shriram_finance,Shriram Finance
k5xrqk,STAGING,2023-05-24T07:20:13.000Z,yes,shriram_finance,Shriram Finance
2bquqo,PRODUCTION,2023-05-24T07:20:36.000Z,yes,shriram_finance,Shriram Finance
g8caag,STAGING,2023-05-24T07:29:53.000Z,yes,shriram_finance,Shriram Finance
dkti24,STAGING,2023-05-24T07:32:10.000Z,yes,arka_insurance,Arka insurance
l4rw5l,STAGING,2023-05-24T07:38:11.000Z,yes,oriental_general_insurance,Oriental General Insurance
hjp5kq,STAGING,2023-05-24T07:49:05.000Z,yes,lenden_club,Lenden Club
ww06u3,STAGING,2023-05-24T08:55:09.000Z,yes,northern_arc,Northern Arc
tkzhen,STAGING,2023-05-24T09:01:01.000Z,yes,norther_arc,Norther Arc
mwyylm,STAGING,2023-05-24T09:03:06.000Z,yes,northern_arc_india,Northern Arc India
1350fd,PRODUCTION,2023-05-24T11:14:09.000Z,yes,mudrex,Mudrex
87228e,PRODUCTION,2023-05-24T11:46:48.000Z,yes,mudrex,Mudrex
tyoy0d,STAGING,2023-05-24T11:48:11.000Z,no,the_finger_tip,The Finger Tip
ve5bfd,STAGING,2023-05-24T12:31:50.000Z,yes,yulu,Yulu
i98cfu,STAGING,2023-05-24T12:33:06.000Z,yes,yulu_bike,Yulu Bike
mqukoy,STAGING,2023-05-25T05:09:56.000Z,yes,icici_hv,ICICI HV
d7kihe,STAGING,2023-05-25T05:14:12.000Z,yes,key_value_systems,Key Value Systems
5jycho,STAGING,2023-05-25T06:01:42.000Z,no,united_india_insurance,United India Insurance
o98c7g,STAGING,2023-05-25T06:24:45.000Z,no,liquiloans,LiquiLoans
myp5ru,STAGING,2023-05-25T07:48:17.000Z,yes,muthoot_insurance,Muthoot insurance
6qwisr,STAGING,2023-05-25T10:38:10.000Z,yes,oriental_general_insurance,Oriental General Insurance
nxi9yf,PRODUCTION,2023-05-25T11:47:47.000Z,no,zomato,Zomato
gdrlhl,STAGING,2023-05-25T12:03:44.000Z,yes,dotpe,Dotpe
fbahog,STAGING,2023-05-25T12:42:39.000Z,yes,hatio,Hatio
ukklk4,STAGING,2023-05-26T10:27:47.000Z,yes,agri_farming,Agri Farming
jq266j,STAGING,2023-05-26T11:13:02.000Z,yes,cheq_digital,CheQ Digital
y32him,STAGING,2023-05-26T14:07:59.000Z,no,edelweissgi,EdelweissGI
l7z4zl,STAGING,2023-05-29T07:05:38.000Z,yes,mintoak,Mintoak
oslavx,STAGING,2023-05-29T07:43:01.000Z,yes,oriental_general_insurance,Oriental General Insurance
5tlpix,STAGING,2023-05-29T08:34:09.000Z,no,panther_exchange,Panther Exchange
ww0mqi,STAGING,2023-05-29T10:24:24.000Z,yes,gopik,Gopik
wbp587,STAGING,2023-05-29T10:26:25.000Z,no,slicepay,SlicePay
9pzkax,STAGING,2023-05-29T10:27:46.000Z,yes,gopik,Gopik
o2ttdr,STAGING,2023-05-30T06:10:08.000Z,no,vodafone,Vodafone
804xb4,STAGING,2023-05-30T06:48:47.000Z,yes,jar,Jar
h6g4lm,PRODUCTION,2023-05-30T07:31:15.000Z,yes,equal,equal
638de1,STAGING,2023-05-30T07:52:26.000Z,yes,branch_india,Branch India
4cj9ti,PRODUCTION,2023-05-30T10:10:37.000Z,yes,bigbasket,Bigbasket
c8bbfb,STAGING,2023-05-30T11:22:12.000Z,yes,fantasy_dangal,Fantasy Dangal
sommlj,STAGING,2023-05-31T04:48:26.000Z,yes,hdfc_credila,HDFC Credila
52cjxl,STAGING,2023-05-31T05:45:40.000Z,no,xcm,XCM
owmtyp,STAGING,2023-05-31T11:26:42.000Z,no,india_bonds,India Bonds
70d0pw,STAGING,2023-05-31T12:47:52.000Z,yes,tesseract,Tesseract
vlbz8r,STAGING,2023-05-31T13:53:44.000Z,yes,canara_hsbc,Canara HSBC
3r2fvd,STAGING,2023-05-31T13:56:15.000Z,yes,incred,InCred
oqr5vg,STAGING,2023-06-01T09:20:12.000Z,yes,annapurna_finance,Annapurna Finance
yhcm7x,STAGING,2023-06-01T09:21:41.000Z,yes,annapurna_finance,Annapurna Finance
uivwas,STAGING,2023-06-01T09:23:10.000Z,yes,annapurna_finance,Annapurna Finance
mangfq,STAGING,2023-06-01T09:32:50.000Z,yes,apollo-creditail,Apollo-Creditail
b3qpzk,STAGING,2023-06-01T10:39:19.000Z,no,5nance,Nuqi- 5nance
460009,PRODUCTION,2023-06-01T13:45:34.000Z,no,tenx_tenx,Tenx tenx
de9d42,STAGING,2023-06-01T13:47:15.000Z,no,tenx_tenx,Tenx tenx
eypbj8,STAGING,2023-06-01T17:46:18.000Z,yes,almondz,Almondz
abu0pm,PRODUCTION,2023-06-02T09:13:40.000Z,yes,xfinite,Xfinite
yu04gm,STAGING,2023-06-02T11:43:40.000Z,yes,monnai,Monnai
u8o4a3,PRODUCTION,2023-06-03T06:59:57.000Z,no,urbanmatch,UrbanMatch
2hvxjr,STAGING,2023-06-03T07:07:26.000Z,yes,annapurna_finance,Annapurna Finance
ce6727,STAGING,2023-06-05T04:51:04.000Z,yes,circleapp,CircleApp
odsx9t,STAGING,2023-06-05T07:17:45.000Z,yes,flyk,FLYK
02x7hb,STAGING,2023-06-05T11:57:20.000Z,yes,creysto,Creysto
o25kbs,PRODUCTION,2023-06-05T12:49:27.000Z,no,jify,Jify
6fnvkr,STAGING,2023-06-06T05:35:25.000Z,yes,tata_digital_securities,Tata Digital Securities
7y9hzp,STAGING,2023-06-06T05:37:56.000Z,yes,tata_digital_securities,Tata Digital Securities
0s3wpk,STAGING,2023-06-06T05:50:47.000Z,yes,tata_digital,Tata Digital
wni22o,STAGING,2023-06-06T08:00:20.000Z,yes,openplay,Openplay
8dmnb3,STAGING,2023-06-06T08:28:09.000Z,yes,hdfc_credila,HDFC Credila
koh7rv,STAGING,2023-06-06T08:47:24.000Z,yes,hdfc_credila,HDFC Credila
l46oju,STAGING,2023-06-07T07:26:35.000Z,yes,ninjacart,Ninjacart
yi0sl2,STAGING,2023-06-07T11:56:54.000Z,yes,betterplace,Betterplace
eu94kj,STAGING,2023-06-08T06:17:59.000Z,yes,attlas-vietnam,Attlas-Vietnam
ckt1za,STAGING,2023-06-08T06:21:56.000Z,yes,attlas_vietnam,Attlas Vietnam
rxtchu,STAGING,2023-06-08T07:22:22.000Z,no,tata_communications,Tata Communications
kemb24,PRODUCTION,2023-06-08T07:32:45.000Z,yes,oriental_general_insurance,Oriental General Insurance
xul6su,PRODUCTION,2023-06-08T07:56:51.000Z,yes,private_circle,Private Circle
sfmjdm,STAGING,2023-06-08T10:55:21.000Z,no,ggtv,GGTV
hq519j,PRODUCTION,2023-06-09T05:23:13.000Z,no,coindhan,Coindhan
453864,STAGING,2023-06-09T05:57:28.000Z,no,hsbc,HSBC
0qd74j,STAGING,2023-06-09T06:15:07.000Z,no,asean,ASEAN
829csz,STAGING,2023-06-09T06:40:49.000Z,yes,aryan_demo_php-_internal,Aryan Demo PHP- Internal
dkobn6,STAGING,2023-06-09T07:10:05.000Z,yes,aryan_internal_test,Aryan Internal test
l03x03,STAGING,2023-06-09T11:25:30.000Z,yes,prudential_health,Prudential Health
4257g4,STAGING,2023-06-09T13:54:31.000Z,no,hero_fincorp,Hero Fincorp
mioahd,STAGING,2023-06-09T14:15:45.000Z,no,tvs_credit,TVS Credit
ojba8h,STAGING,2023-06-12T05:48:55.000Z,yes,apollo_agriculture,Apollo Agriculture
2j45ah,STAGING,2023-06-12T06:58:32.000Z,yes,infi_money,Infi Money
nwkgz3,STAGING,2023-06-12T10:23:08.000Z,no,hyperverge_integrations_team,HyperVerge Integrations Team
51fc6b,PRODUCTION,2023-06-12T10:51:10.000Z,no,dhan,Dhan
rr42q8,STAGING,2023-06-12T10:57:24.000Z,yes,icicibank-accountopening,Icicibank-accountopening
czuuuq,STAGING,2023-06-12T11:24:06.000Z,yes,aditya_t_g,Aditya T G 
l54wuz,STAGING,2023-06-12T12:11:48.000Z,yes,polarize_network,Polarize Network
5gk60p,STAGING,2023-06-12T12:38:38.000Z,yes,mintifi,Mintifi
44grd4,STAGING,2023-06-12T18:18:53.000Z,yes,test-at-ss-sqs,test-at-ss-sqs
xh19sn,STAGING,2023-06-12T18:22:32.000Z,yes,test-at-ss-sqs-1,test-at-ss-sqs-1
hbhxcm,STAGING,2023-06-12T18:23:17.000Z,yes,test-at-ss-sqs-2,test-at-ss-sqs-2
f2v2sp,STAGING,2023-06-13T03:48:05.000Z,yes,amoga,Amoga
hmjx98,PRODUCTION,2023-06-13T04:59:24.000Z,no,paytm_liveness,PayTM Liveness
j3llmh,STAGING,2023-06-13T07:46:03.000Z,yes,mx_player,MX Player
4uy459,STAGING,2023-06-13T08:23:00.000Z,no,platinx,PlatinX
9xbi1n,PRODUCTION,2023-06-13T09:50:36.000Z,no,jupiter,Jupiter
45ou6k,STAGING,2023-06-13T10:43:47.000Z,no,clever_alpha,Clever Alpha
9o5qs8,STAGING,2023-06-13T10:56:50.000Z,yes,quickvietmoney-vnm,quickVietMoney-vnm
j57dyx,STAGING,2023-06-13T12:06:05.000Z,yes,harishb,HarishB
l5mn5g,STAGING,2023-06-13T12:43:47.000Z,yes,five_diamond_screening,Five Diamond Screening
p85379,STAGING,2023-06-13T15:44:51.000Z,no,addosser,Addosser
rwhdoh,STAGING,2023-06-13T15:46:56.000Z,yes,addosser-_nigeria,Addosser- Nigeria
r5aqr8,STAGING,2023-06-13T15:50:53.000Z,no,addosser,Addosser
0v7q91,STAGING,2023-06-14T05:32:32.000Z,yes,grey_blue,Grey Blue
cz916x,STAGING,2023-06-14T05:40:23.000Z,yes,global_surveys,Global Surveys
3oaeot,STAGING,2023-06-14T06:28:40.000Z,no,oona_idn,Oona Indonesia
hduh3g,STAGING,2023-06-14T11:27:06.000Z,yes,adani,Adani
5dvzf1,STAGING,2023-06-15T05:06:16.000Z,yes,oriental_general_insurance,Oriental General Insurance
k8xdf4,STAGING,2023-06-15T06:13:21.000Z,no,dollarpe,DollarPe
l2s901,PRODUCTION,2023-06-15T09:24:46.000Z,yes,fantasy_dangal,Fantasy Dangal
xhxaqm,STAGING,2023-06-15T10:43:37.000Z,yes,hv-gqc-internal,HV-GQC-internal
f0u4oi,STAGING,2023-06-15T11:15:28.000Z,yes,housing,Housing
i5ajs7,STAGING,2023-06-15T11:15:30.000Z,yes,housing,Housing
il67wa,STAGING,2023-06-15T13:08:45.000Z,no,syngenta,Syngenta
stpl71,PRODUCTION,2023-06-15T13:21:38.000Z,yes,hyperverge_business_team,HyperVerge Business Team
v1aj6s,STAGING,2023-06-15T13:59:44.000Z,yes,onmobile,OnMobile
h06bg6,STAGING,2023-06-15T19:04:58.000Z,yes,wheels_eye,Wheels Eye
qdtue0,STAGING,2023-06-16T08:43:17.000Z,no,mallow_tech_-_red_taxi,Mallow Tech - Red Taxi
c864e8,STAGING,2023-06-16T09:20:55.000Z,no,sterling_bank,SterlingBank
1j6dob,STAGING,2023-06-16T11:52:25.000Z,no,eenadu,Eenadu
nzth0g,STAGING,2023-06-16T14:41:28.000Z,yes,otp_technology,OTP Technology
fcpu0y,PRODUCTION,2023-06-19T07:22:25.000Z,yes,attlas_vietnam,Attlas Vietnam
0p0a6y,STAGING,2023-06-19T08:23:28.000Z,yes,guru_game_digital_private_limi,Guru Game Digital Private Limited
wkeorg,STAGING,2023-06-19T10:12:59.000Z,yes,togwe,Togwe
9y6sku,STAGING,2023-06-19T11:48:43.000Z,yes,hdfc_bank,HDFC Bank
mcguw0,STAGING,2023-06-19T12:27:07.000Z,yes,first_game_paytm,First Game Paytm
nkjfss,STAGING,2023-06-19T13:44:09.000Z,yes,verifacts_ltd,Verifacts ltd
d5got4,STAGING,2023-06-19T15:20:23.000Z,no,united_india_insurance,United India Insurance
2edf96,PRODUCTION,2023-06-20T02:22:27.000Z,yes,attlas_vietnam,Attlas Vietnam
mfetqb,STAGING,2023-06-20T06:42:45.000Z,yes,guru_game_digital_private_limi,Guru Game Digital Private Limited
6bulv1,STAGING,2023-06-20T08:13:52.000Z,yes,sanat_-_internal,Sanat - Internal
7qcm1j,STAGING,2023-06-20T12:14:50.000Z,yes,geojjit,Geojjit
iqyedz,STAGING,2023-06-20T12:50:54.000Z,no,axis_bank,Axis Bank
elcisj,PRODUCTION,2023-06-20T14:58:34.000Z,yes,roh_internal,Roh Internal
towr0o,PRODUCTION,2023-06-20T14:58:38.000Z,yes,roh_internal,Roh Internal
f05lcq,STAGING,2023-06-20T17:39:16.000Z,no,HV,HyperVerge
5k847k,STAGING,2023-06-21T04:48:30.000Z,yes,naukri,Naukri
kt94xq,STAGING,2023-06-21T13:38:45.000Z,no,new_india_assurance,New India Assurance
qegan8,PRODUCTION,2023-06-21T13:39:20.000Z,no,new_india_assurance,New India Assurance
eaw2wd,STAGING,2023-06-21T18:57:06.000Z,yes,testat.com,Testat Com
qdlec9,PRODUCTION,2023-06-22T06:21:13.000Z,no,rentop,Rentop
vt63da,STAGING,2023-06-23T06:48:41.000Z,no,payswiff,Payswiff
vpvc78,STAGING,2023-06-23T07:24:59.000Z,yes,syoft,Syoft
g58l25,PRODUCTION,2023-06-23T09:03:20.000Z,no,manappuram,Manappuram
n2x46b,PRODUCTION,2023-06-23T10:43:18.000Z,no,kvix,Kvix
gk26kj,STAGING,2023-06-25T03:50:00.000Z,no,airtel_digital,Airtel Digital
x02nyb,STAGING,2023-06-26T04:45:04.000Z,yes,9credit,9Credit
rrpscd,PRODUCTION,2023-06-26T07:46:57.000Z,yes,linkedin,Linkedin
ttqq00,PRODUCTION,2023-06-26T10:48:04.000Z,yes,envest,Envest
vc6qkl,PRODUCTION,2023-06-26T10:57:24.000Z,no,act_corp,Act Corp
u49z27,STAGING,2023-06-26T11:24:17.000Z,yes,quickwage,Quickwage
ahysh9,PRODUCTION,2023-06-26T13:51:11.000Z,no,mahindra_financial_services,Mahindra Financial Services
423f4c,STAGING,2023-06-26T16:43:24.000Z,no,hyperverge_production_systems,HyperVerge Production Systems
b6cbyu,STAGING,2023-06-27T05:38:55.000Z,yes,devswp.com,Devswp Com
en8gk5,STAGING,2023-06-27T05:42:56.000Z,yes,tutuapp.bid,Tutuapp Bid
vof7yk,STAGING,2023-06-27T05:44:09.000Z,yes,lyft.live,Lyft Live
ae35vq,PRODUCTION,2023-06-27T08:49:01.000Z,no,ggtv,GGTV
42obrr,STAGING,2023-06-27T10:18:30.000Z,yes,nxt_wave,NXT Wave
mkixta,STAGING,2023-06-27T10:58:13.000Z,yes,intero,Intero
cceyez,STAGING,2023-06-27T10:58:56.000Z,no,zokudo,zokudo
z8ioq9,PRODUCTION,2023-06-27T11:20:08.000Z,no,countgen,Countgen
jnmv77,PRODUCTION,2023-06-27T11:22:01.000Z,no,addosser,Addosser
9r68rr,STAGING,2023-06-27T11:26:48.000Z,yes,lyk_app,LYK App
5qihc2,STAGING,2023-06-27T11:36:14.000Z,yes,lyk_app,LYK App
cateqf,STAGING,2023-06-27T14:26:22.000Z,no,credit_direct_limited,Credit Direct Limited
sxe8jj,STAGING,2023-06-27T15:56:35.000Z,yes,dodgeball_june23,Dodgeball June23
r2gzks,PRODUCTION,2023-06-27T19:29:48.000Z,yes,3_patti_home,3 Patti Home
tro3w5,PRODUCTION,2023-06-28T05:27:54.000Z,yes,hero_fincorp,Hero Fincorp
le2isl,PRODUCTION,2023-06-28T05:30:51.000Z,no,hero_fincorp,Hero Fincorp
6obij3,PRODUCTION,2023-06-28T08:22:15.000Z,yes,HV_SS_TEST_12,HV
zu6ia2,STAGING,2023-06-28T08:27:49.000Z,yes,oneworldnation_-_mudrex,oneworldnation - Mudrex
ozwt7l,PRODUCTION,2023-06-28T08:28:06.000Z,yes,oneworldnation_-_mudrex,oneworldnation - Mudrex
txf4dt,STAGING,2023-06-28T09:24:04.000Z,yes,oneworldnation-mudrex,OneWorldNation-Mudrex
6niqj0,STAGING,2023-06-28T09:48:47.000Z,yes,mudrex-oneworldnation,
jz7ivg,PRODUCTION,2023-06-28T09:49:02.000Z,yes,mudrex,Mudrex
qi5gdf,STAGING,2023-06-28T13:19:19.000Z,yes,fcb-ai,FCB-ai
5sw5u1,STAGING,2023-06-28T13:27:03.000Z,yes,tala,Tala
164imb,STAGING,2023-06-28T13:39:13.000Z,no,acko_general_insurance,Acko General Insurance
apzqwh,PRODUCTION,2023-06-28T13:39:40.000Z,no,acko_general_insurance,Acko General Insurance
efxsnn,STAGING,2023-06-28T14:18:31.000Z,yes,visceral,Visceral
hu9mdg,PRODUCTION,2023-06-29T10:05:45.000Z,yes,guru_game_digital_private_limi,Guru Game Digital Private Limited
37uv67,PRODUCTION,2023-06-30T06:46:58.000Z,no,delta_exchange,Delta Exchange
xk8rz9,STAGING,2023-06-30T07:17:04.000Z,yes,naukri_client,Naukri Client
6kmywt,STAGING,2023-06-30T10:09:52.000Z,yes,leo_bank,Leo Bank
mhz2rg,STAGING,2023-06-30T12:11:38.000Z,yes,incentive,Incentive
d76884,PRODUCTION,2023-07-03T10:11:14.000Z,yes,HV_SS_TEST_12,HV
zlckym,PRODUCTION,2023-07-03T10:19:41.000Z,yes,HV_SS_TEST_12,HV
vnna90,STAGING,2023-07-03T10:46:01.000Z,yes,vaibhav_tripathi,Vaibhav Tripathi
6sqkby,STAGING,2023-07-03T10:52:14.000Z,no,hyperverge_integrations_team,HyperVerge Integrations Team
2j7nwk,STAGING,2023-07-03T11:19:03.000Z,no,SMAR00030,SMAR00030
co7v8s,STAGING,2023-07-03T12:20:44.000Z,yes,walanjo,Walanjo
35qxyt,PRODUCTION,2023-07-04T05:45:34.000Z,yes,apollo-creditail,Apollo-Creditail
99ehg1,PRODUCTION,2023-07-04T06:20:16.000Z,no,hero_fincorp,Hero Fincorp
q18n9u,PRODUCTION,2023-07-04T06:21:22.000Z,no,hero_fincorp,Hero Fincorp
zzdq03,STAGING,2023-07-04T09:22:58.000Z,yes,HV_SS_TEST_12,HV
lnr7aw,STAGING,2023-07-04T13:26:55.000Z,no,sbi_life_insurance,SBI Life Insurance
q5lke6,PRODUCTION,2023-07-05T09:09:23.000Z,yes,vaibhavclient,vaibhavClient
cqkl4c,STAGING,2023-07-05T09:59:19.000Z,yes,vaibhavclient,vaibhavClient
ygkpqy,STAGING,2023-07-05T11:03:53.000Z,yes,ujjivan_sfb,Ujjivan SFB
xut0cw,STAGING,2023-07-05T13:17:13.000Z,yes,microkred,MicroKred
3h28j4,STAGING,2023-07-06T10:03:51.000Z,yes,bajajfinserv,Bajaj Finserv
encrgc,STAGING,2023-07-06T10:22:50.000Z,yes,bharat_nxt,Bharat NXT
pyh5vv,STAGING,2023-07-06T10:49:44.000Z,yes,3t_solutions,3t solutions
w1s94f,PRODUCTION,2023-07-06T13:21:45.000Z,no,HV,HyperVerge
ffrzu6,STAGING,2023-07-07T02:29:17.000Z,no,redtech,RedTech
pu9ije,PRODUCTION,2023-07-10T07:49:24.000Z,no,tata_communications,Tata Communications
5p9sok,PRODUCTION,2023-07-10T11:54:52.000Z,no,alt_mobility,Alt Mobility
187daa,STAGING,2023-07-10T12:47:00.000Z,no,icici_securities,ICICI Securities
7237u7,STAGING,2023-07-10T13:43:00.000Z,yes,pertinence_group-_nigeria,Pertinence Group- Nigeria
df3e17,STAGING,2023-07-10T18:21:44.000Z,no,indmoney-qr,IndMoney-QR
lgpdlw,STAGING,2023-07-11T06:03:09.000Z,yes,chola_ms_general_insurance,Chola MS General Insurance
ync5mk,STAGING,2023-07-11T11:04:38.000Z,yes,farzin_demo_dashboard,Farzin Demo Dashboard
ouevgs,STAGING,2023-07-11T11:28:35.000Z,yes,farzin_internal_usage,Farzin Internal Usage
eddb5s,STAGING,2023-07-11T15:44:22.000Z,yes,kotak_bank,Kotak Bank
0s804o,PRODUCTION,2023-07-12T04:45:22.000Z,yes,oriental_general_insurance,Oriental General Insurance
gyegw4,STAGING,2023-07-12T06:24:02.000Z,yes,axis_mf,Axis MF
06f5e3,STAGING,2023-07-12T08:05:40.000Z,yes,ONEM00001,
92whet,PRODUCTION,2023-07-12T10:38:21.000Z,yes,pillow,Pillow
cph3vw,PRODUCTION,2023-07-12T12:32:38.000Z,no,ippopay_new,Ippopay New
i07xma,PRODUCTION,2023-07-12T12:51:24.000Z,no,jai_kisan,Jai Kisan
2noev7,STAGING,2023-07-12T13:38:51.000Z,yes,travel,Travel
3p489g,STAGING,2023-07-13T06:15:22.000Z,no,united_india_insurance,United India Insurance
mhqrsy,STAGING,2023-07-13T12:41:04.000Z,yes,maricopacollege,MaricopaCollege
pz1tax,STAGING,2023-07-13T12:41:26.000Z,yes,maricopa_college,Maricopa College
e1y33d,STAGING,2023-07-13T13:07:37.000Z,yes,privaseverse,Privaseverse
y42f9p,STAGING,2023-07-13T16:20:16.000Z,yes,dubbal_insurance_brokers,Dubbal Insurance Brokers
xmrxvy,STAGING,2023-07-14T06:45:11.000Z,yes,junglee_games,Junglee Games
7enyg0,PRODUCTION,2023-07-14T06:53:10.000Z,no,junglee_games,Junglee Games
pa3lbe,STAGING,2023-07-14T06:59:25.000Z,yes,junglee_games,Junglee Games
l1mb3d,STAGING,2023-07-14T07:17:34.000Z,no,junglee_games,Junglee Games
2qzwec,STAGING,2023-07-14T08:13:10.000Z,yes,bhartiaxa,bhartiaxa
0ym036,PRODUCTION,2023-07-14T13:35:43.000Z,no,united_india_insurance,United India Insurance
h1xebo,STAGING,2023-07-17T08:31:12.000Z,yes,muthoottu_mini,Muthoottu Mini
ik1wng,STAGING,2023-07-17T11:39:37.000Z,no,gamehome,Gamehome
8io36n,PRODUCTION,2023-07-17T11:41:51.000Z,yes,starhealth,STARHEALTH
f6km99,STAGING,2023-07-17T12:32:43.000Z,yes,indra_capital,Indra Capital
75ui6k,STAGING,2023-07-17T12:51:14.000Z,yes,mintoak_india,Mintoak India
px4121,STAGING,2023-07-17T12:55:27.000Z,yes,hdfcsecinternal,hdfcSecInternal
2ef09d,STAGING,2023-07-18T06:22:50.000Z,yes,altys,ALTYS
5zfnxb,STAGING,2023-07-18T10:39:47.000Z,no,the_seedfi,The Seedfi
n9gwl9,STAGING,2023-07-18T11:11:46.000Z,yes,idfc_bank,IDFC Bank
exiino,STAGING,2023-07-18T11:37:18.000Z,yes,gmng,GMNG
5df123,STAGING,2023-07-18T11:51:11.000Z,no,rapido,Rapido
xj11vu,STAGING,2023-07-18T12:00:21.000Z,yes,aventussl_-_cashx-loanplus,AventusSL - CashX-Loanplus
ftthbp,STAGING,2023-07-18T19:28:11.000Z,yes,subspace_money,Subspace Money
43b600,STAGING,2023-07-18T20:06:18.000Z,no,rario,Rario
0e54d0,PRODUCTION,2023-07-19T06:45:42.000Z,no,smc,SMC
r7qac7,STAGING,2023-07-19T08:40:17.000Z,yes,msg91,MSG91
fvalty,PRODUCTION,2023-07-19T08:52:58.000Z,yes,vamo,Vamo
tu0411,STAGING,2023-07-20T04:42:33.000Z,yes,smc,SMC
8oob9i,STAGING,2023-07-20T07:57:24.000Z,yes,hyperverge_business_team,HyperVerge Business Team
j5n3al,STAGING,2023-07-20T10:43:58.000Z,yes,inocyx_exchange,INOCYX EXCHANGE
b5n5gx,STAGING,2023-07-20T12:32:48.000Z,yes,inocyx_crypto,INOCYX CRYPTO
c6vti4,STAGING,2023-07-20T12:46:57.000Z,yes,farmd,Farmd
o0zj37,STAGING,2023-07-20T14:19:36.000Z,no,acko_general_insurance,Acko General Insurance
ilf0zv,STAGING,2023-07-21T04:36:15.000Z,yes,tata_capital_india,tata capital india
8ahtl0,PRODUCTION,2023-07-21T08:08:53.000Z,yes,openplay,Openplay
9xvuyi,STAGING,2023-07-21T09:19:55.000Z,yes,pnb_metlife,PNB Metlife
d42e43,PRODUCTION,2023-07-21T09:24:20.000Z,yes,money_view,MoneyView
sv1tsh,STAGING,2023-07-21T11:03:15.000Z,no,flipkart,Flipkart
veb0za,STAGING,2023-07-21T13:12:26.000Z,no,oona_philippines,Oona Philippines
95i26i,STAGING,2023-07-21T13:12:55.000Z,no,oona_philippines,Oona Philippines
91rxi0,STAGING,2023-07-22T14:50:33.000Z,no,superbank_demo,Superbank Demo
381vsu,STAGING,2023-07-24T06:40:13.000Z,yes,analyticstoggletest,AnalyticsToggleTest
06rr55,PRODUCTION,2023-07-24T06:59:46.000Z,yes,analyticstoggletest,AnalyticsToggleTest
1z4di9,PRODUCTION,2023-07-24T07:30:10.000Z,yes,analyticstoggletest,AnalyticsToggleTest
ru4crt,PRODUCTION,2023-07-24T07:32:07.000Z,yes,analyticstoggletest,AnalyticsToggleTest
26jryy,PRODUCTION,2023-07-24T07:32:24.000Z,yes,analyticstoggletest,AnalyticsToggleTest
dqj1oo,PRODUCTION,2023-07-24T07:33:45.000Z,yes,analyticstoggletest,AnalyticsToggleTest
vze8ri,PRODUCTION,2023-07-24T07:56:21.000Z,yes,analyticstoggletest,AnalyticsToggleTest
t9sgis,STAGING,2023-07-24T09:09:00.000Z,no,kotak_test,Kotak Test
3ji99p,STAGING,2023-07-24T09:10:08.000Z,yes,kotak_client,kotak client
2jwlim,PRODUCTION,2023-07-24T10:23:57.000Z,yes,analyticstoggletest,AnalyticsToggleTest
zbx447,STAGING,2023-07-24T10:25:32.000Z,yes,analyticstoggletest2,AnalyticsToggleTest2
t1w3p4,STAGING,2023-07-24T10:27:02.000Z,yes,analyticstoggletest3,AnalyticsToggleTest3
adyu7p,STAGING,2023-07-24T10:31:52.000Z,yes,analyticstest4,AnalyticsTest4
25ijul,PRODUCTION,2023-07-24T10:34:46.000Z,yes,analyticstest4,AnalyticsTest4
ncmiku,PRODUCTION,2023-07-24T10:35:40.000Z,yes,analyticstest4,AnalyticsTest4
ie8qb3,PRODUCTION,2023-07-24T10:37:34.000Z,yes,analyticstest4,AnalyticsTest4
qgc3yz,STAGING,2023-07-24T10:39:53.000Z,yes,analyticstest5,AnalyticsTest5
eya2c7,STAGING,2023-07-24T10:41:53.000Z,yes,analyticstest6,AnalyticsTest6
v87wa6,STAGING,2023-07-24T10:43:06.000Z,yes,analyticstest7,AnalyticsTest7
epuahz,STAGING,2023-07-24T11:13:03.000Z,yes,test_farzin,test farzin
2d2e37,STAGING,2023-07-25T09:23:30.000Z,no,jar,Jar
t6u7ww,STAGING,2023-07-25T14:09:58.000Z,yes,bajaj_finserv_fd,Bajaj Finserv FD
wzi9dm,STAGING,2023-07-25T18:45:13.000Z,no,royal_sundaram,Royal Sundaram
olrmz0,PRODUCTION,2023-07-26T04:19:40.000Z,no,idfc_first_bank,IDFC First Bank
8rf5h4,STAGING,2023-07-26T06:39:56.000Z,no,fampay,Fampay
tybqlg,PRODUCTION,2023-07-26T07:44:09.000Z,no,edelweissgi,EdelweissGI
xw3h99,STAGING,2023-07-26T09:12:27.000Z,no,rpsl,RPSL
diderz,STAGING,2023-07-26T09:37:00.000Z,yes,vkyc_tem3,VKYC Temp
x563gv,PRODUCTION,2023-07-26T09:37:56.000Z,yes,vkyc_temp,vkyc_temp
0nghu7,PRODUCTION,2023-07-26T13:34:37.000Z,yes,dfix,DFIX
le6hdb,STAGING,2023-07-27T08:28:10.000Z,yes,spectra,Spectra
op9uju,STAGING,2023-07-27T10:55:10.000Z,yes,propelld_-_skyc,PropellD - SKYC
v15rtj,STAGING,2023-07-27T11:10:48.000Z,yes,tata_capital_twl,Tata capital twl
4x611q,STAGING,2023-07-27T11:29:27.000Z,yes,propshare_capital,Propshare Capital
k7rg6x,STAGING,2023-07-27T12:14:08.000Z,yes,flexi_loans,Flexiloans
mmqjtc,STAGING,2023-07-27T12:16:45.000Z,no,flexi_loans,Flexiloans
4a11rj,STAGING,2023-07-28T01:54:35.000Z,yes,credenc,Credenc
3204p6,STAGING,2023-07-28T02:29:30.000Z,no,oona_idn,Oona Indonesia
iuej0x,PRODUCTION,2023-07-28T07:38:16.000Z,yes,gradatim,Gradatim
d2fg42,STAGING,2023-07-28T07:50:15.000Z,yes,venkat_subramanian,Venkat Subramanian
bf3wj4,STAGING,2023-07-28T08:17:56.000Z,yes,cholacsel,CholaCSEL
0hbhey,PRODUCTION,2023-07-31T06:05:28.000Z,no,chola_ms_general_insurance,Chola MS General Insurance
b08fxa,STAGING,2023-07-31T15:18:00.000Z,yes,gcash,GCash
vnsnr9,STAGING,2023-07-31T15:29:14.000Z,no,mahindra_financial_services,Mahindra Financial Services
f3m5s7,STAGING,2023-07-31T15:31:44.000Z,yes,mahindra_finance_fixed_deposit,Mahindra Finance Fixed Deposit
2agvbf,STAGING,2023-08-01T05:29:21.000Z,no,hyperverge_engineering_team,HyperVerge Engineering Team
xlzkta,STAGING,2023-08-01T06:08:09.000Z,no,hyperverge_business_team,HyperVerge Business Team
mffx12,STAGING,2023-08-01T06:09:19.000Z,no,venkat_dashboard,Venkat Dashboard
xlezma,PRODUCTION,2023-08-01T09:52:34.000Z,yes,gradatim,Gradatim
6a86qt,STAGING,2023-08-01T10:19:28.000Z,no,treasurepack,TreasurePACK
3mrbve,STAGING,2023-08-01T10:31:41.000Z,yes,at-prod-test-01082023,at-prod-test-01082023
fy5uyd,STAGING,2023-08-01T11:20:41.000Z,no,fibmesh,Fibmesh
dck3ta,PRODUCTION,2023-08-01T11:35:21.000Z,yes,plentina,Plentina
cw1f0l,STAGING,2023-08-01T12:04:16.000Z,yes,kofluence,Kofluence
plsb4r,STAGING,2023-08-02T11:40:08.000Z,yes,fortress,Fortress
jb8rqs,STAGING,2023-08-02T11:44:27.000Z,no,lending_plate,Lending Plate
n55cse,PRODUCTION,2023-08-02T12:47:15.000Z,no,hero_fincorp,Hero Fincorp
r9f9lm,PRODUCTION,2023-08-02T12:54:56.000Z,no,hero_fincorp,Hero Fincorp
8b5204,PRODUCTION,2023-08-02T15:43:46.000Z,yes,BAJ00001,Bajaj Allianz General Insurance Company
d1a52d,PRODUCTION,2023-08-02T15:49:56.000Z,yes,BAJ00001,Bajaj Allianz General Insurance Company
dc88a8,PRODUCTION,2023-08-02T15:50:09.000Z,yes,BAJ00001,Bajaj Allianz General Insurance Company
00d797,PRODUCTION,2023-08-02T15:50:14.000Z,yes,BAJ00001,Bajaj Allianz General Insurance Company
62ac40,PRODUCTION,2023-08-02T15:50:16.000Z,no,karza,Karza
ae64d8,PRODUCTION,2023-08-02T15:50:17.000Z,yes,SOTC,SOTC
c232fa,PRODUCTION,2023-08-02T15:50:19.000Z,yes,Finserv,Bajaj Finserv
97cb3f,PRODUCTION,2023-08-02T15:50:20.000Z,yes,HYPERVERGE,HyperVerge Face General
pingdom,PRODUCTION,2023-08-02T15:50:49.000Z,yes,HYPERVERGE,HyperVerge Face General
19680db8,PRODUCTION,2023-08-02T15:50:52.000Z,yes,HYPERVERGE,HyperVerge Face General
907a66db,PRODUCTION,2023-08-02T15:50:54.000Z,yes,TCS,Tata Consultancy Services TScribe
090811,PRODUCTION,2023-08-02T15:50:55.000Z,yes,HYPERVERGE,HyperVerge Face General
382897,PRODUCTION,2023-08-02T15:50:56.000Z,yes,HYPERVERGE,HyperVerge Face General
demoHV,PRODUCTION,2023-08-02T15:50:58.000Z,yes,HYPERVERGE - internal,HyperVerge - internal
223cff,PRODUCTION,2023-08-02T15:51:05.000Z,yes,INVENTO,Invento
53679e,PRODUCTION,2023-08-02T15:51:23.000Z,yes,ICIC00069,ICICI Lombard
aba723,PRODUCTION,2023-08-02T15:51:25.000Z,yes,KARZ00052,
5abfd2,PRODUCTION,2023-08-02T15:51:46.000Z,yes,FECREDIT,FE Credit
406f97,PRODUCTION,2023-08-02T15:51:48.000Z,yes,FECREDIT-Demo,FE Credit 
63e79a,PRODUCTION,2023-08-02T15:51:50.000Z,yes,HYPERVERGE,HyperVerge Face General
60fbab,STAGING,2023-08-02T15:51:51.000Z,yes,cams_investors,CAMS Investors
ce9af9,PRODUCTION,2023-08-02T15:51:52.000Z,yes,Finserv,Bajaj Finserv
de9967,PRODUCTION,2023-08-02T15:51:53.000Z,yes,CAPSTONE,Capstone Inc
ed939a,PRODUCTION,2023-08-02T15:51:54.000Z,yes,crediton,crediton
04193a,STAGING,2023-08-02T15:51:55.000Z,no,fe_credit,FE Credit
5b26fc,PRODUCTION,2023-08-02T15:51:56.000Z,yes,ccentric,ccentric
922484,PRODUCTION,2023-08-02T15:51:57.000Z,yes,newgen,newgen
348356,PRODUCTION,2023-08-02T15:51:58.000Z,yes,fec-web-vendor,FEC Web Vendor
a8ab2d,PRODUCTION,2023-08-02T15:51:59.000Z,yes,vastu_housing,Vastu Housing
a77f2c,PRODUCTION,2023-08-02T15:52:00.000Z,yes,HYPERVERGE,HyperVerge Face General
647d4c,PRODUCTION,2023-08-02T15:52:02.000Z,yes,adobe-events,Adobe Events
43c476,PRODUCTION,2023-08-02T15:52:03.000Z,yes,HYPERVERGE,HyperVerge Face General
5a2552,PRODUCTION,2023-08-02T15:52:05.000Z,yes,vpbank,VP Bank
b546d7,PRODUCTION,2023-08-02T15:52:05.000Z,yes,VPBank,VP Bank
eb9f78,PRODUCTION,2023-08-02T15:52:07.000Z,yes,bajajfinserv,Bajaj Finserv
43b748,PRODUCTION,2023-08-02T15:52:09.000Z,yes,FECREDIT,FE Credit
abe84d,PRODUCTION,2023-08-02T15:52:11.000Z,yes,FEC-Kuliza,FEC-Kuliza
86439a,PRODUCTION,2023-08-02T15:52:15.000Z,yes,FEC-ccentric,FEC-ccentric
8f8329,PRODUCTION,2023-08-02T15:52:18.000Z,yes,fec-snapwork,FEC-Snapwork
0ca767,PRODUCTION,2023-08-02T15:52:39.000Z,yes,FEC-risk,FEC-Risk-team
6d6f1c,PRODUCTION,2023-08-02T15:52:42.000Z,yes,HYPERVERGE,HyperVerge Face General
f6ecfe,PRODUCTION,2023-08-02T15:52:45.000Z,yes,CIMB Old,CIMB Bank Vietnam Old
0af8c0,PRODUCTION,2023-08-02T15:52:47.000Z,yes,CIMB-very-old,CIMB Bank Vietnam - Old Credentials
4d2024,PRODUCTION,2023-08-02T15:52:50.000Z,no,aditya_birla_finance,Aditya Birla Finance Limited
201361,PRODUCTION,2023-08-02T15:53:14.000Z,yes,rainbow,Rainbow
6155ab,PRODUCTION,2023-08-02T15:53:20.000Z,yes,rainbow,Rainbow
50fedf,PRODUCTION,2023-08-02T15:53:27.000Z,yes,fec-rist-uat,FEC-Risk-UAT
7cdc18,PRODUCTION,2023-08-02T15:53:54.000Z,yes,OMEGAHMS,Omega HMS
692442,PRODUCTION,2023-08-02T15:53:56.000Z,yes,fec-rist-uat,FEC-Risk-UAT
99d83d,PRODUCTION,2023-08-02T15:54:05.000Z,yes,entiger,EN-TIGER
bc9b74,PRODUCTION,2023-08-02T15:54:07.000Z,yes,cimb-old,CIMB Old
3ec1dd,PRODUCTION,2023-08-02T15:54:08.000Z,yes,PLATFORM11,PlatForm 11 Bank Philippines
edb32e,PRODUCTION,2023-08-02T15:54:30.000Z,yes,BPI,BPI Bank Philippines
1da25d,PRODUCTION,2023-08-02T15:54:54.000Z,yes,SECURITYBANK,Security Bank Philippines
d38cf2,PRODUCTION,2023-08-02T15:54:56.000Z,yes,KRAZYBEE App,Krazy Bee App - KB Prod
effc28,PRODUCTION,2023-08-02T15:54:57.000Z,yes,KRAZYBEE,Krazy Bee Services Pvt Ltd - KB Dev
d8e075,PRODUCTION,2023-08-02T15:54:59.000Z,yes,KRAZYBEE,Krazy Bee Services Pvt Ltd - KB Dev
8fd0b5,PRODUCTION,2023-08-02T15:55:00.000Z,yes,KRAZYBEE,Krazy Bee Services Pvt Ltd - KB Dev
5206ea,PRODUCTION,2023-08-02T15:55:02.000Z,yes,METROBANK,METROBANK PLATFORM 11
3993e4,PRODUCTION,2023-08-02T15:55:03.000Z,yes,FEC-Robo-Production,FEC-Robo-Production
aa129d,PRODUCTION,2023-08-02T15:55:04.000Z,yes,HYPERVERGE,HyperVerge Face General
cc94e3,PRODUCTION,2023-08-02T15:55:05.000Z,yes,FEC-EY,FEC-EY
ce0603,PRODUCTION,2023-08-02T15:55:06.000Z,yes,HYPERVERGE,HyperVerge Face General
4d1288,PRODUCTION,2023-08-02T15:55:07.000Z,yes,HYPERVERGE,HyperVerge Face General
b2bbb0,PRODUCTION,2023-08-02T15:55:09.000Z,yes,FEC,
ef90ce,PRODUCTION,2023-08-02T15:55:10.000Z,yes,vymo,vymo
381007,PRODUCTION,2023-08-02T15:55:11.000Z,yes,VPBA00104,
140b49,PRODUCTION,2023-08-02T15:55:12.000Z,yes,ANB,ANB Global
d3659a,PRODUCTION,2023-08-02T15:55:14.000Z,yes,cashmama,Cash Mama
2d5023,PRODUCTION,2023-08-02T15:55:38.000Z,yes,INFINTECH,Infintech Go Rupee
c0ccf5,PRODUCTION,2023-08-02T15:55:43.000Z,yes,TCS,Tata Consultancy Services TScribe
6db63e,PRODUCTION,2023-08-02T15:55:45.000Z,yes,jio,Jio
64f072,PRODUCTION,2023-08-02T15:55:47.000Z,yes,MoneyTap,
de5cbe,PRODUCTION,2023-08-02T15:56:10.000Z,no,telangana_government,Government of Telangana
3b3549,PRODUCTION,2023-08-02T15:56:13.000Z,yes,Srinija,Srinija
c9530a,STAGING,2023-08-02T15:56:15.000Z,no,capfront,Vaibhav Vyapaar
f53434,PRODUCTION,2023-08-02T15:56:17.000Z,no,vodafone,Vodafone
a36f4c,PRODUCTION,2023-08-02T15:56:19.000Z,yes,wecash,WeCash
bbcfef,PRODUCTION,2023-08-02T15:56:20.000Z,yes,CHOLA,Chola
01d6ff,PRODUCTION,2023-08-02T15:56:22.000Z,yes,hdfc-ergo,HDFC Ergo
6db357,PRODUCTION,2023-08-02T15:56:23.000Z,yes,vpbank_sales_app,VPBank Sales Agent App
dc6e1b,PRODUCTION,2023-08-02T15:56:24.000Z,yes,onboard-ios,Onboard iOS App
38ac00,STAGING,2023-08-02T15:56:25.000Z,no,jio,Jio
2d9288,PRODUCTION,2023-08-02T15:56:26.000Z,no,VIRTUSA,Virtusa APIX
b630d8,PRODUCTION,2023-08-02T15:56:28.000Z,yes,PHONEPE,PhonePe
d372a2,PRODUCTION,2023-08-02T15:56:29.000Z,yes,PHONEPE - FLIPKART,PhonePe
201a46,PRODUCTION,2023-08-02T15:56:30.000Z,yes,onboard-android,Onboard Android App
9b68de,PRODUCTION,2023-08-02T15:56:33.000Z,yes,PayU,
be47f4,PRODUCTION,2023-08-02T15:56:34.000Z,yes,capfront-production,Capfront-Production
c7d9cb,PRODUCTION,2023-08-02T15:56:35.000Z,yes,INDIALENDS,IndiaLends
fa6400,PRODUCTION,2023-08-02T15:56:37.000Z,yes,PAYSENSE,PaySense
857acb,PRODUCTION,2023-08-02T15:56:39.000Z,yes,HYPERVERGE,HyperVerge Face General
42eb5c,PRODUCTION,2023-08-02T15:56:43.000Z,yes,JIOPOSDEV,Jio POS Dev
e78528,PRODUCTION,2023-08-02T15:57:12.000Z,no,money_view,MoneyView
6ee19a,PRODUCTION,2023-08-02T15:57:14.000Z,yes,WeShare,We Share
d1c41e,PRODUCTION,2023-08-02T15:57:17.000Z,yes,Home Credit,Home Credit VN SMS Module
556b4d,PRODUCTION,2023-08-02T15:57:18.000Z,yes,CHOLAMANDALAM,Cholamandalam
ce3703,PRODUCTION,2023-08-02T15:57:19.000Z,yes,vodafone-self-activation,Vodafone Self Activation Journey
8d8826,PRODUCTION,2023-08-02T15:57:20.000Z,yes,EKO,Eko India Financial Limited
dbc25d,PRODUCTION,2023-08-02T15:57:21.000Z,yes,perkfinance,Perk Finance
6d6f98,PRODUCTION,2023-08-02T15:57:23.000Z,yes,Kalandricapital,Kalandri Capital
bc5545,PRODUCTION,2023-08-02T15:57:25.000Z,yes,BANKBAZAAR,Bank Bazaar
04ed48,PRODUCTION,2023-08-02T15:57:26.000Z,no,fibe,Fibe
b4f356,PRODUCTION,2023-08-02T15:57:28.000Z,yes,SCRIPBOX,Scripbox
1501f3,PRODUCTION,2023-08-02T15:57:29.000Z,yes,Epoch,Duandai
81579b,PRODUCTION,2023-08-02T15:57:30.000Z,yes,Epoch,Duandai
099420,PRODUCTION,2023-08-02T15:57:31.000Z,yes,FEC_Pega_UAT,FEC Pega MasterDB UAT
04a14e,PRODUCTION,2023-08-02T15:57:34.000Z,yes,MAXLIFE,Max Life Insurance
257aed,PRODUCTION,2023-08-02T15:57:36.000Z,yes,AdityaBirlaCapital,Aditya Birla Capital Dev
b29ace,PRODUCTION,2023-08-02T15:57:37.000Z,yes,bounce,BOUNCE
349876,PRODUCTION,2023-08-02T15:57:39.000Z,no,tcs-federal-bank,TCS Federal Bank
f24ac6,PRODUCTION,2023-08-02T15:57:40.000Z,yes,tcs-federal-bank,TCS Federal Bank
74453a,PRODUCTION,2023-08-02T15:57:49.000Z,yes,ONEPOINTONE,One point one
687e39,PRODUCTION,2023-08-02T15:58:10.000Z,yes,perfios,Perfios
7e1d67,PRODUCTION,2023-08-02T15:58:12.000Z,yes,nivedita,Nivedita
3ff6da,PRODUCTION,2023-08-02T15:58:13.000Z,no,ltfs,LTFS
2b36b2,PRODUCTION,2023-08-02T15:58:14.000Z,yes,CASHNOW,Cash Now
64e560,PRODUCTION,2023-08-02T15:58:15.000Z,yes,JIOATT,Jio Attendance Solution
fcac38,PRODUCTION,2023-08-02T15:58:17.000Z,yes,yolo,Yolo
a77ecd,PRODUCTION,2023-08-02T15:58:18.000Z,no,vodafone,Vodafone
aecf7f,PRODUCTION,2023-08-02T15:58:19.000Z,yes,desicrew-server-monitoring,Desicrew Internal
837e42,PRODUCTION,2023-08-02T15:58:20.000Z,yes,Z2P,Z2P
9aafa0,PRODUCTION,2023-08-02T15:58:21.000Z,yes,PROPELLD,Propelld
7e3aad,PRODUCTION,2023-08-02T15:58:22.000Z,yes,AIRTELAFRICA,Airtel Africa
618841,PRODUCTION,2023-08-02T15:58:23.000Z,yes,WESHARE,WeShare
9cd830,PRODUCTION,2023-08-02T15:58:24.000Z,yes,FINSERVDIRECT,Finserv Direct
18453f,PRODUCTION,2023-08-02T15:58:26.000Z,yes,HYPERVERGE,HyperVerge Face General
a77ecd_shadow,PRODUCTION,2023-08-02T15:58:27.000Z,yes,VIL,Vodafone Idea Shadow
e298e6,PRODUCTION,2023-08-02T15:58:28.000Z,no,jio,Jio
846624,PRODUCTION,2023-08-02T15:58:29.000Z,yes,FINSERVCREDITFRONT,Finserv Credit Cards Front
f62018,PRODUCTION,2023-08-02T15:58:30.000Z,yes,SmartEZ,Smart EZ
1f3f99,PRODUCTION,2023-08-02T15:58:32.000Z,yes,GOUPWARD,go-upward
d33ea7,PRODUCTION,2023-08-02T15:58:34.000Z,yes,cash24,Cash 24
d492fd,PRODUCTION,2023-08-02T15:58:35.000Z,yes,JOCATA,JOCATA
d0fadb,PRODUCTION,2023-08-02T15:58:36.000Z,yes,VIL,Vodafone Idea Shadow
6db63e_shadow,PRODUCTION,2023-08-02T15:58:37.000Z,yes,JIOSHADOW,Jio Shadow
586a5d,PRODUCTION,2023-08-02T15:58:38.000Z,yes,gojek,GoJek
be17bb,PRODUCTION,2023-08-02T15:58:40.000Z,yes,client-demo-app,Client specific demo app
8ae432,PRODUCTION,2023-08-02T15:58:52.000Z,yes,monexo,Monexo
60ef8f,PRODUCTION,2023-08-02T15:58:54.000Z,yes,CreditSaison,Credit Saison
6db63e_shadow1,PRODUCTION,2023-08-02T15:59:02.000Z,yes,JIOSHADOW1,Jio Shadow
ef1cbf,PRODUCTION,2023-08-02T15:59:05.000Z,yes,momo-wallet-prod-main,Momo Wallet
affe18,PRODUCTION,2023-08-02T15:59:06.000Z,yes,PAYNEARBY,PayNearby
e6633c,PRODUCTION,2023-08-02T15:59:08.000Z,yes,ICBC,ICBC-LoanCloud-DKYC-Prod
d19bef,PRODUCTION,2023-08-02T15:59:15.000Z,yes,icarebenefits,iCare Benefits
db1c45,PRODUCTION,2023-08-02T15:59:34.000Z,yes,TANGBULL,tangbull
afa38d,PRODUCTION,2023-08-02T15:59:38.000Z,yes,data-collection,Data Collection
9b7f83,PRODUCTION,2023-08-02T15:59:40.000Z,yes,BlackBuck,BlackBuck
190e4d,PRODUCTION,2023-08-02T15:59:42.000Z,yes,BlackBuck,BlackBuck
817ad5,PRODUCTION,2023-08-02T15:59:43.000Z,yes,gojek-gofood,GoJek - GoFood
072b42,PRODUCTION,2023-08-02T15:59:45.000Z,yes,rainbow-hero,Diamond Star Financials - Rainbow Heroes
6e08d9,STAGING,2023-08-02T15:59:46.000Z,yes,hyperverge_ai_team,HyperVerge AI Team
2cdb8b,PRODUCTION,2023-08-02T16:00:05.000Z,yes,gojek-driver-auth-staging,GoJek Driver Authentication Staging
c565ef,PRODUCTION,2023-08-02T16:00:08.000Z,yes,CreditSaisonInd,Credit Saison
59961b,PRODUCTION,2023-08-02T16:00:09.000Z,yes,TCSCKYC,TCS-CKYC
25167a,PRODUCTION,2023-08-02T16:00:10.000Z,yes,Epoch,Duandai
36902e,PRODUCTION,2023-08-02T16:00:12.000Z,yes,mobikwik,Mobikwik
ed30a3,PRODUCTION,2023-08-02T16:00:13.000Z,yes,HIMONEY,Hi Money
e50a9c,PRODUCTION,2023-08-02T16:00:14.000Z,yes,ATOMEFIN,Atome Financials
f761d7,PRODUCTION,2023-08-02T16:00:15.000Z,yes,FinservCD,Finserv Consumer Durables 2019
6faeb3,PRODUCTION,2023-08-02T16:00:16.000Z,yes,DOOWIN,Doowin
bd5088,PRODUCTION,2023-08-02T16:00:18.000Z,yes,got-aasara,Government of Telangana - Aasara App
37e827,PRODUCTION,2023-08-02T16:00:20.000Z,yes,credit-vidya,Credit Vidya
7f8457,PRODUCTION,2023-08-02T16:00:21.000Z,no,snap_mint,SnapMint
42816e,PRODUCTION,2023-08-02T16:00:22.000Z,yes,TRANSFERWISE,Transfer Wise
99ef15,PRODUCTION,2023-08-02T16:00:24.000Z,no,ltfs,LTFS
dca61a,PRODUCTION,2023-08-02T16:00:27.000Z,yes,digicash,Digicash
d207af,PRODUCTION,2023-08-02T16:00:30.000Z,yes,HYPERVERGE,HyperVerge Face General
ad8dd0,PRODUCTION,2023-08-02T16:00:35.000Z,yes,Epoch,Duandai
5c24cc,PRODUCTION,2023-08-02T16:01:14.000Z,yes,Epoch,Duandai
91411f,PRODUCTION,2023-08-02T16:01:16.000Z,yes,Epoch,Duandai
59d527,PRODUCTION,2023-08-02T16:01:17.000Z,yes,vymo-demo,Vymo Demo Apps
c6ecf0,PRODUCTION,2023-08-02T16:01:19.000Z,yes,krazybee-cardbee-duplicate,CardBee app by KrazyBee - to be deleted
d8f37e,PRODUCTION,2023-08-02T16:01:20.000Z,yes,western-banyan-tech,Royal Loan App - Western Banyan Tech
b34b26,PRODUCTION,2023-08-02T16:01:22.000Z,yes,Finbro,FinBro
116af7,PRODUCTION,2023-08-02T16:01:23.000Z,yes,sud-life,SUD-Life
ea7611,PRODUCTION,2023-08-02T16:01:24.000Z,yes,SUDLIFE,SudLife
9607a4,PRODUCTION,2023-08-02T16:01:25.000Z,yes,badri-hv,Badri-HV
6bdbf8,PRODUCTION,2023-08-02T16:01:26.000Z,yes,HYPERVERGE,HyperVerge Face General
1b2b2a,PRODUCTION,2023-08-02T16:01:28.000Z,no,axio,Axio
7e16e7,PRODUCTION,2023-08-02T16:01:29.000Z,yes,qbera-offline-aadhaar,Qbera Offline Aadhaar
9a377c,PRODUCTION,2023-08-02T16:01:30.000Z,no,AadhaarXMLInternal,AadhaarXMLInternal
345a29,PRODUCTION,2023-08-02T16:01:32.000Z,yes,Landbank UAT,Landbank
5ced62,PRODUCTION,2023-08-02T16:01:33.000Z,yes,PENDANAAN,Pendanaan
348c01,PRODUCTION,2023-08-02T16:01:34.000Z,yes,qa-hyperverge,QA HyperVerge
6af0c2,PRODUCTION,2023-08-02T16:01:34.000Z,yes,Epoch,Duandai
c4382d,PRODUCTION,2023-08-02T16:01:36.000Z,yes,xBankAPIx,XBank
15533a,PRODUCTION,2023-08-02T16:01:37.000Z,yes,LTFS,
b67c67,PRODUCTION,2023-08-02T16:01:38.000Z,yes,Credicxo,Credicxo Technologies Pvt Ltd
d7fb98,PRODUCTION,2023-08-02T16:01:40.000Z,yes,krazybee-krazybee-app-staging,Krazybee - KrazyBee app - Staging
8a3ffe,PRODUCTION,2023-08-02T16:01:41.000Z,yes,krazybee-cardbee-app-staging-delete,Krazybee's CardBee app - staging - delete
916a88,PRODUCTION,2023-08-02T16:01:42.000Z,yes,GovernementOfTelangana,Government of Telangana POC for Transport Dept
68dbd8,PRODUCTION,2023-08-02T16:01:44.000Z,yes,YOTI,YOTI
6467e4,PRODUCTION,2023-08-02T16:01:46.000Z,yes,shbfc,SHBFC
34d34c,PRODUCTION,2023-08-02T16:01:47.000Z,yes,ibs,Infopro Business Solutions
22bbb5,PRODUCTION,2023-08-02T16:02:12.000Z,yes,INDIABULLS,India Bulls
11472e,PRODUCTION,2023-08-02T16:02:39.000Z,yes,tcb,Techcom Bank
f78574,PRODUCTION,2023-08-02T16:02:42.000Z,yes,Epoch,Duandai
608f98,PRODUCTION,2023-08-02T16:02:43.000Z,yes,CHOLA,Chola
889839,PRODUCTION,2023-08-02T16:02:44.000Z,yes,ANOORCLOUD,anoorcloud
63f7a0,PRODUCTION,2023-08-02T16:02:46.000Z,yes,grandlane,Grandlane
66bf42,PRODUCTION,2023-08-02T16:02:47.000Z,yes,easycreditpoc,Easy Credit POC
47b6b7,PRODUCTION,2023-08-02T16:02:48.000Z,yes,easycredit,EasyCredit
af797e,PRODUCTION,2023-08-02T16:02:49.000Z,yes,MAGICBEYOND,Magic Beyond
4542f1,PRODUCTION,2023-08-02T16:02:50.000Z,yes,HYPERVERGE,HyperVerge Face General
1e3198,PRODUCTION,2023-08-02T16:02:51.000Z,yes,BAJ00001,Bajaj Allianz General Insurance Company
4fc1f1,PRODUCTION,2023-08-02T16:02:53.000Z,yes,CASHBEAN,Cash Bean
8e3a8a,PRODUCTION,2023-08-02T16:02:55.000Z,yes,MADELEPHANT,Mad Elephant
783c4a,PRODUCTION,2023-08-02T16:02:57.000Z,yes,APPTUFFANRUPPES,App Tufan Ruppes
987b48,PRODUCTION,2023-08-02T16:02:59.000Z,yes,Early Salary,
5932b0,STAGING,2023-08-02T16:03:01.000Z,yes,fibe,Fibe
900d3a,STAGING,2023-08-02T16:03:03.000Z,yes,fibe,Fibe
16d0e8,PRODUCTION,2023-08-02T16:03:04.000Z,yes,VIL,Vodafone Idea Shadow
115902,PRODUCTION,2023-08-02T16:03:05.000Z,yes,vastu_finance,Vastu Finance
5657dc,PRODUCTION,2023-08-02T16:03:13.000Z,yes,Epoch,Duandai
9c546b,PRODUCTION,2023-08-02T16:03:15.000Z,yes,Epoch,Duandai
0c2fca,PRODUCTION,2023-08-02T16:03:19.000Z,yes,Epoch,Duandai
c5b24d,PRODUCTION,2023-08-02T16:03:22.000Z,yes,Epoch,Duandai
e51903,PRODUCTION,2023-08-02T16:03:24.000Z,yes,Epoch,Duandai
c465ce,PRODUCTION,2023-08-02T16:03:26.000Z,yes,shubhLoans,Shubh Loans
9ac49d,PRODUCTION,2023-08-02T16:03:27.000Z,yes,Moneed,Moneed SMS
3586eb,PRODUCTION,2023-08-02T16:03:29.000Z,yes,FEC Credit Cards,Line of Credits - FEC
7c5b28,PRODUCTION,2023-08-02T16:03:30.000Z,yes,WHALETECH,WhaleTech
b803b1,PRODUCTION,2023-08-02T16:03:38.000Z,yes,liveness-demo-vietnam,Liveness Demo App Vietnam
4820a9,PRODUCTION,2023-08-02T16:04:09.000Z,no,fibe,Fibe
dcbb14,PRODUCTION,2023-08-02T16:04:11.000Z,yes,cashe,CASHe
b31347,PRODUCTION,2023-08-02T16:04:17.000Z,yes,Cash24,"Cash24, FEC"
fcefbc,STAGING,2023-08-02T16:04:23.000Z,no,grab,Grab
6e0e6b,PRODUCTION,2023-08-02T16:04:24.000Z,yes,CASHFISH,Cash Fish
5efadf,PRODUCTION,2023-08-02T16:04:34.000Z,yes,GARA00008,
212198,PRODUCTION,2023-08-02T16:04:42.000Z,yes,Epoch,Duandai
10ffe8,PRODUCTION,2023-08-02T16:04:45.000Z,no,cimb,CIMB
88f3a9,PRODUCTION,2023-08-02T16:04:46.000Z,yes,oncredit,OnCredit
eb33b8,PRODUCTION,2023-08-02T16:04:47.000Z,yes,vib,VIB - Vietnam International Bank
5c18cb,PRODUCTION,2023-08-02T16:04:48.000Z,yes,FEC Bank Assurance,Banca Business
91af30,PRODUCTION,2023-08-02T16:04:50.000Z,yes,Epoch,Duandai
eede61,PRODUCTION,2023-08-02T16:04:51.000Z,yes,payme,Payme
2130b7,PRODUCTION,2023-08-02T16:04:52.000Z,yes,LEXIN,Lexin SMS
e6f667,PRODUCTION,2023-08-02T16:04:54.000Z,yes,YUEDIANDIAN,Yuediandian
f9b8eb,PRODUCTION,2023-08-02T16:05:02.000Z,yes,RUPEEPLUS,Rupee Plus
5e8497,PRODUCTION,2023-08-02T16:05:43.000Z,yes,LEXIN,Lexin SMS
672325,PRODUCTION,2023-08-02T16:05:45.000Z,yes,MagicBeyond,Magic Beyond
bad7ed,PRODUCTION,2023-08-02T16:05:46.000Z,yes,Epoch,Duandai
aaf0c1,PRODUCTION,2023-08-02T16:05:47.000Z,yes,HUMANX,Human X
8c380f,PRODUCTION,2023-08-02T16:05:49.000Z,yes,NOVACTECH,NovacTech
08190d,PRODUCTION,2023-08-02T16:05:50.000Z,yes,Epoch,Duandai
db3d60,PRODUCTION,2023-08-02T16:05:51.000Z,yes,mcredit,MCredit
acfd8d,STAGING,2023-08-02T16:05:53.000Z,yes,smart_pay,Smart Net Trading Service Company Limited
a0c57c,PRODUCTION,2023-08-02T16:05:54.000Z,yes,ocb,OCB
22deb7,PRODUCTION,2023-08-02T16:05:56.000Z,yes,LTFS,
566ed5,PRODUCTION,2023-08-02T16:05:57.000Z,yes,hyperverge-heart-beat,HyperVerge Heart Beat
8b7c35,PRODUCTION,2023-08-02T16:05:58.000Z,yes,Epoch,Duandai
c60300,PRODUCTION,2023-08-02T16:05:59.000Z,yes,Epoch,Duandai
bdb749,PRODUCTION,2023-08-02T16:06:01.000Z,yes,mirae,Mirae Asset Finance Vietnam
d87229,PRODUCTION,2023-08-02T16:06:02.000Z,yes,Epoch,Duandai
64b14a,PRODUCTION,2023-08-02T16:06:04.000Z,yes,ola,Ola Wallet
11a94f,PRODUCTION,2023-08-02T16:06:05.000Z,yes,one-click-money,One Click Money
21f5df,PRODUCTION,2023-08-02T16:06:06.000Z,yes,LEXIN-PL,Lexin PL
f6b0a0,PRODUCTION,2023-08-02T16:06:09.000Z,yes,INCRED,InCred
9397be,PRODUCTION,2023-08-02T16:06:10.000Z,yes,Anniu,Anniu
129426,PRODUCTION,2023-08-02T16:06:11.000Z,yes,SOCI00038,
55c39a,PRODUCTION,2023-08-02T16:06:13.000Z,no,cams,CAMS
d5bf76,PRODUCTION,2023-08-02T16:06:14.000Z,yes,CASHEW,Cashew
1e117d,PRODUCTION,2023-08-02T16:06:16.000Z,yes,CLICKMONEY,Click Money
5d0ad9,PRODUCTION,2023-08-02T16:06:20.000Z,yes,Epoch,Duandai
244af5,STAGING,2023-08-02T16:06:22.000Z,yes,monexo,Monexo
c1aa0e,PRODUCTION,2023-08-02T16:06:24.000Z,no,ltfs,LTFS
3cf50f,PRODUCTION,2023-08-02T16:06:30.000Z,yes,kyt,kyt
82ab1c,PRODUCTION,2023-08-02T16:06:36.000Z,yes,HYPERVERGE,HyperVerge Face General
fd30ca,PRODUCTION,2023-08-02T16:06:49.000Z,yes,thinhphat,Thinhphat
416359,PRODUCTION,2023-08-02T16:06:52.000Z,yes,SMARTFREN,SmartFren
ddbc8d,PRODUCTION,2023-08-02T16:06:55.000Z,yes,KarnatakaGov,Karnataka Government
2e36c3,PRODUCTION,2023-08-02T16:06:56.000Z,yes,PayU,
d69026,PRODUCTION,2023-08-02T16:07:14.000Z,yes,LendKaro,LendKaro
6c5eaf,PRODUCTION,2023-08-02T16:07:27.000Z,yes,STASHFIN,Stashfin
ea12e0,PRODUCTION,2023-08-02T16:07:29.000Z,yes,Finserv,Bajaj Finserv
ba87f8,PRODUCTION,2023-08-02T16:07:32.000Z,yes,TVSCREDIT,TVS Credit
b10b05,PRODUCTION,2023-08-02T16:07:59.000Z,yes,ADVOK8,Advok8
12d35c,PRODUCTION,2023-08-02T16:08:03.000Z,yes,Snapmint,
749815,PRODUCTION,2023-08-02T16:08:05.000Z,yes,VIL,Vodafone Idea Shadow
e37993,PRODUCTION,2023-08-02T16:08:06.000Z,no,vested_finance,Vested Finance Limited
87b02f,PRODUCTION,2023-08-02T16:08:08.000Z,yes,LENDINGKART,LendingKart
331185,PRODUCTION,2023-08-02T16:08:09.000Z,yes,Epoch,Duandai
c6b367,PRODUCTION,2023-08-02T16:08:10.000Z,yes,Epoch,Duandai
c4797c,PRODUCTION,2023-08-02T16:08:11.000Z,yes,Epoch,Duandai
1e8364,PRODUCTION,2023-08-02T16:08:12.000Z,yes,Epoch,Duandai
9fdbcc,PRODUCTION,2023-08-02T16:08:13.000Z,yes,Epoch,Duandai
a16bd0,PRODUCTION,2023-08-02T16:08:15.000Z,yes,BounceTesting,Bounce
facac7,PRODUCTION,2023-08-02T16:08:17.000Z,yes,Epoch,Duandai
4255e6,PRODUCTION,2023-08-02T16:08:18.000Z,yes,MONEXO-PROD,Monexo Prod
9151f8,PRODUCTION,2023-08-02T16:08:20.000Z,no,axio,Axio
d6590a,PRODUCTION,2023-08-02T16:08:22.000Z,yes,Epoch,Duandai
281dcf,PRODUCTION,2023-08-02T16:08:24.000Z,yes,TufanRupee- Tufan Rupee app,Tufan Rupee
d2fc26,PRODUCTION,2023-08-02T16:08:25.000Z,yes,LEND00032,
b78684,PRODUCTION,2023-08-02T16:08:26.000Z,yes,Bharat Matrimony,Bharat Matrimony
874244,STAGING,2023-08-02T16:08:28.000Z,no,lenden_club,Lenden Club
8a3945,PRODUCTION,2023-08-02T16:09:00.000Z,yes,CAMS-MF,CAMS Mutual Funds
d6deac,PRODUCTION,2023-08-02T16:09:05.000Z,yes,Epoch,Duandai
5825b8,PRODUCTION,2023-08-02T16:09:08.000Z,yes,MicroCard,MicroCard
38bc8d,PRODUCTION,2023-08-02T16:09:09.000Z,no,lenden_club,Lenden Club
3ace49,PRODUCTION,2023-08-02T16:09:10.000Z,yes,Epoch,Duandai
966b7f,PRODUCTION,2023-08-02T16:09:12.000Z,yes,ocbcomb,OCB COM-B
1fa2f6,PRODUCTION,2023-08-02T16:09:15.000Z,yes,Epoch,Duandai
719eca,PRODUCTION,2023-08-02T16:09:16.000Z,yes,ADVOK8-PROD,Advok8 Prod
cd8089,PRODUCTION,2023-08-02T16:09:17.000Z,yes,Epoch,Duandai
f8fb09,PRODUCTION,2023-08-02T16:09:19.000Z,no,hyperverge_production_systems,HyperVerge Production Systems
6657a1,PRODUCTION,2023-08-02T16:09:20.000Z,yes,ADITYABIRLASUNLIFE,Aditya Birla Sun Life Insurance
be887f,PRODUCTION,2023-08-02T16:09:21.000Z,yes,PAISABAZAAR,Paisa Bazaar
28ee85,PRODUCTION,2023-08-02T16:09:22.000Z,yes,BRANCH,Branch
fdc57b,PRODUCTION,2023-08-02T16:09:22.000Z,yes,vastu_housing,Vastu Housing
90515d,PRODUCTION,2023-08-02T16:09:24.000Z,yes,JodoPay,JodoPay
6f390a,PRODUCTION,2023-08-02T16:09:25.000Z,yes,Epoch,Duandai
aa2798,PRODUCTION,2023-08-02T16:09:26.000Z,yes,ADITYABIRLASUNLIFECHEQUE,Aditya Birla Sun Life Insurance Cheque
dcdc5d,PRODUCTION,2023-08-02T16:09:28.000Z,yes,AdityaBirlaCapital,Aditya Birla Capital Dev
63db8d,PRODUCTION,2023-08-02T16:09:29.000Z,yes,microcard-2nd product,microcard
52404a,PRODUCTION,2023-08-02T16:09:32.000Z,yes,go-upward,go-upward
57e90a,PRODUCTION,2023-08-02T16:09:38.000Z,yes,vapt,VAPT
cda3f0,PRODUCTION,2023-08-02T16:09:59.000Z,yes,ZETA-TEST,Zeta (Test)
61e570,PRODUCTION,2023-08-02T16:10:18.000Z,yes,bounce_poc,bounce_poc
7d373f,PRODUCTION,2023-08-02T16:10:21.000Z,yes,VAPTINDIA1,VAPT test
18887a,PRODUCTION,2023-08-02T16:10:23.000Z,yes,microcard,microcard
861c72,PRODUCTION,2023-08-02T16:10:26.000Z,yes,yeye_cash,YEYE CASH
302949,STAGING,2023-08-02T16:10:28.000Z,no,smart_coin,SmartCoin
101343,PRODUCTION,2023-08-02T16:10:31.000Z,yes,FLIP00065,
066284,PRODUCTION,2023-08-02T16:10:32.000Z,yes,amazon-pay,amazon-pay
750e4a,PRODUCTION,2023-08-02T16:10:34.000Z,yes,tinhvan,Tinhvan
fad036,PRODUCTION,2023-08-02T16:10:35.000Z,yes,Epoch,Duandai
248e63,PRODUCTION,2023-08-02T16:10:36.000Z,yes,perfios-video-kyc-demo,perfios-video-kyc-demo
350fd4,PRODUCTION,2023-08-02T16:10:37.000Z,yes,LEXIN-PL-PROD,Lexin PL
1daab1,PRODUCTION,2023-08-02T16:10:38.000Z,yes,CLICKMONEY-PROD,ClickMoney
a5ded9,PRODUCTION,2023-08-02T16:10:39.000Z,yes,AB_Cash,AB Cash
c87143,PRODUCTION,2023-08-02T16:10:41.000Z,yes,PaymeIndia-production,Payme
6dd66c,PRODUCTION,2023-08-02T16:10:42.000Z,yes,PaymeIndia-production,Payme
261b62,PRODUCTION,2023-08-02T16:10:44.000Z,yes,EpiFi,EpiFi
dfa265,PRODUCTION,2023-08-02T16:10:45.000Z,yes,LINZI,Linzi
c4738a,PRODUCTION,2023-08-02T16:10:46.000Z,yes,Fullerton,Fullerton
1082a2,PRODUCTION,2023-08-02T16:10:47.000Z,yes,GOVTJHAR,Goverment of Jharkhand
640048,PRODUCTION,2023-08-02T16:10:53.000Z,yes,acb,ACB
2b6e66,PRODUCTION,2023-08-02T16:11:24.000Z,yes,BANKBAZAAR-2,BankBazaar
46c143,PRODUCTION,2023-08-02T16:11:25.000Z,yes,ola,Ola Wallet
597a4a,PRODUCTION,2023-08-02T16:11:27.000Z,yes,Epoch,Duandai
27ab91,PRODUCTION,2023-08-02T16:11:28.000Z,yes,Jocata-video-kyc-demo,Jocata
aefedd,PRODUCTION,2023-08-02T16:11:30.000Z,yes,dcb-video-kyc,dcb
ec042a,PRODUCTION,2023-08-02T16:11:31.000Z,yes,Early Salary,
8821d8,PRODUCTION,2023-08-02T16:11:32.000Z,yes,GOVTTELAN,Goverment of Telangana
69ab4c,PRODUCTION,2023-08-02T16:11:33.000Z,yes,government-of-karnataka-covid-19,Government of Karnataka COVID-19 Corona
a80bf2,PRODUCTION,2023-08-02T16:11:34.000Z,yes,VIL,Vodafone Idea Shadow
a43413,PRODUCTION,2023-08-02T16:11:35.000Z,no,vodafone,Vodafone
53f3a6,PRODUCTION,2023-08-02T16:11:36.000Z,yes,GOVTTELAN-DIGITAL-PASS,Goverment of Telangana
ade6b1,PRODUCTION,2023-08-02T16:11:37.000Z,yes,hyperverge-videokyc-demo,hyperverge
a31912,PRODUCTION,2023-08-02T16:11:38.000Z,yes,tata_capital,Tata Capital
622340,PRODUCTION,2023-08-02T16:11:39.000Z,yes,TRANSUNION,TransUnion
577288,PRODUCTION,2023-08-02T16:11:40.000Z,yes,transUnion,Trans Union
f67913,PRODUCTION,2023-08-02T16:11:41.000Z,yes,LTFS,
88259f,PRODUCTION,2023-08-02T16:11:42.000Z,yes,PHARMEASY-COVID19,Pharmeasy COVID19
d69508,PRODUCTION,2023-08-02T16:11:43.000Z,yes,SAFEZONE-COVID19,SafeZone COVID19
2aee82,PRODUCTION,2023-08-02T16:11:46.000Z,yes,KNOCKKNOCK,KnockKnock
78cdf4,PRODUCTION,2023-08-02T16:11:48.000Z,yes,VIL-SELF-VKYC,VIL Self VKYC
b4a872,PRODUCTION,2023-08-02T16:11:50.000Z,yes,Momo Lending,Momo Lending via FEC
2f6ce9,PRODUCTION,2023-08-02T16:11:52.000Z,yes,fec-fraud-poc,FEC Fraud POC
dc781d,PRODUCTION,2023-08-02T16:12:02.000Z,yes,HYPERVERGE,HyperVerge Face General
509bc8,PRODUCTION,2023-08-02T16:12:04.000Z,yes,Epoch,Duandai
5024ac,PRODUCTION,2023-08-02T16:12:09.000Z,yes,Epoch,Duandai
538558,PRODUCTION,2023-08-02T16:12:15.000Z,yes,FINBRO,FinBro
1ba606,PRODUCTION,2023-08-02T16:12:17.000Z,yes,Truthigh,Truthigh_paycredit
f9c095,PRODUCTION,2023-08-02T16:12:18.000Z,yes,BANKBAZAAR,Bank Bazaar
3956a0,PRODUCTION,2023-08-02T16:12:19.000Z,yes,Yomoyo,Yomoyo
f54fa6,PRODUCTION,2023-08-02T16:12:21.000Z,yes,NAVI,Navi
54bb05,PRODUCTION,2023-08-02T16:12:40.000Z,yes,CYRAACS,CyRAACS
94aafc,PRODUCTION,2023-08-02T16:12:53.000Z,yes,CrystalCredit,CRYSTALCREDIT
5fa101,STAGING,2023-08-02T16:12:55.000Z,no,apollo_finvest,Apollo Finvest
67b04f,PRODUCTION,2023-08-02T16:12:57.000Z,yes,vested_test,vested
c0c938,PRODUCTION,2023-08-02T16:12:58.000Z,yes,ZETA-DB-PROD,Zeta DB Check (Production)
c76420,PRODUCTION,2023-08-02T16:13:00.000Z,yes,LTFS,
d2ac67,STAGING,2023-08-02T16:13:01.000Z,no,vodafone,Vodafone
74c360,PRODUCTION,2023-08-02T16:13:03.000Z,yes,TP-BANK,TP Bank
7739ab,PRODUCTION,2023-08-02T16:13:28.000Z,yes,Hyperverge - Vietname NID forgery detection,Hyperverge
3bc2e0,PRODUCTION,2023-08-02T16:13:31.000Z,yes,SAVEMO-POC,Savemo (POC) - DEFUNCT
4d2c58,PRODUCTION,2023-08-02T16:13:33.000Z,yes,SAVEMO-TEST,Savemo TEST
96bc66,PRODUCTION,2023-08-02T16:13:35.000Z,yes,OKCREDIT,OkCredit
919dca,PRODUCTION,2023-08-02T16:13:36.000Z,yes,CASHBEAN-POC,CashBean (PC Finserv) POC
16e00f,PRODUCTION,2023-08-02T16:13:37.000Z,yes,FEC-WHITELABEL-VENDORS-PROD,FEC Whitelabel Vendors Production
78a3af,PRODUCTION,2023-08-02T16:13:38.000Z,yes,FAIRMONEY,FairMoney
e099b2,STAGING,2023-08-02T16:13:39.000Z,no,gic_housing_finance,GIC Housing Finance
8f0df4,STAGING,2023-08-02T16:13:40.000Z,no,quick_ride,QuickRide
48b42f,PRODUCTION,2023-08-02T16:13:41.000Z,no,pay_u,PayU
6a3145,PRODUCTION,2023-08-02T16:13:42.000Z,yes,ZOMA00028,ZOMATO
ea0ec3,STAGING,2023-08-02T16:13:43.000Z,no,grab,Grab
97993a,PRODUCTION,2023-08-02T16:13:44.000Z,yes,Truthigh,Truthigh_paycredit
469033,PRODUCTION,2023-08-02T16:13:45.000Z,yes,tcb-demo,TCB Demo
e8d6b6,PRODUCTION,2023-08-02T16:13:46.000Z,yes,oncredit,OnCredit
6a8229,PRODUCTION,2023-08-02T16:13:47.000Z,yes,oneclickmoney-orion,One Click Money Orion
3d1349,PRODUCTION,2023-08-02T16:13:49.000Z,yes,drdong,Dr Dong
a22981,PRODUCTION,2023-08-02T16:13:51.000Z,yes,cash24-orion,Cash24 Orion
906a71,PRODUCTION,2023-08-02T16:13:52.000Z,yes,atm_online,ATM Online
54e0d3,PRODUCTION,2023-08-02T16:13:54.000Z,yes,hv-mf1-client,HV MF1 Internal Testing
0abef8,PRODUCTION,2023-08-02T16:14:09.000Z,yes,hv-mf2-client,HV MF2 Internal Testing
74583e,PRODUCTION,2023-08-02T16:14:31.000Z,yes,IDFC-VideoKYC-POC,IDFC First
47dc3b,PRODUCTION,2023-08-02T16:14:32.000Z,yes,NAVI,Navi
7d8d40,PRODUCTION,2023-08-02T16:14:34.000Z,yes,BOB,BOB whatsapp bot
4212fb,PRODUCTION,2023-08-02T16:14:36.000Z,yes,KA-GOV-POC,Karnataka-Government-POC
e9a0c3,PRODUCTION,2023-08-02T16:14:38.000Z,yes,SBI CARDS,
65b846,PRODUCTION,2023-08-02T16:14:40.000Z,yes,Truthigh,Truthigh_paycredit
56f606,PRODUCTION,2023-08-02T16:14:43.000Z,yes,CRYSTALCREDIT-PROD,CrystalCredit
f040a4,PRODUCTION,2023-08-02T16:14:45.000Z,yes,Truthigh,Truthigh_paycredit
8cd200,PRODUCTION,2023-08-02T16:14:46.000Z,yes,karnataka-gov-test-2_6_20,karnataka gov
3ee00b,PRODUCTION,2023-08-02T16:14:48.000Z,yes,ALPHA-FINSOFT POC,Alpha Finsoft POC
d3bc01,STAGING,2023-08-02T16:14:49.000Z,no,snap_mint,SnapMint
701efc,PRODUCTION,2023-08-02T16:14:51.000Z,yes,Snapmint,
5e10ff,PRODUCTION,2023-08-02T16:14:52.000Z,yes,KUDOS-VKYC-POC,Kudos Video KYC POC
566c11,PRODUCTION,2023-08-02T16:14:53.000Z,yes,Paytm-test,Paytm
ff672c,PRODUCTION,2023-08-02T16:14:55.000Z,yes,FULLERTON-VIDEOKYC-DEV,Fullerton VideoKYC Dev
d68094,PRODUCTION,2023-08-02T16:15:25.000Z,yes,SBI,SBI
f12407,PRODUCTION,2023-08-02T16:15:27.000Z,yes,TIPL00071,tiplur_test
0557c3,PRODUCTION,2023-08-02T16:15:29.000Z,yes,Happay,Happay
05c8b8,PRODUCTION,2023-08-02T16:15:31.000Z,yes,ZOMA00028,ZOMATO
d3673d,PRODUCTION,2023-08-02T16:15:32.000Z,yes,GOV-KA-FACE-MATCH-POC,Govt of Karnataka Face Match POC
b15509,PRODUCTION,2023-08-02T16:15:33.000Z,no,hyperverge_business_team,HyperVerge Business Team
07706f,PRODUCTION,2023-08-02T16:15:35.000Z,yes,mbank,MBank
299000,STAGING,2023-08-02T16:15:37.000Z,no,hyperverge_engineering_team,HyperVerge Engineering Team
e8345f,PRODUCTION,2023-08-02T16:15:38.000Z,no,grab,Grab
c9996a,PRODUCTION,2023-08-02T16:15:39.000Z,yes,CASHBEAN-VKYC-INT,Cashbean
a79e91,PRODUCTION,2023-08-02T16:15:41.000Z,yes,Capital Float,
6a2c09,PRODUCTION,2023-08-02T16:15:42.000Z,yes,Bounce-testing,Bounce
9ebb1f,PRODUCTION,2023-08-02T16:15:44.000Z,no,early_salary,Early Salary
4e44d6,PRODUCTION,2023-08-02T16:15:47.000Z,yes,VKYC-HV-TEST,Vkyc-HV-Test
4be256,PRODUCTION,2023-08-02T16:15:48.000Z,yes,tima,Tima
fda938,PRODUCTION,2023-08-02T16:15:50.000Z,yes,apollo_finvest,Apollo Finvest
4e3112,PRODUCTION,2023-08-02T16:15:51.000Z,yes,HV-INTERNAL-VKYC-TEST,HV Internal Video KYC Test
da079a,PRODUCTION,2023-08-02T16:15:53.000Z,yes,Bira production credentials,Bira Production Credentials
7d8d50,PRODUCTION,2023-08-02T16:15:56.000Z,yes,KUDOS-DKYC-INT,Kudos-Dkyc-Int
fbb52c,STAGING,2023-08-02T16:16:12.000Z,yes,monexo,Monexo
651276,PRODUCTION,2023-08-02T16:16:25.000Z,yes,NEXTDOORHUB,NextDoorHub
d8c24a,STAGING,2023-08-02T16:16:27.000Z,no,cams,CAMS
2f61d8,PRODUCTION,2023-08-02T16:16:30.000Z,yes,ALPHA-FINSOFT-INT,Alpha Finsoft Integration
584674,PRODUCTION,2023-08-02T16:16:31.000Z,yes,LTFS,
e80c58,PRODUCTION,2023-08-02T16:16:32.000Z,yes,Finbro_test,finbro_test
2ba01b,PRODUCTION,2023-08-02T16:16:34.000Z,yes,LiqHub_test,LiqHub_test
b54317,PRODUCTION,2023-08-02T16:16:35.000Z,yes,MID_Indonesia_test,MID_Indonesia_test
f1327a,PRODUCTION,2023-08-02T16:16:36.000Z,yes,CONFIRMU,ConfirmU
f5732d,PRODUCTION,2023-08-02T16:16:37.000Z,yes,QALeadtest-6-7-20,QALeadtest-6-7-20
933b68,PRODUCTION,2023-08-02T16:16:39.000Z,yes,happay,Happay
bfd7b8,PRODUCTION,2023-08-02T16:16:42.000Z,no,ltfs,LTFS
24c207,PRODUCTION,2023-08-02T16:16:46.000Z,yes,TERR00070,PhableCare
7bdb87,PRODUCTION,2023-08-02T16:17:16.000Z,no,snap_mint,SnapMint
0bc278,PRODUCTION,2023-08-02T16:17:19.000Z,yes,SBI-CAP-SECURITIES-DEV,SBI Cap Securities Dev
71e6fc,PRODUCTION,2023-08-02T16:17:20.000Z,yes,UDAAN-XML-SDK-POC,Udaan XML SDK
2d8e18,PRODUCTION,2023-08-02T16:17:22.000Z,yes,Snapmint,
fffd6c,STAGING,2023-08-02T16:17:24.000Z,no,garagepreneurs,Garagepreneurs
af35da,STAGING,2023-08-02T16:17:27.000Z,no,razor_pay,RazorPay
e89c73,PRODUCTION,2023-08-02T16:17:29.000Z,yes,Capfront-dev-vkyc,Capfront
67cace,PRODUCTION,2023-08-02T16:17:31.000Z,yes,nidhi-test-creds,nidhi-test-creds
cb6821,PRODUCTION,2023-08-02T16:17:33.000Z,yes,CASHBEAN-WEB-SCRAPING--TEST,Cashbean - Test
1a3552,PRODUCTION,2023-08-02T16:17:35.000Z,yes,LIQUILOANS,Liquiloans
98b21b,PRODUCTION,2023-08-02T16:17:37.000Z,yes,SmartCoin,SmartCoin-prod
e81ea2,PRODUCTION,2023-08-02T16:17:39.000Z,yes,FIRST-QUADRANT-POC,First Quadrant
3b497a,PRODUCTION,2023-08-02T16:17:40.000Z,no,smart_coin,SmartCoin
db174b,PRODUCTION,2023-08-02T16:17:42.000Z,yes,INDIAN-BANK-VKYC-POC,Indian Bank
1be271,PRODUCTION,2023-08-02T16:17:57.000Z,yes,ESAF,ESAF
1dd8f9,PRODUCTION,2023-08-02T16:18:04.000Z,no,pay_u,PayU
258b42,PRODUCTION,2023-08-02T16:18:06.000Z,yes,capFront-dev-new-videoKYC,capFront-dev-new-videoKYC
12cc0e,STAGING,2023-08-02T16:18:08.000Z,no,home_credit_india,Home Credit India
1abf6d,PRODUCTION,2023-08-02T16:18:09.000Z,yes,MICROCARD-PROD-NEW,Microcard new products
aa1804,PRODUCTION,2023-08-02T16:18:10.000Z,yes,KULIZA(India),Kuliza
23bbef,PRODUCTION,2023-08-02T16:18:12.000Z,yes,FEC-OCR-BENCHMARKING,FecOcrBenchmarking
dc7722,PRODUCTION,2023-08-02T16:18:14.000Z,yes,ALPHA-FINSOFT-VKYC-POC,Alpha Finsoft Video KYC
e1fc84,PRODUCTION,2023-08-02T16:18:16.000Z,yes,Truthigh,Truthigh_paycredit
50476e,PRODUCTION,2023-08-02T16:18:18.000Z,yes,HV-BENCHMARKING,Benchmarking
ccf302,PRODUCTION,2023-08-02T16:18:19.000Z,yes,MONEYONCLICK,MoneyOnClick
13cf19,PRODUCTION,2023-08-02T16:18:20.000Z,yes,LinkAja,LinkAja
5b68e8,PRODUCTION,2023-08-02T16:18:22.000Z,yes,VELOCITYKYC,Velocity kyc input
c214e8,PRODUCTION,2023-08-02T16:18:36.000Z,yes,TERR00070,PhableCare
361354,PRODUCTION,2023-08-02T16:18:38.000Z,yes,ICICI_test,ICICI_test
cf6a6d,PRODUCTION,2023-08-02T16:18:39.000Z,yes,SETU_test,SETU_test
a2cb27,PRODUCTION,2023-08-02T16:18:40.000Z,yes,DIGIPEERGO-PROD1,Digipeergo-Prod1
a110bf,STAGING,2023-08-02T16:18:41.000Z,no,hyperverge_engineering_team,HyperVerge Engineering Team
9b03df,PRODUCTION,2023-08-02T16:18:42.000Z,no,hyperverge_production_systems,HyperVerge Production Systems
9fbfd6,PRODUCTION,2023-08-02T16:18:43.000Z,yes,JOCATA-NEW,Jocata Video KYC NEW
d6b2e0,PRODUCTION,2023-08-02T16:18:44.000Z,no,HYPERVERGE-VKYC-DEMO,HyperVerge Vkyc Demo
313c0c,PRODUCTION,2023-08-02T16:18:46.000Z,yes,HV-INTERNAL-DEV-PM,HV Dev + Product testing
2a1e80,PRODUCTION,2023-08-02T16:18:48.000Z,yes,CASHBEAN-VKYC-PROD,Cashbean
d9fda3,PRODUCTION,2023-08-02T16:18:49.000Z,yes,ECPLEO,Ecpleo
ba5263,PRODUCTION,2023-08-02T16:18:50.000Z,yes,PAYTM-DKYC-POC,Paytm
21f51c,PRODUCTION,2023-08-02T16:18:51.000Z,yes,Decentro_test,Decentro_test
9726b7,PRODUCTION,2023-08-02T16:18:52.000Z,yes,maneesh-test,Maneesh Test 
4b37ce,PRODUCTION,2023-08-02T16:18:54.000Z,yes,GARA00008,
41769f,STAGING,2023-08-02T16:18:57.000Z,no,Upstox,Upstox
0c51db,PRODUCTION,2023-08-02T16:18:59.000Z,yes,boozie,Boozie
ba1f81,PRODUCTION,2023-08-02T16:19:00.000Z,yes,CASHBEAN-PRE-PROD,Cashbean
532cba,PRODUCTION,2023-08-02T16:19:01.000Z,no,bank_of_hodlers,Bank of Hodlers
29cfd6,PRODUCTION,2023-08-02T16:19:03.000Z,yes,1mg-vietnam,1MG Vietnam
f22a75,PRODUCTION,2023-08-02T16:19:08.000Z,yes,Epoch,Duandai
affcb7,PRODUCTION,2023-08-02T16:19:21.000Z,yes,PAYMATE-POC,PayMate
f6f60f,PRODUCTION,2023-08-02T16:19:28.000Z,yes,READYCASH,ReadyCash
e424d2,PRODUCTION,2023-08-02T16:19:30.000Z,yes,DVARA-POC,Dvara 
fd4b70,STAGING,2023-08-02T16:19:31.000Z,no,fisdom,Fisdom
0dcd83,PRODUCTION,2023-08-02T16:19:32.000Z,yes,games_24_7,Games 24x7
64ce06,PRODUCTION,2023-08-02T16:19:34.000Z,yes,FIRST-QUADRANT-PROD,First Quadrant
eaa787,PRODUCTION,2023-08-02T16:19:36.000Z,yes,monexo,Monexo
8ee3ee,PRODUCTION,2023-08-02T16:19:37.000Z,yes,CLIQ2PAY,cliq2pay
5b4460,PRODUCTION,2023-08-02T16:19:39.000Z,yes,gofingo nationaldb,GoFinGo National DB
4887af,PRODUCTION,2023-08-02T16:19:40.000Z,yes,Truthigh,Truthigh_paycredit
93e306,PRODUCTION,2023-08-02T16:19:42.000Z,yes,NORTH-EAST-LTD-POC,North East Limited
cec960,PRODUCTION,2023-08-02T16:19:43.000Z,yes,onboard-android-firebase-temp,Onboard App Android Credentials fetched from FireBase
ab8a81,PRODUCTION,2023-08-02T16:19:44.000Z,yes,CREDITFAIR-POC,CREDITFAIR-POC
8e9dc6,PRODUCTION,2023-08-02T16:19:45.000Z,yes,CreditFair-vkyc-dev,Credit Fair
4a0a1a,PRODUCTION,2023-08-02T16:19:46.000Z,yes,offline-aadhaar-api-server-demo,Hyperverge-Internal
a67dc1,PRODUCTION,2023-08-02T16:19:47.000Z,yes,offline-aadhaar-api-server-prod,Hyperverge-Internal
ab33c7,PRODUCTION,2023-08-02T16:19:48.000Z,no,fisdom,Fisdom
6ee7f0,STAGING,2023-08-02T16:19:50.000Z,no,fe_credit,FE Credit
f8b6f0,PRODUCTION,2023-08-02T16:19:51.000Z,yes,Finserv,Bajaj Finserv
c489e0,PRODUCTION,2023-08-02T16:19:52.000Z,yes,Finserv,Bajaj Finserv
489c03,STAGING,2023-08-02T16:19:53.000Z,no,aditya_birla_finance,Aditya Birla Finance Limited
e90c46,PRODUCTION,2023-08-02T16:19:54.000Z,yes,DIGIPEERGO-PROD-cancelled,Digipeergo
73d240,PRODUCTION,2023-08-02T16:19:55.000Z,yes,BAO-VIET,Bao Viet
603cd3,PRODUCTION,2023-08-02T16:20:07.000Z,no,ltfs,LTFS
18bbe2,PRODUCTION,2023-08-02T16:20:46.000Z,yes,cashbean-new-test,Cashbean
7f1976,PRODUCTION,2023-08-02T16:20:48.000Z,yes,PAISABAZAAR,Paisa Bazaar
ae3a0b,PRODUCTION,2023-08-02T16:20:50.000Z,yes,SBI-CAP-TEST,SBI Capital Securities
f58656,PRODUCTION,2023-08-02T16:20:52.000Z,yes,READYCASH-PROD,ReadyCash-Prod
45c1f4,PRODUCTION,2023-08-02T16:20:54.000Z,yes,BOOZIE-PROD,BoozieProd
19d088,PRODUCTION,2023-08-02T16:20:56.000Z,yes,Truthigh,Truthigh_paycredit
f74273,PRODUCTION,2023-08-02T16:20:58.000Z,yes,Epoch,Duandai
c005ca,PRODUCTION,2023-08-02T16:21:01.000Z,no,HyperVergeInternalVKYCBadri,HyperVerge Internal vKYC Badri
c3e662,PRODUCTION,2023-08-02T16:21:02.000Z,yes,KUDOS-DKYC,Kudos
2d0582,PRODUCTION,2023-08-02T16:21:04.000Z,yes,HyperVerge,Deepak Sahoo 
e566c4,PRODUCTION,2023-08-02T16:21:06.000Z,yes,qa-assignment-creds,QA Candidate Creds - Temporary
e04f79,PRODUCTION,2023-08-02T16:21:07.000Z,yes,AXIS-POC,Axis Bank
df0c12,PRODUCTION,2023-08-02T16:21:08.000Z,yes,BALLEBAAZI,Ballebaazi
124ba3,PRODUCTION,2023-08-02T16:21:09.000Z,yes,HyperVerge Test,Gautham Ravindar
613cb8,PRODUCTION,2023-08-02T16:21:12.000Z,yes,HyperVerge Test,Gautham Ravindar
9a6cc4,PRODUCTION,2023-08-02T16:21:17.000Z,yes,covr_securities,Covr Securities
a367c5,PRODUCTION,2023-08-02T16:21:41.000Z,yes,gobear,Go Bear
c228a5,PRODUCTION,2023-08-02T16:21:43.000Z,yes,BIRA-PROD,BiraProd
2400d2,PRODUCTION,2023-08-02T16:21:45.000Z,no,quick_ride,QuickRide
08c1af,PRODUCTION,2023-08-02T16:21:47.000Z,yes,IDSign_test,IDSign_test
0663ce,PRODUCTION,2023-08-02T16:21:49.000Z,yes,PAYSWIFF,PaySwiff
6ba2ec,PRODUCTION,2023-08-02T16:21:50.000Z,yes,Epoch,Duandai
8446f6,PRODUCTION,2023-08-02T16:21:51.000Z,yes,central-bank-vkyc-test,central bank
e0d27d,PRODUCTION,2023-08-02T16:21:52.000Z,yes,SENDO-FEC,Sendo FEC
8e7de0,PRODUCTION,2023-08-02T16:21:53.000Z,yes,Epoch,Duandai
b4513c,PRODUCTION,2023-08-02T16:21:54.000Z,yes,AdityaBirlaCapital,Aditya Birla Capital Dev
38fd72,PRODUCTION,2023-08-02T16:21:55.000Z,yes,CIMB,
ced38c,PRODUCTION,2023-08-02T16:21:56.000Z,yes,BAO-VIET,Bao Viet
805645,PRODUCTION,2023-08-02T16:21:57.000Z,no,SHINHAN,Shinhan
5ec3e7,PRODUCTION,2023-08-02T16:21:59.000Z,yes,UBANK,
cbb68b,PRODUCTION,2023-08-02T16:22:00.000Z,yes,BIRA2,Bira
e08f09,STAGING,2023-08-02T16:22:01.000Z,yes,fantasy_akhada,Fantasy Akhada
8f70a3,PRODUCTION,2023-08-02T16:22:02.000Z,yes,Truthigh,Truthigh_paycredit
a4724a,PRODUCTION,2023-08-02T16:22:03.000Z,no,fibe,Fibe
ed5cf9,PRODUCTION,2023-08-02T16:22:15.000Z,yes,NEWSTAR-FINTECH,Newstar Fintech
062e9d,PRODUCTION,2023-08-02T16:22:36.000Z,yes,yomoyo-dkyc-test,yomoyo-dkyc-test
727149,PRODUCTION,2023-08-02T16:22:39.000Z,yes,AMAZON-PAY-RFP-POC,Amazon Pay
76a208,PRODUCTION,2023-08-02T16:22:41.000Z,yes,onboard-android-ibeta,Onboard App iBeta
73dd94,PRODUCTION,2023-08-02T16:22:44.000Z,yes,SA-HIRING-PS3,SA-HIRING-PS3
707d05,PRODUCTION,2023-08-02T16:22:45.000Z,yes,KTKBANK,KtkBank
964155,PRODUCTION,2023-08-02T16:22:46.000Z,yes,Bennu_inactive,Bennu
995af6,PRODUCTION,2023-08-02T16:22:47.000Z,yes,Bennu_test_creds,Bennu
70f92a,PRODUCTION,2023-08-02T16:22:49.000Z,yes,QUANTSTACK,QuantStack
b24492,PRODUCTION,2023-08-02T16:22:50.000Z,yes,CASH-MY-SALARY-POC,Cash My Salary
9412ac,PRODUCTION,2023-08-02T16:22:52.000Z,yes,Zoolarity_test,Zoolarity
ba2411,PRODUCTION,2023-08-02T16:22:54.000Z,yes,titan_test,Titan
c9e62b,PRODUCTION,2023-08-02T16:22:54.000Z,yes,Epoch,Duandai
be6e6c,PRODUCTION,2023-08-02T16:22:55.000Z,yes,FUNNGAGE,Funngage
8b1bf0,PRODUCTION,2023-08-02T16:22:58.000Z,yes,Epoch,Duandai
7aadf8,PRODUCTION,2023-08-02T16:23:01.000Z,yes,truemoney,True Money
3c7e11,PRODUCTION,2023-08-02T16:23:02.000Z,yes,FEC_KIOSK,FECKiosk
1d0154,STAGING,2023-08-02T16:23:03.000Z,no,money_veo,Money Veo
a9e334,PRODUCTION,2023-08-02T16:23:16.000Z,yes,Epoch,Duandai
99a420,PRODUCTION,2023-08-02T16:23:28.000Z,no,SBI,SBI
e39881,STAGING,2023-08-02T16:23:29.000Z,no,sbi_bank,SBI Bank
5e968f,PRODUCTION,2023-08-02T16:23:31.000Z,yes,TIMBLE-TECH-POC,Timble Tech
51c60b,STAGING,2023-08-02T16:23:33.000Z,yes,uniorbit,UniOrbit Technologies
74d9a9,PRODUCTION,2023-08-02T16:23:35.000Z,yes,FROGX-GD,Frogx-GD
be9f65,PRODUCTION,2023-08-02T16:23:36.000Z,yes,Capital Float,
993466,PRODUCTION,2023-08-02T16:23:37.000Z,yes,MAHYCO-POC,Mahyco
430769,STAGING,2023-08-02T16:23:38.000Z,yes,aditya_birla_finance,Aditya Birla Finance Limited
f28961,PRODUCTION,2023-08-02T16:23:41.000Z,yes,FEC-ZALO,FEC Zalo
264b41,PRODUCTION,2023-08-02T16:23:42.000Z,yes,transcorp_test,transcorp_test
30e0ec,PRODUCTION,2023-08-02T16:23:44.000Z,yes,Truthigh,Truthigh_paycredit
94eb7a,PRODUCTION,2023-08-02T16:23:45.000Z,yes,idfcfirst_test,idfcfirst_test
67f350,PRODUCTION,2023-08-02T16:23:47.000Z,yes,Early Salary,
9a3231,PRODUCTION,2023-08-02T16:23:48.000Z,yes,Truthigh,Truthigh_paycredit
975153,PRODUCTION,2023-08-02T16:23:49.000Z,yes,HYPERVERGE,HyperVerge Face General
105a30,STAGING,2023-08-02T16:23:50.000Z,no,cams,CAMS
535c3f,PRODUCTION,2023-08-02T16:23:51.000Z,yes,Truthigh,Truthigh_paycredit
92f892,STAGING,2023-08-02T16:23:52.000Z,no,trans_union,Transunion
876f83,PRODUCTION,2023-08-02T16:23:53.000Z,yes,Finbro_test_facematch,Finbro_test_facematch
1ca5d2,PRODUCTION,2023-08-02T16:24:05.000Z,yes,KULIZA-WEBSDK-TEST-ENV,Kuliza WebSDK Test Env
847afc,PRODUCTION,2023-08-02T16:24:09.000Z,yes,VIB,VIB
2821dd,PRODUCTION,2023-08-02T16:24:14.000Z,yes,SOLITAIRE-RUSH-POC,Solitaire-Rush-Poc
3e1805,STAGING,2023-08-02T16:24:17.000Z,yes,bank_of_hodlers,Bank of Hodlers
a73abe,STAGING,2023-08-02T16:24:18.000Z,no,garagepreneurs,Garagepreneurs
1719a6,PRODUCTION,2023-08-02T16:24:21.000Z,yes,CASH-MY-SALARY-CANCELLED,CashMySalary
c9646e,PRODUCTION,2023-08-02T16:24:23.000Z,yes,MONETHICS-POC,Monethics Capital
bc4b6c,PRODUCTION,2023-08-02T16:24:25.000Z,yes,CASH-MY-SALARY-PROD,CashMySalary
00ec74,PRODUCTION,2023-08-02T16:24:27.000Z,no,HYPERVERGE,HyperVerge Face General
2cc51b,PRODUCTION,2023-08-02T16:24:32.000Z,yes,XPRESSLOAN-POC,XpressLoan
8f29af,PRODUCTION,2023-08-02T16:24:34.000Z,yes,DIGIPEERGO-PROD2,Digipeergo-Prod2
0e01bc,PRODUCTION,2023-08-02T16:24:37.000Z,yes,SBI,SBI
7b0343,STAGING,2023-08-02T16:25:32.000Z,yes,ubank,UBank
fe12e7,PRODUCTION,2023-08-02T16:25:34.000Z,yes,DIGIPEERGO-PROD3,Digipeergo-Prod3
7c8ac6,PRODUCTION,2023-08-02T16:25:36.000Z,yes,Epoch,Duandai
6031a3,PRODUCTION,2023-08-02T16:25:38.000Z,yes,MoneyTap,
7214ab,PRODUCTION,2023-08-02T16:25:41.000Z,yes,tcs-malaysia,"Tata Consultancy Services, Malaysia"
ab0a68,PRODUCTION,2023-08-02T16:25:43.000Z,yes,MoneyTap,
845598,PRODUCTION,2023-08-02T16:25:45.000Z,yes,Epoch,Duandai
75125c,PRODUCTION,2023-08-02T16:25:48.000Z,yes,SBI,SBI
c10b08,PRODUCTION,2023-08-02T16:26:07.000Z,yes,Swirepay-DKYC-Demo,Swirepay
26c226,PRODUCTION,2023-08-02T16:26:36.000Z,yes,DIGIPEERGO-PROD4,Digipeergo-Prod4
48d60d,PRODUCTION,2023-08-02T16:26:38.000Z,yes,DIGIPEERGO-PROD5_cancelled,Digipeergo-Prod5
7f8f1c,PRODUCTION,2023-08-02T16:26:41.000Z,yes,DIGIPEERGO-PROD5,Digipeergo-Prod5
2e53ec,PRODUCTION,2023-08-02T16:26:44.000Z,yes,DIGIPEERGO-PROD6,Digipeergo-Prod6
0ba39f,PRODUCTION,2023-08-02T16:26:46.000Z,yes,DIGIPEERGO-PROD7,Digipeergo-Prod7
2e7224,PRODUCTION,2023-08-02T16:26:47.000Z,yes,SA-VKYC-TEST,HV SA team
f687d7,PRODUCTION,2023-08-02T16:26:48.000Z,no,SBI-VLC-PROD,SBI-VLC
0dfe7e,PRODUCTION,2023-08-02T16:26:50.000Z,yes,FINSHELL-POC,FinShell
bfc627,PRODUCTION,2023-08-02T16:26:51.000Z,yes,DIGIPEERGO-PROD8,Digipeergo-Prod8
59ea1c,PRODUCTION,2023-08-02T16:26:52.000Z,yes,DIGIPEERGO-PROD9,Digipeergo-Prod9
2df61a,PRODUCTION,2023-08-02T16:26:53.000Z,yes,DIGIPEERGO-PROD10,Digipeergo-Prod10
e68754,PRODUCTION,2023-08-02T16:26:55.000Z,yes,DIGIPEERGO-PROD11,Digipeergo-Prod11
a0aa64,PRODUCTION,2023-08-02T16:26:57.000Z,yes,Epoch,Duandai
f854c8,PRODUCTION,2023-08-02T16:26:58.000Z,yes,SOLITAIRE-RUSH-PROD,Howzat-Prod
479414,PRODUCTION,2023-08-02T16:27:00.000Z,yes,BE-VN,Be Group
6006af,PRODUCTION,2023-08-02T16:27:03.000Z,yes,MIRACLE-LOAN-POC,Miracle Loan
b4efe7,PRODUCTION,2023-08-02T16:27:06.000Z,yes,EXAMITY-POC,Examity
96da07,PRODUCTION,2023-08-02T16:27:09.000Z,no,hyperverge_production_systems,HyperVerge Production Systems
f4c72d,PRODUCTION,2023-08-02T16:27:12.000Z,yes,FROGX(GD)-POC,Gd-Poc
581d51,PRODUCTION,2023-08-02T16:27:14.000Z,yes,ADT-GROUP,ADT Group
7cf39e,PRODUCTION,2023-08-02T16:27:15.000Z,yes,ctos,CTOS (TCS)
6b0df4,PRODUCTION,2023-08-02T16:27:18.000Z,yes,TRIEDGE-POC,Triedge
f7f4ae,PRODUCTION,2023-08-02T16:27:23.000Z,yes,DIGIPEERGO-PROD12,Digipeergo-Prod12
65720e,PRODUCTION,2023-08-02T16:27:30.000Z,yes,XPRESSLOAN-PROD,XpressLoan-Prod
e2cb33,PRODUCTION,2023-08-02T16:27:33.000Z,no,karnatataka_government,Karnataka Government e-governance
747518,PRODUCTION,2023-08-02T16:28:04.000Z,yes,AMARI-POC,Amari Gold
48379e,PRODUCTION,2023-08-02T16:28:36.000Z,yes,Grab Singapore Dev,Grab Singapore Dev
7f2635,PRODUCTION,2023-08-02T16:28:39.000Z,yes,DIGIPEERGO-PROD13,Digipeergo-Prod13
1b6aa1,PRODUCTION,2023-08-02T16:28:41.000Z,yes,FEC_VKYC_DEMO,FECvKYCDemo
e41125,PRODUCTION,2023-08-02T16:28:43.000Z,yes,DIGIPEERGO-PROD14,Digipeergo-Prod14
c06abb,PRODUCTION,2023-08-02T16:28:44.000Z,yes,DIGIPEERGO-PROD15,Digipeergo-Prod15
86fa68,PRODUCTION,2023-08-02T16:28:53.000Z,yes,DIGIPEERGO-PROD16,Digipeergo-Prod16
d3557c,PRODUCTION,2023-08-02T16:29:34.000Z,yes,UUCASH,Uucash
48cf6b,PRODUCTION,2023-08-02T16:29:38.000Z,yes,Epoch,Duandai
1217ff,PRODUCTION,2023-08-02T16:29:39.000Z,yes,EZFINANZ-GOLIVE,EZFINANZ
b3c4ce,PRODUCTION,2023-08-02T16:29:41.000Z,yes,MIRACLE-LOAN-PROD,Miracle Loan
5e4f18,PRODUCTION,2023-08-02T16:29:43.000Z,yes,HYPERVERGE,HyperVerge Face General
8ddffc,PRODUCTION,2023-08-02T16:29:45.000Z,yes,one-click-money-vietnam-ekyc,One Click Money Vietnam eKYC
e2a12d,PRODUCTION,2023-08-02T16:29:47.000Z,yes,Kreditone,Kreditone
0f3b63,STAGING,2023-08-02T16:29:48.000Z,no,ltfs,LTFS
c20821,PRODUCTION,2023-08-02T16:29:51.000Z,yes,GEOKNO-POC,Geokno
ff66f6,PRODUCTION,2023-08-02T16:29:53.000Z,yes,Capfront-VideoKYC-Prod,Capfront-VideoKYC-Prod
d972e7,PRODUCTION,2023-08-02T16:29:55.000Z,yes,BOBFINANCIAL-POC,Bank of Baroda Financial
07eb65,PRODUCTION,2023-08-02T16:29:57.000Z,yes,Epoch,Duandai
e0a47d,PRODUCTION,2023-08-02T16:29:59.000Z,yes,DIGIPEERGO-PROD17,Digipeergo-Prod17
e1d231,PRODUCTION,2023-08-02T16:30:00.000Z,yes,DIGIPEERGO-PROD18,Digipeergo-Prod18
6fe212,PRODUCTION,2023-08-02T16:30:02.000Z,yes,DIGIPEERGO-PROD19,Digipeergo-Prod19
1293ac,PRODUCTION,2023-08-02T16:30:04.000Z,yes,SBI,SBI
29ad8e,PRODUCTION,2023-08-02T16:30:05.000Z,yes,ASKNBID-POC,AskNBid
3c34dd,PRODUCTION,2023-08-02T16:30:15.000Z,yes,TIPL00071,tiplur_test
5771f3,PRODUCTION,2023-08-02T16:30:35.000Z,yes,GOTOCASH-POC,GotoCash
28a9a5,PRODUCTION,2023-08-02T16:30:37.000Z,yes,INDUSACTION-DELHI-GOV,Indus Action - Delhi Govt
2e98fc,PRODUCTION,2023-08-02T16:30:39.000Z,yes,be_group,Be Group
1fe406,PRODUCTION,2023-08-02T16:30:41.000Z,yes,money_veo,Money Veo
be2e1a,PRODUCTION,2023-08-02T16:30:43.000Z,yes,ONECARD-POC,OncCard
3231ed,PRODUCTION,2023-08-02T16:30:44.000Z,yes,SMARTPAY_FRAUD_TESTING,SmartPayFraudTesting
35dd94,PRODUCTION,2023-08-02T16:30:45.000Z,yes,slicepay,SlicePay
dc1d75,PRODUCTION,2023-08-02T16:30:46.000Z,yes,UBANK,
315b35,PRODUCTION,2023-08-02T16:30:47.000Z,yes,ANYDAY-POC,Anyday
2d3606,PRODUCTION,2023-08-02T16:30:48.000Z,no,fe_credit,FE Credit
dd9ad9,PRODUCTION,2023-08-02T16:30:49.000Z,yes,SHENZENLASK,ShenzenLask
cc1575,PRODUCTION,2023-08-02T16:30:50.000Z,yes,Snapmint,
7b88f6,PRODUCTION,2023-08-02T16:30:51.000Z,yes,test-low-ratelimit,Credentials to test low rate limits
5e6742,PRODUCTION,2023-08-02T16:30:52.000Z,yes,Truthigh,Truthigh_paycredit
5c1ec0,PRODUCTION,2023-08-02T16:30:53.000Z,yes,PAYMATE-PROD,Paymate
2cb9f4,PRODUCTION,2023-08-02T16:30:56.000Z,yes,be_group,Be Group
538dc8,PRODUCTION,2023-08-02T16:30:58.000Z,yes,vietcredit,Viet Credit
da37e8,PRODUCTION,2023-08-02T16:31:04.000Z,yes,gofingo,GoFingo
2b8bb6,PRODUCTION,2023-08-02T16:31:08.000Z,yes,money_veo,Money Veo
829475,PRODUCTION,2023-08-02T16:31:37.000Z,yes,MIRACLE-LOAN-2-PROD,Miracle Loan
1d9bef,PRODUCTION,2023-08-02T16:31:39.000Z,yes,MIRACLE-LOAN-3-PROD,Miracle Loan
79dc39,PRODUCTION,2023-08-02T16:31:42.000Z,yes,DIGIPEERGO-PROD20,digipeergo-prod20
7d0ec3,PRODUCTION,2023-08-02T16:31:45.000Z,yes,DIGIPEERGO-PROD21,Digipeergo-prod21
46ba72,PRODUCTION,2023-08-02T16:31:46.000Z,yes,DIGIPEERGO-PROD22,Digipeergo-prod22
9f92d4,PRODUCTION,2023-08-02T16:31:49.000Z,yes,DIGIPEERGO-PROD23,Digipeergo-prod23
9b164d,PRODUCTION,2023-08-02T16:31:51.000Z,yes,DIGIPEERGO-PROD24,Digipeergo-prod24
b09b70,PRODUCTION,2023-08-02T16:31:51.000Z,yes,Epoch,Duandai
e7dbb0,PRODUCTION,2023-08-02T16:31:52.000Z,yes,Truthigh,Truthigh_paycredit
7a6cd6,STAGING,2023-08-02T16:31:53.000Z,no,hyperverge_ai_team,HyperVerge AI Team
f6093a,PRODUCTION,2023-08-02T16:31:54.000Z,yes,5paisa,5paisa
0c761c,PRODUCTION,2023-08-02T16:31:55.000Z,yes,Epoch,Duandai
f1dc66,PRODUCTION,2023-08-02T16:31:56.000Z,yes,ecofinservices,ecofin services
5354d9,PRODUCTION,2023-08-02T16:31:58.000Z,yes,LEXIN-POC,Lexin
4b01a1,PRODUCTION,2023-08-02T16:31:59.000Z,yes,Epoch,Duandai
b83c77,PRODUCTION,2023-08-02T16:31:59.000Z,yes,CREDIT-MANTRI-POC,Credit Mantri
cbafa9,PRODUCTION,2023-08-02T16:32:00.000Z,yes,MIRACLE-LOAN-3,Miracle Loan
37c797,PRODUCTION,2023-08-02T16:32:02.000Z,yes,MIRACLE-LOAN-4,Miracle Loan
f8fb2e,PRODUCTION,2023-08-02T16:32:04.000Z,yes,MICROCARD-3-PROD,Microcard
ac1a5b,PRODUCTION,2023-08-02T16:32:05.000Z,yes,FINOVACAPITAL-POC,FinovaCapital
e7ef55,STAGING,2023-08-02T16:32:06.000Z,no,lic,LIC
fa6970,STAGING,2023-08-02T16:32:07.000Z,no,c_edge,C-Edge
ee5237,PRODUCTION,2023-08-02T16:32:08.000Z,yes,MICROCARD-DKYC-POC,Microcard-Dkyc-POC
90c6df,PRODUCTION,2023-08-02T16:32:10.000Z,yes,Epoch,Duandai
9c3a98,PRODUCTION,2023-08-02T16:32:18.000Z,yes,byjus,Byjus
13bdf7,PRODUCTION,2023-08-02T16:32:20.000Z,no,web-sdk-demo-app,web-sdk-demo-app
0501c8,PRODUCTION,2023-08-02T16:32:23.000Z,yes,HEROFINCORP,HeroFincorp
44645f,STAGING,2023-08-02T16:32:27.000Z,no,pay_u,PayU
ed39fe,STAGING,2023-08-02T16:32:36.000Z,no,hyperverge_engineering_team,HyperVerge Engineering Team
c68ff2,PRODUCTION,2023-08-02T16:32:40.000Z,no,finaccel,Finaccel
ccd248,PRODUCTION,2023-08-02T16:32:47.000Z,yes,PINCAP-POC,Pincap
4f00d8,PRODUCTION,2023-08-02T16:32:52.000Z,yes,ocm-philippines,OCM Philippines
c814df,PRODUCTION,2023-08-02T16:33:04.000Z,yes,Epoch,Duandai
3b8703,PRODUCTION,2023-08-02T16:33:27.000Z,yes,ORANGERETAIL,OrangeRetail
556395,PRODUCTION,2023-08-02T16:33:41.000Z,yes,Epoch,Duandai
e573c0,PRODUCTION,2023-08-02T16:33:44.000Z,yes,FINWEGO-POC,Finwego
cfcee0,PRODUCTION,2023-08-02T16:33:46.000Z,yes,MONEXO,Monexo
e76909,PRODUCTION,2023-08-02T16:33:48.000Z,yes,COSMIC-PAYMENTS-POC,Cosmic Payments
ccfb14,PRODUCTION,2023-08-02T16:33:50.000Z,yes,OYO_DKYC_test,OYO_DKYC_test
eab887,STAGING,2023-08-02T16:33:52.000Z,no,money_tap,MoneyTap
4c9e07,PRODUCTION,2023-08-02T16:33:54.000Z,yes,v_plus_technology,V Plus Technology Limited
b68e48,PRODUCTION,2023-08-02T16:33:55.000Z,yes,INDIFI-POC,Indifi-Poc
b3586c,PRODUCTION,2023-08-02T16:33:57.000Z,yes,Indify-UAT,Indify
e225f4,PRODUCTION,2023-08-02T16:33:58.000Z,yes,FINSHELL-PROD,FInshell
4131ac,PRODUCTION,2023-08-02T16:33:59.000Z,yes,eqvanta,Eqvanta
3cd0df,PRODUCTION,2023-08-02T16:34:01.000Z,yes,ORION_INTERNAL,Orion internal
c1246c,PRODUCTION,2023-08-02T16:34:02.000Z,yes,credify,Credify
c437f9,PRODUCTION,2023-08-02T16:34:12.000Z,yes,CP,CP - POC
60c6fa,PRODUCTION,2023-08-02T16:34:14.000Z,yes,DREAM11-POC,Dream 11
99729c,PRODUCTION,2023-08-02T16:34:15.000Z,yes,rishabh_hv,Rishabh HV
e2cd61,PRODUCTION,2023-08-02T16:34:17.000Z,yes,Instaveritas_test,Instaveritas_test
51c07e,PRODUCTION,2023-08-02T16:34:56.000Z,yes,DigibankGrab,Digibank - Grab
5dbe6e,STAGING,2023-08-02T16:34:58.000Z,no,icici_securities,ICICI Securities
0a8ab4,PRODUCTION,2023-08-02T16:35:00.000Z,yes,RED-CARPETUP-POC,Red Carpetup
44f599,PRODUCTION,2023-08-02T16:35:03.000Z,yes,temporary-30-1-21-desicrew,temporary-30-1-21-desicrew
056fbe,PRODUCTION,2023-08-02T16:35:04.000Z,yes,KARZA-TEST,Karza Test
ee1b94,PRODUCTION,2023-08-02T16:35:06.000Z,yes,Karza,Karza Dev
249869,PRODUCTION,2023-08-02T16:35:08.000Z,yes,mdfin,Mdfin
35fb98,PRODUCTION,2023-08-02T16:35:10.000Z,yes,EMBASSY-POC,Embassy India
7c0962,PRODUCTION,2023-08-02T16:35:12.000Z,yes,Veritas_finance_test,Veritas_finance_test
b0ec78,PRODUCTION,2023-08-02T16:35:13.000Z,yes,GICHF,
465a39,PRODUCTION,2023-08-02T16:35:15.000Z,yes,INDIA-TRANSACT,India Transact
3d8ca3,PRODUCTION,2023-08-02T16:35:16.000Z,yes,DARWIN-POC,Darwinbox
277c8a,STAGING,2023-08-02T16:35:18.000Z,no,c_edge,C-Edge
5e401e,STAGING,2023-08-02T16:35:19.000Z,yes,lenden_club,Lenden Club
f76914,PRODUCTION,2023-08-02T16:35:20.000Z,yes,gmac_examity,GMAC - Examity
82e17d,PRODUCTION,2023-08-02T16:35:22.000Z,yes,DECENTRO-POC,Decentro-Poc
c71e13,PRODUCTION,2023-08-02T16:35:24.000Z,no,gic_housing_finance,GIC Housing Finance
4dc198,PRODUCTION,2023-08-02T16:35:36.000Z,yes,ZULUPAY-DEV,ZULUPAY Dev
2fcf45,PRODUCTION,2023-08-02T16:35:54.000Z,yes,SILVER-BULLET,Silver Bullet
94e0d4,PRODUCTION,2023-08-02T16:35:56.000Z,yes,eqvanta,Eqvanta
f84217,PRODUCTION,2023-08-02T16:35:57.000Z,yes,eqvanta,Eqvanta
d03540,PRODUCTION,2023-08-02T16:36:00.000Z,no,c_edge,C-Edge
96d7d4,PRODUCTION,2023-08-02T16:36:01.000Z,yes,MLAITECH-POC,MLAI TECH
814b99,PRODUCTION,2023-08-02T16:36:03.000Z,no,fe_credit,FE Credit
534cf2,PRODUCTION,2023-08-02T16:36:04.000Z,yes,ZULUPAY-PROD,ZULUPAY-PROD
aed183,PRODUCTION,2023-08-02T16:36:05.000Z,no,c_edge,C-Edge
9fb5fd,STAGING,2023-08-02T16:36:06.000Z,no,howzat_solitaire,Howzat Solitaire
e41b06,PRODUCTION,2023-08-02T16:36:08.000Z,yes,SYNORIQ-POC,Synoriq
cf878b,STAGING,2023-08-02T16:36:09.000Z,yes,shriram_finance,Shriram Finance
f9e143,PRODUCTION,2023-08-02T16:36:10.000Z,yes,RELIANCEJIO-TEST,RELIANCEJIO-TEST
19ac1e,PRODUCTION,2023-08-02T16:36:11.000Z,yes,ZAVRON-POC,Zavron-POC
f4de79,PRODUCTION,2023-08-02T16:36:12.000Z,yes,eqvanta-quality-checks,Eqvanta Quality Checks
22f7c2,PRODUCTION,2023-08-02T16:36:14.000Z,yes,SHAREKHAN-DEV,SHAREKHAN-DEV
feb7bd,STAGING,2023-08-02T16:36:15.000Z,no,aditya_birla_sun_life_insurance,Aditya Birla Sun Life Insurance
d2e756,STAGING,2023-08-02T16:36:16.000Z,yes,atm_online,ATM Online
ed15e8,PRODUCTION,2023-08-02T16:36:18.000Z,yes,NPCI-HACKATHON-DEV,NPCI-HACKATHON-DEV
a14c37,STAGING,2023-08-02T16:36:19.000Z,no,motilal_oswal,Motilal Oswal
7641ab,PRODUCTION,2023-08-02T16:36:20.000Z,no,c_edge,C-Edge
dcc910,PRODUCTION,2023-08-02T16:36:21.000Z,no,c_edge,C-Edge
921815,PRODUCTION,2023-08-02T16:36:24.000Z,no,c_edge,C-Edge
384322,PRODUCTION,2023-08-02T16:36:25.000Z,no,c_edge,C-Edge
1b2ace,PRODUCTION,2023-08-02T16:36:26.000Z,no,fe_credit,FE Credit
cf5c9c,PRODUCTION,2023-08-02T16:36:27.000Z,yes,UBANK,
51fd9a,PRODUCTION,2023-08-02T16:36:28.000Z,yes,hyperverge-contribution,HyperVerge Contribution WhatsApp Bot
19e0e9,PRODUCTION,2023-08-02T16:36:30.000Z,yes,DECIMAL-POC,Decimal-POC
6f86e9,PRODUCTION,2023-08-02T16:36:32.000Z,yes,MYDUKAAN,MyDukaan_test
919007,PRODUCTION,2023-08-02T16:36:35.000Z,yes,ubank,UBank
dd4e76,PRODUCTION,2023-08-02T16:36:38.000Z,yes,vapt-orion,vapt-orion
b6fab5,PRODUCTION,2023-08-02T16:36:40.000Z,yes,cimb-kyc-staging,CIMB KYC Staging
081d51,PRODUCTION,2023-08-02T16:36:42.000Z,yes,c_edge,C-Edge
73d88a,PRODUCTION,2023-08-02T16:36:45.000Z,yes,c_edge,C-Edge
5cf6de,PRODUCTION,2023-08-02T16:36:47.000Z,yes,c_edge,C-Edge
828da4,PRODUCTION,2023-08-02T16:36:53.000Z,yes,c_edge,C-Edge
118fb2,PRODUCTION,2023-08-02T16:36:59.000Z,yes,c_edge,C-Edge
70198d,PRODUCTION,2023-08-02T16:37:06.000Z,yes,c_edge,C-Edge
e37a2f,PRODUCTION,2023-08-02T16:37:11.000Z,yes,c_edge,C-Edge
f1dca1,PRODUCTION,2023-08-02T16:37:13.000Z,no,c_edge,C-Edge
eeafca,PRODUCTION,2023-08-02T16:37:15.000Z,no,c_edge,C-Edge
5f715a,STAGING,2023-08-02T16:37:18.000Z,no,smart_pay,Smart Net Trading Service Company Limited
083617,PRODUCTION,2023-08-02T16:37:21.000Z,yes,viettel,Viettel
bd467f,PRODUCTION,2023-08-02T16:37:27.000Z,yes,Finchatbot,Finchatbot
a8b48d,PRODUCTION,2023-08-02T16:37:33.000Z,yes,MONEYTAP-DKYC-POC,MoneyTap
9a3e1a,PRODUCTION,2023-08-02T16:37:44.000Z,yes,FLYITOUT-POC,Flyitout
dde95c,PRODUCTION,2023-08-02T16:37:47.000Z,yes,AKBARTRAVELS- POC,AkbarTravels-POC
84d87d,PRODUCTION,2023-08-02T16:37:49.000Z,no,trans_union,Transunion
5e25ff,STAGING,2023-08-02T16:37:50.000Z,no,hyperverge_engineering_team,HyperVerge Engineering Team
90dbb6,PRODUCTION,2023-08-02T16:37:52.000Z,yes,KREDITONE- PROD,KreditOne-Prod
780769,PRODUCTION,2023-08-02T16:37:54.000Z,yes,Demo,Demo 0HV
ec3dcf,PRODUCTION,2023-08-02T16:37:57.000Z,yes,MPL-DEV,MPL
82347a,PRODUCTION,2023-08-02T16:37:58.000Z,no,quick_ride,QuickRide
2758f0,STAGING,2023-08-02T16:37:59.000Z,no,smc,SMC
058fd5,PRODUCTION,2023-08-02T16:38:01.000Z,yes,RELIANCE-SECURITIES-POC,Reliance Securities
ed3e82,PRODUCTION,2023-08-02T16:38:02.000Z,yes,RELIANCESECURITIES- POC,RelianceSecurities-POC
21533d,PRODUCTION,2023-08-02T16:38:03.000Z,yes,AIRTEL-INDIA,Airtel-India
bdc884,PRODUCTION,2023-08-02T16:38:04.000Z,yes,cob-new,OCB New
41c378,PRODUCTION,2023-08-02T16:38:11.000Z,yes,GONLINEZONE-POC,GOnlineZone
ad678a,STAGING,2023-08-02T16:38:17.000Z,yes,hyperverge_engineering_team,HyperVerge Engineering Team
8d10d7,PRODUCTION,2023-08-02T16:38:18.000Z,yes,Tima-Orion-POC,Tima
a343c3,PRODUCTION,2023-08-02T16:38:23.000Z,yes,KOTAKSECURITIES-POC,KOTAKSECURITIES
9f9e63,PRODUCTION,2023-08-02T16:38:59.000Z,yes,Epoch,Duandai
db1c79,PRODUCTION,2023-08-02T16:39:01.000Z,yes,Epoch,Duandai
4baeca,PRODUCTION,2023-08-02T16:39:03.000Z,yes,gojek_indo,GoJek Indo
4d5c6c,PRODUCTION,2023-08-02T16:39:05.000Z,yes,sunline,Sun Line
e61123,STAGING,2023-08-02T16:39:07.000Z,yes,cams,CAMS
a4ebcc,PRODUCTION,2023-08-02T16:39:09.000Z,yes,LTFS,
d30777,PRODUCTION,2023-08-02T16:39:11.000Z,yes,ADVANSURE,Advansure
afad00,PRODUCTION,2023-08-02T16:39:14.000Z,yes,FURLENCO,Furlenco
4d41ad,PRODUCTION,2023-08-02T16:39:16.000Z,yes,SAMUNNATI,Samunnati
cb2dc9,PRODUCTION,2023-08-02T16:39:41.000Z,yes,DHANVARSHA,Dhanvarsha
e20006,PRODUCTION,2023-08-02T16:39:46.000Z,yes,byjus,Byjus
82390b,STAGING,2023-08-02T16:40:08.000Z,no,axio,Axio
c11917,PRODUCTION,2023-08-02T16:40:10.000Z,yes,Robinson-poc,Robinson
e35952,PRODUCTION,2023-08-02T16:40:12.000Z,yes,BPJS-NID-Indonesia-POC,BPJS-NID-Indonesia-POC
d33db6,PRODUCTION,2023-08-02T16:40:14.000Z,yes,smartpay-paylater,Smartpay Pay Later
216151,PRODUCTION,2023-08-02T16:40:16.000Z,no,money_tap,MoneyTap
392231,PRODUCTION,2023-08-02T16:40:17.000Z,yes,okfin,OK Fin
8d60eb,PRODUCTION,2023-08-02T16:40:18.000Z,yes,SYNEINS-POC,Syneins
3dc281,PRODUCTION,2023-08-02T16:40:19.000Z,yes,LinkAja-RFP-Demo,LinkAja
6fbd18,PRODUCTION,2023-08-02T16:40:20.000Z,yes,apollo_finvest,Apollo Finvest
785a5b,PRODUCTION,2023-08-02T16:40:21.000Z,yes,SVATANTRA,Svatantra - Test Credentials
e6740b,PRODUCTION,2023-08-02T16:40:22.000Z,yes,PAGARBOOK,PagarBook
80c16b,PRODUCTION,2023-08-02T16:40:23.000Z,yes,WINVESTA,WINVESTA-DEV
3e8196,PRODUCTION,2023-08-02T16:40:24.000Z,yes,ZEBU,ZEBU-DEV
ff7110,PRODUCTION,2023-08-02T16:40:28.000Z,yes,SEZZLE - POC,Sezzle
da5b8b,PRODUCTION,2023-08-02T16:40:29.000Z,yes,INDIA-P2P-TEST,India P2P
cb8156,PRODUCTION,2023-08-02T16:40:31.000Z,yes,HAPPY,Happy
8e730b,PRODUCTION,2023-08-02T16:40:33.000Z,yes,NSDL_Test,NSDL
0db910,PRODUCTION,2023-08-02T16:40:35.000Z,no,axio,Axio
0c2b30,STAGING,2023-08-02T16:40:37.000Z,no,sundaram_finance,Sundaram Finance
d0a52a,PRODUCTION,2023-08-02T16:40:39.000Z,yes,Time-OCR,Tima
4b438f,PRODUCTION,2023-08-02T16:40:40.000Z,yes,VIL - SmartConnect Test IMB,VIL - SmartConnect Test IMB
1740d2,PRODUCTION,2023-08-02T16:40:51.000Z,yes,NSDL-VKYC-TEST,NSDL
c06200,PRODUCTION,2023-08-02T16:41:01.000Z,yes,CoinsBit India,CoinsBit India KYC
b4abc9,PRODUCTION,2023-08-02T16:41:07.000Z,yes,Mobifone-ThinPhat-POC,Mobifone-ThinPhat
aa098b,PRODUCTION,2023-08-02T16:41:29.000Z,yes,Tima-Dashboard,Tima
400e8d,PRODUCTION,2023-08-02T16:41:32.000Z,yes,OKXE-UAT,OKXEUAT
c8c917,STAGING,2023-08-02T16:41:35.000Z,no,india_gold,India Gold
884f84,PRODUCTION,2023-08-02T16:41:37.000Z,yes,VEDANTU,VEDANTU-DEV
21b59e,PRODUCTION,2023-08-02T16:41:40.000Z,yes,grab-philippines-staging,Grab Philippines Staging
c06daf,PRODUCTION,2023-08-02T16:41:55.000Z,yes,FlexiLoans,FlexiLoans- Epimoney
ad9eea,STAGING,2023-08-02T16:41:57.000Z,yes,Wheebox-POC,WHEEBOX-POC
d3b012,PRODUCTION,2023-08-02T16:41:59.000Z,yes,MILAAPPOC,Milaap
6af825,PRODUCTION,2023-08-02T16:42:02.000Z,yes,komtek,Komtek
14f34f,PRODUCTION,2023-08-02T16:42:05.000Z,yes,ACT,ACT-DEV
839575,PRODUCTION,2023-08-02T16:42:06.000Z,yes,galaxy-one,Galaxy One
71af66,PRODUCTION,2023-08-02T16:42:07.000Z,yes,CAPITALFLOAT-WALNUT BUSINESS VKYC TEST,Capital Float - Walnut Business-vkyc test
d50574,PRODUCTION,2023-08-02T16:42:08.000Z,yes,CAPITALFLOAT-WALNUT BUSINESS VKYC PROD,Capital Float - Walnut Business- vkyc -prod
test63,PRODUCTION,2023-08-02T16:42:09.000Z,yes,asd,asd
test32,PRODUCTION,2023-08-02T16:42:10.000Z,yes,asd4,asd
test1f,PRODUCTION,2023-08-02T16:42:11.000Z,yes,asd5,asd
test98,PRODUCTION,2023-08-02T16:42:13.000Z,yes,asd6,asd
testb4,PRODUCTION,2023-08-02T16:42:14.000Z,yes,asd7,asd
testa3,PRODUCTION,2023-08-02T16:42:14.000Z,yes,asd2,asd
testfa,PRODUCTION,2023-08-02T16:42:15.000Z,yes,asd2,asd
test42,PRODUCTION,2023-08-02T16:42:16.000Z,yes,asd2,asd
testb1,PRODUCTION,2023-08-02T16:42:17.000Z,yes,asd2,asd
testff,PRODUCTION,2023-08-02T16:42:18.000Z,yes,new,new
test84,PRODUCTION,2023-08-02T16:42:19.000Z,yes,2,1
test9c,PRODUCTION,2023-08-02T16:42:23.000Z,yes,asd11,asd
testa1,PRODUCTION,2023-08-02T16:42:25.000Z,yes,asd,asd
testf6,PRODUCTION,2023-08-02T16:42:26.000Z,yes,asd,asd
testaa,PRODUCTION,2023-08-02T16:42:28.000Z,yes,asd,asd
test70,PRODUCTION,2023-08-02T16:42:30.000Z,yes,asd,asd
test3f,PRODUCTION,2023-08-02T16:42:42.000Z,yes,asd,asd
test53,PRODUCTION,2023-08-02T16:43:02.000Z,yes,asd,asd
test1a,PRODUCTION,2023-08-02T16:43:04.000Z,yes,asd,asd
testfe,PRODUCTION,2023-08-02T16:43:06.000Z,yes,asd,asd
test0d,PRODUCTION,2023-08-02T16:43:08.000Z,yes,asd,asd
testcd,PRODUCTION,2023-08-02T16:43:10.000Z,yes,asd32,asd
test8d,PRODUCTION,2023-08-02T16:43:12.000Z,yes,asd32,asd
test4b,PRODUCTION,2023-08-02T16:43:14.000Z,yes,asd,asd
testca,PRODUCTION,2023-08-02T16:43:17.000Z,yes,asd3,asd
bf0953,PRODUCTION,2023-08-02T16:43:18.000Z,yes,fec-kiman,FEC Kiman
b42376,PRODUCTION,2023-08-02T16:43:19.000Z,yes,squidpay,Squid Pay
internal-testfc,PRODUCTION,2023-08-02T16:43:21.000Z,yes,voda123,Vodafone
internal-testc5,PRODUCTION,2023-08-02T16:43:22.000Z,yes,voda123,Vodafone
internal-test9e,PRODUCTION,2023-08-02T16:43:23.000Z,yes,asd,asd
7d5a8a,PRODUCTION,2023-08-02T16:43:24.000Z,yes,bankgenie,Bank Genie
internal-testc8,PRODUCTION,2023-08-02T16:43:25.000Z,yes,client1,sd
internal-testee,PRODUCTION,2023-08-02T16:43:26.000Z,yes,asd1,asd
internal-test5c,PRODUCTION,2023-08-02T16:43:27.000Z,yes,client1,sd
internal-testf2,PRODUCTION,2023-08-02T16:43:28.000Z,yes,client1,sd
internal-test9c,PRODUCTION,2023-08-02T16:43:29.000Z,yes,client12,asdsad
internal-testbb,PRODUCTION,2023-08-02T16:43:30.000Z,yes,client1,sd
internal-test9a,PRODUCTION,2023-08-02T16:43:30.000Z,yes,client1,sd
internal-test2e,PRODUCTION,2023-08-02T16:43:31.000Z,yes,client1,sd
internal-test8d,PRODUCTION,2023-08-02T16:43:32.000Z,yes,sai01,saihv
internal-teste5,PRODUCTION,2023-08-02T16:43:33.000Z,yes,sai01,saihv
00f5cb,PRODUCTION,2023-08-02T16:43:34.000Z,yes,MAXIMUS-VKYC-POC,Maximus Software POC
ec38b6,PRODUCTION,2023-08-02T16:43:35.000Z,yes,vp-bank-new,VP Bank New
internal-test5d,PRODUCTION,2023-08-02T16:43:36.000Z,yes,srinijahv,Srinija
internal-testa0,PRODUCTION,2023-08-02T16:43:37.000Z,yes,srinijahv,Srinija
internal-test8b,PRODUCTION,2023-08-02T16:43:38.000Z,yes,asd2,asd
internal-teste1,PRODUCTION,2023-08-02T16:43:39.000Z,yes,new,new
internal-test39,PRODUCTION,2023-08-02T16:43:40.000Z,yes,new1,new2
95417f,PRODUCTION,2023-08-02T16:43:41.000Z,yes,Biteeu ,BitRex Global
f224cc,PRODUCTION,2023-08-02T16:43:42.000Z,yes,console-asd12,asd
f9b3d1,PRODUCTION,2023-08-02T16:43:44.000Z,yes,console-asd13,asd
5deccf,PRODUCTION,2023-08-02T16:43:45.000Z,yes,console-asdasd,asd
50b654,PRODUCTION,2023-08-02T16:43:46.000Z,yes,console-asd123,asd
c6e471,PRODUCTION,2023-08-02T16:43:47.000Z,yes,console-asd23,asd
55fee7,PRODUCTION,2023-08-02T16:43:48.000Z,yes,console-test123,test123
8e5616,PRODUCTION,2023-08-02T16:43:49.000Z,yes,console-asd,asd
dfc693,PRODUCTION,2023-08-02T16:43:50.000Z,yes,console-testclient,testclient
180397,PRODUCTION,2023-08-02T16:43:51.000Z,yes,console-asd,asd
d164af,PRODUCTION,2023-08-02T16:43:53.000Z,yes,console-asd2,asd
d2f73d,PRODUCTION,2023-08-02T16:43:54.000Z,yes,console-asd,asd
9bc3c9,PRODUCTION,2023-08-02T16:43:55.000Z,yes,console-HV-CONSOLE-TESTING,HyperVerge Internal Console Testing
6643b3,PRODUCTION,2023-08-02T16:43:57.000Z,yes,console-SRINIJA-Testing,Vietnam Testing Client
3dbb4b,PRODUCTION,2023-08-02T16:43:59.000Z,yes,console-apalhv,Apal Lending Company
0e7f81,PRODUCTION,2023-08-02T16:44:01.000Z,yes,smartpay-qc,Smartpay
531d03,PRODUCTION,2023-08-02T16:44:03.000Z,yes,console-voda123,Vodafone
d85ee3,PRODUCTION,2023-08-02T16:44:04.000Z,yes,console-newclient,newn
9042f6,PRODUCTION,2023-08-02T16:44:06.000Z,yes,console-asdasd,asd
f2a120,PRODUCTION,2023-08-02T16:44:07.000Z,yes,SBI-FASTAG-INT,SBI FasTag
f9d017,PRODUCTION,2023-08-02T16:44:19.000Z,yes,NAVI,Navi
1dc6d0,PRODUCTION,2023-08-02T16:44:32.000Z,yes,console-Hyperverge Test,Hyperverge Test
665d53,PRODUCTION,2023-08-02T16:44:35.000Z,yes,console-Hyperverge Testing,Hyperverge Testing
8ee108,PRODUCTION,2023-08-02T16:44:37.000Z,yes,CASHBEAN-LINK-POC,Cashbean
dc,PRODUCTION,2023-08-02T16:44:40.000Z,yes,Hyperverge Testing,Hyperverge Testing
cbd07b,PRODUCTION,2023-08-02T16:44:42.000Z,yes,console-Praveen,Praveen's Company
1664dd,PRODUCTION,2023-08-02T16:44:43.000Z,yes,console-Hyperportal Testing,Hyperportal Testing
86f22d,PRODUCTION,2023-08-02T16:44:44.000Z,yes,console-srinija,srinija's company
3379c0,PRODUCTION,2023-08-02T16:44:45.000Z,yes,console-SmartOSC,SmartOSC
871142,PRODUCTION,2023-08-02T16:44:46.000Z,yes,ocb-kyc-production,OCB KYC Production
a1c062,PRODUCTION,2023-08-02T16:44:47.000Z,yes,console-epay-vn-kyc,Epay
c2c232,STAGING,2023-08-02T16:44:48.000Z,yes,console-nuclent-vn-kyc,Nuclent
363972,PRODUCTION,2023-08-02T16:44:49.000Z,yes,console-F88-vn-kyc,F88
bf2649,PRODUCTION,2023-08-02T16:44:50.000Z,yes,VIVID-POC,Vivid Web Technologies
717d20,PRODUCTION,2023-08-02T16:44:51.000Z,yes,console-new,NewCompany
548639,PRODUCTION,2023-08-02T16:44:52.000Z,yes,console-new,NewCompany
2eb7b9,PRODUCTION,2023-08-02T16:44:53.000Z,yes,console-new,NewCompany
d85ea0,PRODUCTION,2023-08-02T16:44:54.000Z,yes,console-new,NewCompany
a14e33,PRODUCTION,2023-08-02T16:44:55.000Z,yes,console-new,NewCompany
ff9fa2,PRODUCTION,2023-08-02T16:44:55.000Z,yes,mpokket,mpokket
12b1bb,PRODUCTION,2023-08-02T16:44:56.000Z,yes,console-new,NewCompany
fbfb06,PRODUCTION,2023-08-02T16:44:57.000Z,yes,console-Test Organization for Onboarding,Test Organization for Onboarding
a01623,PRODUCTION,2023-08-02T16:44:58.000Z,no,vastu_finance,Vastu Finance
9139eb,PRODUCTION,2023-08-02T16:44:59.000Z,yes,Apollo-Finserv,ApolloFinserv - Testing
f0a943,PRODUCTION,2023-08-02T16:45:00.000Z,yes,Truecon,Truecon
217be6,PRODUCTION,2023-08-02T16:45:01.000Z,yes,GooglePay,GooglePay - POC Credentials
a95adf,STAGING,2023-08-02T16:45:03.000Z,yes,mahila_money,MahilaMoney
a0bf8d,PRODUCTION,2023-08-02T16:45:04.000Z,yes,console-Newclient,New Client
2d2e2c,PRODUCTION,2023-08-02T16:45:05.000Z,yes,console-newclient,newn
9f,PRODUCTION,2023-08-02T16:45:06.000Z,yes,newclient,newclient
07fb45,PRODUCTION,2023-08-02T16:45:07.000Z,yes,PayTM Lending,PayTM Lending - POC
9cf58a,PRODUCTION,2023-08-02T16:45:08.000Z,yes,console-Vietnam VideoKYC,Vietnam VideoKYC
121e21,PRODUCTION,2023-08-02T16:45:09.000Z,yes,Cashe-dkyc-test,Cashe
88a986,STAGING,2023-08-02T16:45:10.000Z,yes,dunzo,Dunzo
25145d,PRODUCTION,2023-08-02T16:45:11.000Z,yes,Happay - Prod Credentials,HAPPAY
a2f460,PRODUCTION,2023-08-02T16:45:14.000Z,yes,ocm-orion-poc,ocm
defd80,PRODUCTION,2023-08-02T16:45:16.000Z,yes,console-Rateplus,Rateplus
4d84af,PRODUCTION,2023-08-02T16:45:38.000Z,yes,Whiteboard - OCR - test,Whiteboard
302e61,PRODUCTION,2023-08-02T16:45:40.000Z,yes,INDIAN-NAVY-POC,Indian Navy POC
42d0ec,PRODUCTION,2023-08-02T16:45:41.000Z,yes,rapid-api,Rapid API
44904e,PRODUCTION,2023-08-02T16:45:42.000Z,yes,RUBIXDS-POC,RUBIXDS
182878,PRODUCTION,2023-08-02T16:45:43.000Z,yes,pletina,pletina Phil
b5ded4,STAGING,2023-08-02T16:45:44.000Z,no,revolut,Revolut
3b5a38,PRODUCTION,2023-08-02T16:45:45.000Z,yes,HYPERVERGE,HyperVerge Face General
09770e,PRODUCTION,2023-08-02T16:45:45.000Z,yes,console-FE Credit Video KYC,FE Credit Video KYC
26c5ed,PRODUCTION,2023-08-02T16:45:47.000Z,yes,console-FE Credit Video KYC demo,FE Credit Video KYC demo
5922cb,PRODUCTION,2023-08-02T16:45:48.000Z,yes,Kotak Bank-DigitalKYC-test,Kotak Bank
986e9d,PRODUCTION,2023-08-02T16:45:49.000Z,yes,kotakbank-digitalkyc-test,kotakbank
8af682,PRODUCTION,2023-08-02T16:45:50.000Z,yes,FEMA_FEC_TEST_CREDS,FEMA_FEC
e1efd6,PRODUCTION,2023-08-02T16:45:51.000Z,yes,console-Deepak-test,Deepak Technologies Pvt Limited
184fc6,PRODUCTION,2023-08-02T16:45:51.000Z,yes,A360-USA-DEV,A360 USA
1d4fd5,PRODUCTION,2023-08-02T16:45:53.000Z,yes,OkCredit,OKCREDIT
ef836f,PRODUCTION,2023-08-02T16:45:54.000Z,yes,console-Test Organization for Onboarding,Test Organization for Onboarding
ebc866,PRODUCTION,2023-08-02T16:45:57.000Z,yes,atmonline-qc,ATM Online
7a9a60,PRODUCTION,2023-08-02T16:45:58.000Z,yes,atmonline-qc,ATM Online
5ab323,PRODUCTION,2023-08-02T16:46:00.000Z,yes,console-ASP-TESTING,ASP
454d7f,PRODUCTION,2023-08-02T16:46:04.000Z,yes,console-Demo env,Demo env
45da91,PRODUCTION,2023-08-02T16:46:32.000Z,yes,console-ApalTestCompany,Apal Test Company
d788a3,PRODUCTION,2023-08-02T16:46:35.000Z,yes,console-Apal Test Company 2,Apal Test Company 2
3ba843,PRODUCTION,2023-08-02T16:46:36.000Z,yes,console-Pine Labs,Pine Labs
315383,PRODUCTION,2023-08-02T16:46:39.000Z,yes,FairMoney-TestOKYC,FAIRMONEY-TESTOKYC
dbc14c,PRODUCTION,2023-08-02T16:46:41.000Z,yes,Tima-digitization,Tima
5cb721,STAGING,2023-08-02T16:46:43.000Z,no,royal_brothers,Royal Brothers
05883a,PRODUCTION,2023-08-02T16:46:44.000Z,yes,newgen,newgen
bedc85,PRODUCTION,2023-08-02T16:46:45.000Z,yes,SATeamTest,SATeamTest - VKYC
aee427,PRODUCTION,2023-08-02T16:46:47.000Z,yes,Xiaomi-Test,XIAOMI-TEST
b8ce3c,PRODUCTION,2023-08-02T16:46:48.000Z,yes,KOTAK-AADHAAR-MASKING-TEST,Kotak Life Insurance
000de4,PRODUCTION,2023-08-02T16:46:49.000Z,yes,moneycat-orion-poc,moneycat
24d4ec,PRODUCTION,2023-08-02T16:46:49.000Z,yes,GEOJIT,GEOJIT-DEV
c09bf3,PRODUCTION,2023-08-02T16:46:51.000Z,yes,UNITED-MEDICAL-CREDIT-POC,United Medical Credit
f619a1,PRODUCTION,2023-08-02T16:46:52.000Z,yes,CLICKMYLOAN-POC,ClickMyLoan
952f8c,PRODUCTION,2023-08-02T16:46:53.000Z,yes,Maximus-DKYC,Maximus
cb407b,PRODUCTION,2023-08-02T16:46:58.000Z,no,tvs_credit,TVS Credit
fd2064,PRODUCTION,2023-08-02T16:47:06.000Z,yes,vastu_finance,Vastu Finance
c5cae7,STAGING,2023-08-02T16:47:10.000Z,yes,Bira production credentials,Bira Production Credentials
0bfaa9,PRODUCTION,2023-08-02T16:47:34.000Z,yes,Setu,SETU - Prod Credentials
ceb2d0,PRODUCTION,2023-08-02T16:47:42.000Z,yes,console-momo,Momo
a55230,PRODUCTION,2023-08-02T16:47:43.000Z,yes,console-Harsh-testing,Vietnam Testing Client
aafdcf,STAGING,2023-08-02T16:47:45.000Z,no,rupee_redee,Rupeeredee
d1a35a,PRODUCTION,2023-08-02T16:47:47.000Z,yes,console-12345,Jaunhand
ec0bcb,PRODUCTION,2023-08-02T16:47:48.000Z,yes,console-12345,Jaunhand
edd18c,PRODUCTION,2023-08-02T16:47:49.000Z,yes,console-12414,HyperVerge
39a9af,PRODUCTION,2023-08-02T16:47:50.000Z,yes,console-Harsh-testing,Vietnam Testing Client
ca90c6,PRODUCTION,2023-08-02T16:47:51.000Z,yes,console-Harsh-testing,Vietnam Testing Client
95d0e2,PRODUCTION,2023-08-02T16:47:51.000Z,yes,console-testing,Testing Client
0c6979,PRODUCTION,2023-08-02T16:47:52.000Z,yes,console-testing,Testing Client
f2f701,PRODUCTION,2023-08-02T16:47:53.000Z,yes,console-testing,Testing Client
e97c6c,PRODUCTION,2023-08-02T16:47:54.000Z,yes,console-testing,Testing Client
32a7e8,PRODUCTION,2023-08-02T16:47:56.000Z,yes,ABFL - DKYC POC,ABFL - Broking Arm - POC
9f777a,PRODUCTION,2023-08-02T16:47:58.000Z,yes,ACTIVEAI,ACTIVEAI
43523a,PRODUCTION,2023-08-02T16:48:00.000Z,no,lic,LIC
05ff9b,PRODUCTION,2023-08-02T16:48:03.000Z,yes,console-testing,Testing Client
21f386,PRODUCTION,2023-08-02T16:48:30.000Z,yes,console-testing,Testing Client
38efbf,PRODUCTION,2023-08-02T16:48:32.000Z,yes,console-Harsh-testing,Vietnam Testing Client
5687a2,PRODUCTION,2023-08-02T16:48:33.000Z,yes,console-testing,Testing Client
83771b,PRODUCTION,2023-08-02T16:48:33.000Z,yes,console-testing,Testing Client
ca06d7,PRODUCTION,2023-08-02T16:48:34.000Z,yes,console-testing,Testing Client
b07905,PRODUCTION,2023-08-02T16:48:36.000Z,yes,console-testing,Testing Client
b39d68,PRODUCTION,2023-08-02T16:48:37.000Z,yes,console-Harsh-testing,Vietnam Testing Client
2e7afb,PRODUCTION,2023-08-02T16:48:39.000Z,yes,KHATABOOK-DEDUPE-PROD,Khatabook (Dedupe) PROD
210604,PRODUCTION,2023-08-02T16:48:40.000Z,yes,TROVIO - DIGIKUBER,Trovio.io (DigiKuber)
1c0a3b,PRODUCTION,2023-08-02T16:48:42.000Z,no,hyperverge_production_systems,HyperVerge Production Systems
60e603,PRODUCTION,2023-08-02T16:48:43.000Z,yes,Vested Finance - Test Credentials,VESTED FINANCE
c07a8f,PRODUCTION,2023-08-02T16:48:44.000Z,yes,Transcorp - Test Credentials,TRANSCORP
794cdc,PRODUCTION,2023-08-02T16:48:50.000Z,yes,console-idcentral,IDCentral
80d53e,PRODUCTION,2023-08-02T16:49:18.000Z,yes,plentina,Plentina
4caca5,PRODUCTION,2023-08-02T16:49:20.000Z,yes,thinhphat-vp-bank,Thinhphat - VP Bank Integration
0f51d9,PRODUCTION,2023-08-02T16:49:22.000Z,yes,thinhphat-viettel,Thinhphat - Viettel Integration
1d8557,STAGING,2023-08-02T16:49:24.000Z,no,hyperverge_engineering_team,HyperVerge Engineering Team
4adcca,PRODUCTION,2023-08-02T16:49:26.000Z,yes,Hero-DKYC-Prod,Hero Fincorp
8c5207,PRODUCTION,2023-08-02T16:49:27.000Z,yes,JODO_DEV,JODO
e3d60b,PRODUCTION,2023-08-02T16:49:28.000Z,yes,console-OCB Demo,OCB Demo
7c3a90,PRODUCTION,2023-08-02T16:49:29.000Z,yes,Home Credit - Offline Team - Test Credentials,HOME CREDIT Test Credentials
ad2fc3,PRODUCTION,2023-08-02T16:49:30.000Z,yes,Zimyo - Prod Credentials,ZIMYO - Prod Credentials
c2afb0,PRODUCTION,2023-08-02T16:49:31.000Z,yes,GENERIC-OCR-INTERNAL-USA,GENERIC-OCR-INTERNAL-USA
08992f,PRODUCTION,2023-08-02T16:49:32.000Z,no,hyperverge_production_systems,HyperVerge Production Systems
cfda88,PRODUCTION,2023-08-02T16:49:33.000Z,yes,console-Tendopay,Tendopay
2ceb76,PRODUCTION,2023-08-02T16:49:34.000Z,yes,HYPERFACE-DEMO-APP,Hyperface demo
5c0de8,PRODUCTION,2023-08-02T16:49:35.000Z,yes,console-galaxyone-CovidTestProject,Galaxy One - Covid Test Project
ut4uw9,PRODUCTION,2023-08-02T16:49:36.000Z,yes,self-serve-SS-test,SS-test
e8a684,PRODUCTION,2023-08-02T16:49:37.000Z,yes,newgen,newgen
861c04,PRODUCTION,2023-08-02T16:49:38.000Z,yes,debt-genius-internal,Internal key for Debt Genius
e2576b,PRODUCTION,2023-08-02T16:49:39.000Z,yes,DEDUPE-HV-TEST,Dedupe - Internal team
e33da9,PRODUCTION,2023-08-02T16:49:41.000Z,yes,orion,orionlendernode
12c2e0,PRODUCTION,2023-08-02T16:49:42.000Z,yes,TCS TEST,TCS
d02018,PRODUCTION,2023-08-02T16:49:43.000Z,yes,TCS-PENFED-USA,TCS-PENFED-USA
959fd6,PRODUCTION,2023-08-02T16:49:54.000Z,yes,moneytap,Money Tap Debt Genius
72731a,PRODUCTION,2023-08-02T16:50:13.000Z,no,shriram_finance,Shriram Finance
bfc331,PRODUCTION,2023-08-02T16:50:15.000Z,no,cathay_vietnam,Cathay Vietnam
62e108,STAGING,2023-08-02T16:50:17.000Z,yes,Round Finance - POC,Round Finance
d3adb4,STAGING,2023-08-02T16:50:19.000Z,yes,hanuvel,Hanuvel
2b4728,PRODUCTION,2023-08-02T16:50:20.000Z,yes,FAMPAY-POC,Fampay - POC
11b1e7,PRODUCTION,2023-08-02T16:50:22.000Z,yes,MONEYVIEW_DEBTGENIUS,Money View
5392a8,PRODUCTION,2023-08-02T16:50:24.000Z,yes,HDB-Dev,HDB
48cf71,PRODUCTION,2023-08-02T16:50:27.000Z,yes,HDB Financials-Dev,HDB Financials
266c7f,PRODUCTION,2023-08-02T16:50:29.000Z,yes,PINE-LABS-PROD,Pine Labs
dc7a8a,PRODUCTION,2023-08-02T16:50:31.000Z,yes,hyperverge,HyperVerge
d87be9,PRODUCTION,2023-08-02T16:50:32.000Z,yes,ABFL-CKYC-POC,ABFL
8e966b,PRODUCTION,2023-08-02T16:50:33.000Z,no,HV,HyperVerge
6a769a,PRODUCTION,2023-08-02T16:50:34.000Z,yes,ABHFL - OKYC APIs,Aditya Birla Housing Finance Limited - OKYC API creds
835468,PRODUCTION,2023-08-02T16:50:36.000Z,yes,CAPRI GLOBAL,Capri Global
3789a5,PRODUCTION,2023-08-02T16:50:47.000Z,yes,NAVI_DEBTGENIUS,Navi Debt Genius
cb3761,PRODUCTION,2023-08-02T16:50:56.000Z,yes,EXPERTRISE-SNOW,EXPERTRISE-SNOW-US
ccc247,PRODUCTION,2023-08-02T16:51:00.000Z,yes,MyFab11 - Test Credentials,MYFAB11 - Test Credentials
7ce5df,PRODUCTION,2023-08-02T16:51:02.000Z,yes,NJFunds - Test Credentials,NJ FUNDS - Test Credentials
e97da6,PRODUCTION,2023-08-02T16:51:12.000Z,yes,Hike - Test Credentials,HIKE - Test Credentials
44dd5f,PRODUCTION,2023-08-02T16:51:35.000Z,yes,CREDT-SAISON-CKYC-POC,Credit Saison
ac2cf8,PRODUCTION,2023-08-02T16:51:38.000Z,yes,AIRTEL-DKYC-POC,Airtel DKYC POC
6f84b5,PRODUCTION,2023-08-02T16:51:39.000Z,yes,Piramal Retail,Piramal
cfcb54,PRODUCTION,2023-08-02T16:51:41.000Z,yes,console-Sunfinance ,Sunfinance 
d20b9d,PRODUCTION,2023-08-02T16:51:43.000Z,no,fantasy_akhada,Fantasy Akhada
63c18f,STAGING,2023-08-02T16:51:45.000Z,yes,fair_money_nigeria,FairMoney - Nigeria
d68ad9,STAGING,2023-08-02T16:51:47.000Z,yes,be_group,Be Group
baa1af,PRODUCTION,2023-08-02T16:51:49.000Z,yes,seektruffle-DKYC-test,Seektruffle
298f47,PRODUCTION,2023-08-02T16:51:50.000Z,yes,DrDong,Dr Dong
a1e82a,PRODUCTION,2023-08-02T16:51:52.000Z,yes,console-test,testing
a2479f,PRODUCTION,2023-08-02T16:51:53.000Z,yes,TODD-CASH-US,Todd Cash US
3ecb36,PRODUCTION,2023-08-02T16:51:54.000Z,yes,1POINT-VKYC-POC,1Point
5c39c7,STAGING,2023-08-02T16:51:55.000Z,yes,momo,Momo
417466,PRODUCTION,2023-08-02T16:52:03.000Z,yes,Paymatrix-dkyc-test,Paymatrix
2d75fc,PRODUCTION,2023-08-02T16:52:12.000Z,yes,grab-phl-prod,Grab PHL Prod
61764b,PRODUCTION,2023-08-02T16:52:13.000Z,yes,ZETA-PAN-POC,Zeta Pan verification
b89f65,PRODUCTION,2023-08-02T16:52:14.000Z,yes,CRIF-DKYC-POC,CRIF POC
00bc33,PRODUCTION,2023-08-02T16:52:15.000Z,yes,tmoni - Test Credentials,TMONI - TEST Credentials
de7408,PRODUCTION,2023-08-02T16:52:16.000Z,yes,wex - test credentials,WEX - TEST CREDENTIALS
61f748,STAGING,2023-08-02T16:52:16.000Z,no,artisan_technologies,Artisan Technologies
22bc1a,PRODUCTION,2023-08-02T16:52:18.000Z,yes,umba - test credentials,UMBA - TEST CREDENTIALS
cbbe9c,PRODUCTION,2023-08-02T16:52:19.000Z,yes,ltfs-ml-sourcingflow-production credentials,LTFS - ML - Sourcing Flow - Production Credentials
081f07,PRODUCTION,2023-08-02T16:52:20.000Z,yes,zedvance - test credentials,ZEDVANCE - TEST CREDENTIALS
d3266b,PRODUCTION,2023-08-02T16:52:22.000Z,yes,ltfs-tw servicing flow-production credentials,LTFS-TW Servicing Flow-Production Credentials
34ce1d,PRODUCTION,2023-08-02T16:52:24.000Z,yes,ltfs- ml sourcing flow - test credentials,LTFS- ML Sourcing Flow - TEST CREDENTIALS
e1ad64,PRODUCTION,2023-08-02T16:52:26.000Z,yes,ltfs-farm servicing flow-production credentials,LTFS-FARM Servicing Flow-Production Credentials
bb06fa,PRODUCTION,2023-08-02T16:52:28.000Z,yes,ltfs- tw servicing flow - test credentials,LTFS- TW Servicing Flow - TEST CREDENTIALS
8a7ed2,PRODUCTION,2023-08-02T16:52:29.000Z,yes,ltfs-cl servicing flow-production credentials,LTFS-CL Servicing Flow-Production Credentials
837f9d,PRODUCTION,2023-08-02T16:52:30.000Z,yes,ltfs-hl servicing flow-production credentials,LTFS-HL Servicing Flow-Production Credentials
d2aeeb,PRODUCTION,2023-08-02T16:52:30.000Z,yes,ltfs- farm servicing flow - test credentials,LTFS- FARM Servicing Flow - TEST CREDENTIALS
f51cb5,PRODUCTION,2023-08-02T16:52:31.000Z,yes,ltfs-ml servicing flow-production credentials,LTFS-ML Servicing Flow-Production Credentials
56e4b2,PRODUCTION,2023-08-02T16:52:34.000Z,yes,ltfs- cl servicing flow - test credentials,LTFS- CL Servicing Flow - TEST CREDENTIALS
fd6bee,PRODUCTION,2023-08-02T16:52:35.000Z,yes,moneytap-vietnam-staging,MoneyTap Vietnam Staging
0a3f22,PRODUCTION,2023-08-02T16:52:36.000Z,yes,ltfs- hl servicing flow - test credentials,LTFS- HL Servicing Flow - TEST CREDENTIALS
0fa60c,PRODUCTION,2023-08-02T16:52:37.000Z,yes,ltfs- ml servicing flow - test credentials,LTFS- ML Servicing Flow - TEST CREDENTIALS
da815c,PRODUCTION,2023-08-02T16:52:38.000Z,yes,console-12385991,InvestED
039888,STAGING,2023-08-02T16:52:38.000Z,yes,cimb,CIMB
5083e3,PRODUCTION,2023-08-02T16:52:40.000Z,yes,MOMO,MOMO KYC PoC
61500e,PRODUCTION,2023-08-02T16:52:51.000Z,yes,Jainam-dkyc-test,Jainam
15cc07,STAGING,2023-08-02T16:53:02.000Z,yes,happay,Happay
b00efa,PRODUCTION,2023-08-02T16:53:35.000Z,yes,fec-robo-backend-new,FEC Robo Backend New
30cc93,PRODUCTION,2023-08-02T16:53:57.000Z,yes,FREECHARGE,Freecharge
914f4f,PRODUCTION,2023-08-02T16:53:59.000Z,no,wheeBox production credentials,WHEELBOX PRODUCTION CREDENTIALS
549667,PRODUCTION,2023-08-02T16:54:01.000Z,no,pay_u,PayU
ffb8ea,PRODUCTION,2023-08-02T16:54:03.000Z,yes,sundaramHomeFinance test credentials ,SUNDARAM HOME FINANCE CREDENTIALS
0fb59b,PRODUCTION,2023-08-02T16:54:05.000Z,yes,nowNow - test - credentials,NOWNOW - TEST - CREDENTIALS
f2e098,PRODUCTION,2023-08-02T16:54:07.000Z,yes,opay - test - credentials,OPAY - TEST - CREDENTIALS
232741,PRODUCTION,2023-08-02T16:54:08.000Z,yes,indicina - test - credentials,INDICINA - TEST - CREDENTIALS
c55da9,PRODUCTION,2023-08-02T16:54:10.000Z,yes,mPokeet - VKYC - Test Credentials,mPokeet - VKYC - Test Credentials
30e034,PRODUCTION,2023-08-02T16:54:12.000Z,no,console-Credify Vietnam,Credify
74b3ac,PRODUCTION,2023-08-02T16:54:13.000Z,yes,console-Credify Vietnam,Credify
7fdb48,PRODUCTION,2023-08-02T16:54:14.000Z,yes,console-TransData (Fsoft) Vietnam,TransData (Fsoft)
93430c,PRODUCTION,2023-08-02T16:54:15.000Z,yes,BHARATPE-PROD-2,BharatPe
2fc93e,PRODUCTION,2023-08-02T16:54:16.000Z,yes,Hyperverge,Hyperverge-SBI-digitization
d9e07e,PRODUCTION,2023-08-02T16:54:18.000Z,yes,console-Cash24,Cash24
fe0eda,PRODUCTION,2023-08-02T16:54:19.000Z,yes,mpl-testing credentials,
206ab2,STAGING,2023-08-02T16:54:20.000Z,yes,go_fynd,GoFynd
adace1,PRODUCTION,2023-08-02T16:54:24.000Z,yes,sbi cards - test credential,SBI Cards - Test Credential
885575,PRODUCTION,2023-08-02T16:54:56.000Z,no,pine_labs,Pinelabs
caa481,PRODUCTION,2023-08-02T16:54:59.000Z,yes,hv-fraud-team,HV Fraud Team
d36928,STAGING,2023-08-02T16:55:01.000Z,no,furlenco,Furlenco
f2fdb9,PRODUCTION,2023-08-02T16:55:03.000Z,yes,carbon - test credentials,Carbon - Test Credentials
c307aa,PRODUCTION,2023-08-02T16:55:05.000Z,no,CCI - Test Credentials,CCI - Test Credentials
a73d83,PRODUCTION,2023-08-02T16:55:07.000Z,yes,ABHFL - production credentials,ABHFL - Production Credentials
db558d,PRODUCTION,2023-08-02T16:55:09.000Z,yes,credpal - test credentials,Credpal - Test Credentials
052b36,PRODUCTION,2023-08-02T16:55:10.000Z,yes,console-12395030,Paymaya
b28b06,PRODUCTION,2023-08-02T16:55:11.000Z,yes,wapi pay - test credentials,Wapi Pay - Test Credentials
a5ede1,STAGING,2023-08-02T16:55:12.000Z,no,tvs_credit,TVS Credit
fa2b3b,PRODUCTION,2023-08-02T16:55:12.000Z,yes,wallets.africa - test credentials,Wallets.Africa - Test Credentials
6ad9ef,PRODUCTION,2023-08-02T16:55:13.000Z,no,hyperverge_production_systems,HyperVerge Production Systems
e80e79,STAGING,2023-08-02T16:55:14.000Z,yes,fe_credit,FE Credit
115ecf,PRODUCTION,2023-08-02T16:55:16.000Z,yes,quidax - test credentials,Quidax - Test Credentials
ecdd5f,PRODUCTION,2023-08-02T16:55:17.000Z,no,hyperverge_production_systems,HyperVerge Production Systems
7f9c16,PRODUCTION,2023-08-02T16:55:19.000Z,yes,console-Project Galaxy Joy / Galaxy One,GalaxyOne 
a1aecb,PRODUCTION,2023-08-02T16:55:20.000Z,yes,betterplace-dkyc-test,Betterplace
38b574,PRODUCTION,2023-08-02T16:55:21.000Z,yes,RUPIFI,Rupifi
7c37e2,STAGING,2023-08-02T16:55:25.000Z,no,branch_nigeria,Branch Nigeria
e8cb29,PRODUCTION,2023-08-02T16:55:27.000Z,yes,console-Galaxy One - ewallet project ,Galaxy One 
95e901,PRODUCTION,2023-08-02T16:55:36.000Z,no,hyperverge_production_systems,HyperVerge Production Systems
e5b5ee,PRODUCTION,2023-08-02T16:55:41.000Z,yes,console-Galaxy One - ewallet project ,Galaxy One 
94cc9a,PRODUCTION,2023-08-02T16:55:43.000Z,yes,console-Project Galaxy Joy / Galaxy One,GalaxyOne 
a71ea4,PRODUCTION,2023-08-02T16:55:47.000Z,yes,BuyUCoin - test credentials,BuyUCoin - test credentials
ce3e8e,PRODUCTION,2023-08-02T16:55:50.000Z,yes,cimb,CIMB
ed1f7d,PRODUCTION,2023-08-02T16:55:54.000Z,yes,FEC ,FEC UAT
7c1eec,PRODUCTION,2023-08-02T16:55:57.000Z,yes,Vamo,
5570c9,STAGING,2023-08-02T16:55:59.000Z,no,credit_saison,CreditSaison
y0xamc,PRODUCTION,2023-08-02T16:56:02.000Z,yes,voda12345,Vodafone
3l3oy0,PRODUCTION,2023-08-02T16:56:04.000Z,yes,voda12345,Vodafone
a5jcni,PRODUCTION,2023-08-02T16:56:17.000Z,yes,voda12345,Vodafone
463506,PRODUCTION,2023-08-02T16:56:20.000Z,yes,plutus,Plutus
35494f,PRODUCTION,2023-08-02T16:56:24.000Z,yes,Zerodha-dkyc-test,Zerodha
44831d,PRODUCTION,2023-08-02T16:56:42.000Z,yes,dkyc,Hyperverge-Global-Dkyc-Test
77195c,PRODUCTION,2023-08-02T16:56:44.000Z,yes,TATADIGITALTWOWHEELER_DEV,TATADIGITALTWOWHEELER
ce2edd,PRODUCTION,2023-08-02T16:56:47.000Z,yes,Accion Microfinance Bank - testing credentials,Accion Microfinance Bank - Test Credentials
975c4e,PRODUCTION,2023-08-02T16:56:50.000Z,yes,Dhan,
8bc8d9,PRODUCTION,2023-08-02T16:56:51.000Z,yes,GOLDSETU,GoldSetu
c66835,PRODUCTION,2023-08-02T16:56:54.000Z,yes,credit_saison,CreditSaison
9fad9c,STAGING,2023-08-02T16:57:11.000Z,yes,oro_pocket,Oropocket
20d0d8,PRODUCTION,2023-08-02T16:57:30.000Z,yes,9pay,9Pay
872d28,PRODUCTION,2023-08-02T16:57:33.000Z,yes,internal testing credential,Internal Testing Credential
bb6ca7,PRODUCTION,2023-08-02T16:57:37.000Z,yes,vietnam kyc poc,kyc-poc
b5c9a1,PRODUCTION,2023-08-02T16:57:39.000Z,yes,Transcorp-Walrus-VKYC-prod,Transcorp-Walrus-VKYC-prod
d71a05,PRODUCTION,2023-08-02T16:57:41.000Z,yes,Transcorp-Walrus-VKYC-prod2,Transcorp-Walrus-VKYC-prod2
f2b6cf,STAGING,2023-08-02T16:57:42.000Z,yes,urbanmatch-dkyc-test,UrbanMatch
ed4f9b,PRODUCTION,2023-08-02T16:57:44.000Z,yes,icici securities - test credentials,ICICI Securities - Test Credentials
8e45df,PRODUCTION,2023-08-02T16:57:56.000Z,yes,Truepartner-orion,Truepartner
9bbcb8,PRODUCTION,2023-08-02T16:58:29.000Z,yes,mpl - reverification project,MPL - Reverification Project
739a38,PRODUCTION,2023-08-02T16:58:32.000Z,yes,vpayAfrica - test credentials,Vpay Africa - Test Credentials
cd0822,PRODUCTION,2023-08-02T16:58:34.000Z,yes,BLOCKCHAIN APP FACTORY,Blockchain App Factory
8429f8,PRODUCTION,2023-08-02T16:58:36.000Z,yes,console-Tinkoff,Tinkoff
49a9a9,PRODUCTION,2023-08-02T16:58:38.000Z,yes,GIOTTUS_DEV,GIOTTUS
1f0051,PRODUCTION,2023-08-02T16:59:03.000Z,yes,Baazi ,Baazi games
490a5a,PRODUCTION,2023-08-02T16:59:08.000Z,yes,creditfair - testing credentials,CreditFair - Testing Credentials
45ab46,PRODUCTION,2023-08-02T16:59:10.000Z,yes,enkash-dkyc-test,EnKash
fadd36,PRODUCTION,2023-08-02T16:59:29.000Z,yes,it ba assignment,IT BA Assignment
e84703,STAGING,2023-08-02T16:59:31.000Z,yes,fe_credit,FE Credit
64d904,PRODUCTION,2023-08-02T16:59:33.000Z,yes,console-hsbc-vietnam,HSBC Vietnam
a7269d,PRODUCTION,2023-08-02T16:59:35.000Z,yes,squidpay,Squid Pay
38933c,PRODUCTION,2023-08-02T16:59:36.000Z,yes,console-paxful,Paxful
889e8c,PRODUCTION,2023-08-02T16:59:37.000Z,yes,e_pay,EPay
f9b9e2,STAGING,2023-08-02T16:59:38.000Z,yes,e_pay,EPay
1740b7,PRODUCTION,2023-08-02T16:59:39.000Z,yes,balic instab testing credentials,Balic Instab Testing Credentials
f5cac5,PRODUCTION,2023-08-02T16:59:40.000Z,yes,console-9PAY,9PAY 
45bb55,PRODUCTION,2023-08-02T16:59:42.000Z,yes,console-Techlab.ai,Techlab (9Pay & Tikop)
6b019b,PRODUCTION,2023-08-02T16:59:43.000Z,yes,faze,Faze
58f1b7,PRODUCTION,2023-08-02T16:59:44.000Z,yes,console-AionTech Channel Partner ,AionTech 
1d073f,PRODUCTION,2023-08-02T16:59:45.000Z,yes,Money Marque - testing credentials,Money Marque - Testing Credentials
043500,PRODUCTION,2023-08-02T16:59:46.000Z,yes,menacred - testing credentials,MenaCred - Testing Credentials
a5f892,STAGING,2023-08-02T16:59:47.000Z,no,matrimony,Matrimony
3436f3,PRODUCTION,2023-08-02T16:59:47.000Z,yes,internal testing credential,Internal Testing Credential
715d0c,STAGING,2023-08-02T16:59:49.000Z,no,carret,Carret
0a6280,STAGING,2023-08-02T16:59:51.000Z,no,Digifin_DEV,Digifin
dcb008,PRODUCTION,2023-08-02T16:59:53.000Z,yes,squidpay,Squid Pay
2f7c14,PRODUCTION,2023-08-02T16:59:55.000Z,yes,console-1235029,Starpay
7b17be,PRODUCTION,2023-08-02T16:59:56.000Z,yes,dhanvarsha - production credentials,DHANVARSHA - PRODUCTION CREDENTIALS
d22b8c,PRODUCTION,2023-08-02T16:59:57.000Z,yes,khel-dkyc-test,Khel
5f548e,PRODUCTION,2023-08-02T16:59:58.000Z,yes,bankofhodlers test credentials,BankOfHolders - Test Credentials
aa76d2,PRODUCTION,2023-08-02T17:00:00.000Z,yes,lic - testing credentials,LIC - Testing Credentials
1a838d,PRODUCTION,2023-08-02T17:00:03.000Z,yes,tricolor - testing credentials,Tricolor - Testing Credentials
a68fa6,PRODUCTION,2023-08-02T17:00:13.000Z,yes,SBM Bank,SBM Bank
a8b169,PRODUCTION,2023-08-02T17:00:15.000Z,yes,coinswitch ,CoinSwitch
e79a03,PRODUCTION,2023-08-02T17:00:21.000Z,yes,console-2940481,Tala
dd440c,STAGING,2023-08-02T17:00:35.000Z,no,fampay,Fampay
90ce6d,STAGING,2023-08-02T17:00:37.000Z,yes,cimb,CIMB
af2aba,PRODUCTION,2023-08-02T17:00:39.000Z,yes,fatakpay,FatakPay
e8626b,PRODUCTION,2023-08-02T17:00:41.000Z,yes,OCB,OCB-VIDEOKYC-DEMO
3aef4e,PRODUCTION,2023-08-02T17:00:44.000Z,yes,walrus,Walrus
464b0e,PRODUCTION,2023-08-02T17:00:46.000Z,yes,console-Momo Fl ,Momo 
836d09,PRODUCTION,2023-08-02T17:00:48.000Z,yes,go_fynd,GoFynd
c7ed82,PRODUCTION,2023-08-02T17:00:49.000Z,yes,fastcredit africa - testing credentials,FastCredit Africa - Testing Credentials
014b5f,PRODUCTION,2023-08-02T17:00:50.000Z,yes,sofri africa testing credentials,Sofri Africa Testing credentials
56ad61,PRODUCTION,2023-08-02T17:00:51.000Z,yes,zuluPay test credentials,Zulupay Test Credentials
38de68,PRODUCTION,2023-08-02T17:00:52.000Z,yes,zuluPay production credentials,Zulupay Production Credentials
6048c4,STAGING,2023-08-02T17:00:53.000Z,yes,vamo,Vamo
fd3cfc,PRODUCTION,2023-08-02T17:00:55.000Z,yes,console-Sunfinance ,Sunfinance 
9fa66c,PRODUCTION,2023-08-02T17:00:56.000Z,yes,console-Hyperportal Testing,Hyperportal Testing
c794f4,PRODUCTION,2023-08-02T17:00:58.000Z,yes,starpay-dedupe-poc,starpay
af28fe,PRODUCTION,2023-08-02T17:01:02.000Z,yes,Coindcx_DEV,CoinDCX
d86c42,STAGING,2023-08-02T17:01:09.000Z,yes,aella_credit,Aella Credit
201d73,PRODUCTION,2023-08-02T17:01:40.000Z,yes,console-inscredit,InsCredit
2abbd9,PRODUCTION,2023-08-02T17:01:55.000Z,yes,fe_credit,FE Credit
99e0d3,PRODUCTION,2023-08-02T17:02:02.000Z,yes,creditsaison - production credentials,CreditSaison - Production Credentials
bfbb65,STAGING,2023-08-02T17:02:08.000Z,yes,9pay,9Pay
dd7a71,PRODUCTION,2023-08-02T17:02:15.000Z,yes,console-pbcom,PBCOM
4112ef,PRODUCTION,2023-08-02T17:02:34.000Z,yes,console-pbcom,PBCOM
e1a8a8,PRODUCTION,2023-08-02T17:02:37.000Z,yes,console-Test,Test
1a7a69,PRODUCTION,2023-08-02T17:02:38.000Z,yes,console-Test,Test
6fca71,PRODUCTION,2023-08-02T17:03:01.000Z,yes,console-dummy,dummy
a5155e,PRODUCTION,2023-08-02T17:03:07.000Z,yes,console-Test,Test
d78779,PRODUCTION,2023-08-02T17:03:09.000Z,yes,console-dummy,dummy
99fd9e,PRODUCTION,2023-08-02T17:03:21.000Z,yes,console-dummy,dummy
bb6f62,PRODUCTION,2023-08-02T17:03:23.000Z,yes,console-Test,Test
318a2a,PRODUCTION,2023-08-02T17:03:26.000Z,yes,dojah - test credentials,Dojah - test credentials
8fe75f,PRODUCTION,2023-08-02T17:03:28.000Z,yes,jupiter-dkyc-test,Jupiter
c75a0d,PRODUCTION,2023-08-02T17:03:30.000Z,yes,miteraHealth - test credentials,Mitera Health - Test Credentials
33073d,PRODUCTION,2023-08-02T17:03:32.000Z,yes,console-aventusph,Aventus Philippines
201402,PRODUCTION,2023-08-02T17:03:34.000Z,no,motilal_oswal,Motilal Oswal
2db96b,PRODUCTION,2023-08-02T17:03:36.000Z,yes,BFL- test credentials,BFL - Test credentials
46493d,STAGING,2023-08-02T17:03:38.000Z,yes,buy_stars,Buystars
f54450,PRODUCTION,2023-08-02T17:03:39.000Z,yes,console-xlog,XLOG
ca70db,STAGING,2023-08-02T17:03:41.000Z,no,hyperverge_ai_team,HyperVerge AI Team
1e3977,PRODUCTION,2023-08-02T17:03:41.000Z,yes,pro_horizon,ProHorizon Digitech
a366f5,STAGING,2023-08-02T17:03:43.000Z,yes,balle_baazi,BalleBaazi
51d6c3,PRODUCTION,2023-08-02T17:03:43.000Z,yes,mock-sa-poc,mock-sa-poc
958c29,PRODUCTION,2023-08-02T17:03:44.000Z,yes,Truzo - Africa - Test Credentials,Truzo - Africa - Test Credentials
36ae97,PRODUCTION,2023-08-02T17:03:47.000Z,yes,grab-phl-prod-new,Grab PHL Prod New
bad263,PRODUCTION,2023-08-02T17:03:48.000Z,yes,console-Bulls,Bulls
a4aad5,PRODUCTION,2023-08-02T17:03:50.000Z,yes,envisionit - test credentials,Envisionit - Test Credentials
c713aa,STAGING,2023-08-02T17:03:58.000Z,yes,crypto_smart_life,CryptoSmartlife
2d1751,PRODUCTION,2023-08-02T17:04:10.000Z,yes,console-1248418,Tala
9a0c60,PRODUCTION,2023-08-02T17:04:16.000Z,yes,console-asim-vietnam-ekyc,Asim Telecom
44b42e,PRODUCTION,2023-08-02T17:04:24.000Z,yes,console-asim-vietnam-ekyc,Asim Telecom
6d003b,PRODUCTION,2023-08-02T17:04:28.000Z,yes,navi sdk test credentials,Navi SDK Test Credentials
d68977,STAGING,2023-08-02T17:04:36.000Z,yes,galaxy_pay,Galaxy Pay & Joy
83e2b7,STAGING,2023-08-02T17:04:46.000Z,yes,round sdk test credentials,Round SDK Test Credentials
52f9d7,PRODUCTION,2023-08-02T17:05:08.000Z,yes,console-SSS,SSS
448808,PRODUCTION,2023-08-02T17:05:23.000Z,yes,Moneyveo-benchmarking,Moneyveo
c3871b,STAGING,2023-08-02T17:05:25.000Z,no,asset_plus,AssetPlus
7ea290,PRODUCTION,2023-08-02T17:05:27.000Z,yes,galaxy_pay,Galaxy Pay & Joy
6834d3,PRODUCTION,2023-08-02T17:05:29.000Z,no,vamo,Vamo
b9a829,PRODUCTION,2023-08-02T17:05:32.000Z,yes,QUIDAX - AFRICA TESTING,Quidax
a175ab,PRODUCTION,2023-08-02T17:05:34.000Z,no,QUICKCHECK,QuickCheck
efcbd4,PRODUCTION,2023-08-02T17:05:36.000Z,yes,marketPlus - production credentials,
443f6f,PRODUCTION,2023-08-02T17:05:37.000Z,no,market_pulse,MarketPulse
5a338c,PRODUCTION,2023-08-02T17:05:38.000Z,yes, LTFS - farmDigital - test credentials, LTFS - Farm Digital - Test Credentials
df76a3,STAGING,2023-08-02T17:05:39.000Z,yes,be_group,Be Group
8322f0,PRODUCTION,2023-08-02T17:05:40.000Z,yes,refyne-dkyc-test,Refyne
fe813f,PRODUCTION,2023-08-02T17:05:41.000Z,yes,onecard-dkyc-test,Onecard
a693a8,STAGING,2023-08-02T17:05:42.000Z,yes,oro_pocket,Oropocket
27de99,PRODUCTION,2023-08-02T17:05:44.000Z,yes,incredit,incredit
0e6ae0,STAGING,2023-08-02T17:05:45.000Z,no,respo,Respo
131ba4,PRODUCTION,2023-08-02T17:05:46.000Z,no,carret,Carret
857a1f,PRODUCTION,2023-08-02T17:05:48.000Z,yes,kryptobazaar-dkyc-test,Kryptobazaar
c75f0d,PRODUCTION,2023-08-02T17:05:55.000Z,yes,test_srinija,Test Srinija
f6d976,PRODUCTION,2023-08-02T17:06:38.000Z,yes,test_srinija_staging,test srinija - Staging
cbcb59,PRODUCTION,2023-08-02T17:06:46.000Z,no,crypto_smart_life,CryptoSmartlife
7fd521,PRODUCTION,2023-08-02T17:07:16.000Z,yes,PALMPAY,Palmpay
3f784a,PRODUCTION,2023-08-02T17:07:18.000Z,yes,SimplyCash - HeroFincorp - DigitalLending - production credentials,SimplyCash - HeroFincorp - DigitalLending - Production Credentials
c102d2,PRODUCTION,2023-08-02T17:07:20.000Z,yes,getrocket-dkyc-test,Getrocket
bfaf8f,PRODUCTION,2023-08-02T17:07:22.000Z,yes,srinija-test_appsmith_production,Srinija Test AppSmith - Production
9f64c8,PRODUCTION,2023-08-02T17:07:25.000Z,yes,srinija-test-2_appsmith_staging,srinija test 2 AppSmith - Staging
9612c2,PRODUCTION,2023-08-02T17:07:32.000Z,yes,srinija-test-3_appsmith_staging,Srinija Test 3 AppSmith - Staging
87f5d5,PRODUCTION,2023-08-02T17:08:15.000Z,no,money_tap,MoneyTap
462a79,PRODUCTION,2023-08-02T17:08:17.000Z,yes,icicipru-dkyc-test,ICICI Prudential
94e84d,PRODUCTION,2023-08-02T17:08:20.000Z,yes,console-Anfin,Anfin Company Limited
1dc512,PRODUCTION,2023-08-02T17:08:21.000Z,yes,console-Anfin,Anfin Company Limited
2de7dc,STAGING,2023-08-02T17:08:23.000Z,no,hyperverge_engineering_team,HyperVerge Engineering Team
49aca8,STAGING,2023-08-02T17:08:25.000Z,yes,fe_credit,FE Credit
23f210,PRODUCTION,2023-08-02T17:08:27.000Z,yes,saakvision-dkyc-test,Saakvision
26ea46,STAGING,2023-08-02T17:08:29.000Z,no,greyquest,Greyquest
d9034b,PRODUCTION,2023-08-02T17:08:31.000Z,yes,srinija_robo-lending_staging,Srinija Robo Lending - Staging
432e7e,PRODUCTION,2023-08-02T17:08:33.000Z,yes,cosmic payments - production credentials,Cosmic Payments - Production Credentials
3d3609,PRODUCTION,2023-08-02T17:08:35.000Z,yes,HYPERVERGE,HyperVerge Face General
d495d2,PRODUCTION,2023-08-02T17:08:37.000Z,yes,console-galileo,Galileo Software Services
9facac,PRODUCTION,2023-08-02T17:08:39.000Z,yes,console-cardmri,Card MRI
75e92e,PRODUCTION,2023-08-02T17:08:41.000Z,yes,Revolut Demo Credentials - Test Credentials,Revolut Demo Credentials - Test Credentials
f6eb1c,PRODUCTION,2023-08-02T17:08:44.000Z,yes,Revolut Demo Credentials - Test Credentials,Revolut Demo Credentials - Test Credentials
738e42,PRODUCTION,2023-08-02T17:08:46.000Z,yes,mahila_money,MahilaMoney
09db6c,STAGING,2023-08-02T17:08:48.000Z,yes,digi_pay,DigiPay
d1dd3c,PRODUCTION,2023-08-02T17:08:57.000Z,yes,console-FinX,FinX 
9564d8,PRODUCTION,2023-08-02T17:09:17.000Z,yes,console-cashalo ,Cashalo
957c9a,PRODUCTION,2023-08-02T17:09:19.000Z,yes,cmc-tssg-_demo-_staging,CMC TSSG  Demo  - Staging
262332,STAGING,2023-08-02T17:09:21.000Z,no,vastu_housing,Vastu Housing
710c70,PRODUCTION,2023-08-02T17:09:22.000Z,no,asset_plus,AssetPlus
85a309,STAGING,2023-08-02T17:09:23.000Z,no,izion,IZION
8355f5,PRODUCTION,2023-08-02T17:09:25.000Z,no,piramal,Piramal
af3f4e,PRODUCTION,2023-08-02T17:09:26.000Z,yes,Savart - test credentials,Savart - Test Credentials
cd5ebb,STAGING,2023-08-02T17:09:27.000Z,yes,kotak_life_insurance,Kotak Life insurance
119af9,PRODUCTION,2023-08-02T17:09:28.000Z,yes,VietCredit ,VietCredit
d61431,PRODUCTION,2023-08-02T17:09:30.000Z,yes,console-FIBO Capital,FIBO Capital
7f10fe,PRODUCTION,2023-08-02T17:09:31.000Z,yes,mahamela-dkyc-test,Mahamela
232dd7,PRODUCTION,2023-08-02T17:09:31.000Z,no,HV,HyperVerge
f5fd88,STAGING,2023-08-02T17:09:32.000Z,yes,simplify_360,Simplify360
d58eef,PRODUCTION,2023-08-02T17:09:33.000Z,yes,Tata Communications - India Stack,Tata Communications - India Stack
3afe27,PRODUCTION,2023-08-02T17:09:35.000Z,yes,Aventus,Aventus Ukraine
339674,PRODUCTION,2023-08-02T17:09:36.000Z,yes,niro.money - production credentials,
5d6b54,PRODUCTION,2023-08-02T17:09:37.000Z,yes,Grab Indonesia,Grab Indonesia POC
5f426d,PRODUCTION,2023-08-02T17:09:39.000Z,yes,twino-dkyc-test,Twino
12a065,PRODUCTION,2023-08-02T17:09:40.000Z,yes,internal testing credentials,Internal Testing Credentials
328868,PRODUCTION,2023-08-02T17:09:41.000Z,yes,console-Tribee - (GalaxyPay partner),Tribee
a028f4,PRODUCTION,2023-08-02T17:09:42.000Z,yes,zest money - test credentials digilocker,Zest money - Test Credentials Digilocker
1d8355,PRODUCTION,2023-08-02T17:09:43.000Z,yes,Paytmmoney_dev,Paytmmoney
59e789,STAGING,2023-08-02T17:09:44.000Z,yes,acko_general_insurance,Acko General Insurance
8a3c3a,PRODUCTION,2023-08-02T17:10:13.000Z,yes,credita-__production,Credita   - Production
d085f0,PRODUCTION,2023-08-02T17:10:15.000Z,yes,okra - testing credentials,Okra - Testing Credentials
2474e1,PRODUCTION,2023-08-02T17:10:17.000Z,yes,orcasho-dkyc-test,Orcasho
725743,STAGING,2023-08-02T17:10:19.000Z,no,sharekhan,Sharekhan
ee7c5d,PRODUCTION,2023-08-02T17:10:21.000Z,yes,paystack - test credentials,Paystack - test credentials
a80f52,STAGING,2023-08-02T17:10:22.000Z,no,rajivmadane - test credentials,RajivMadane - test credentials
da5af1,PRODUCTION,2023-08-02T17:10:23.000Z,yes,Vodafone,Vodafone-VConnect-Test
6c7d5d,PRODUCTION,2023-08-02T17:10:24.000Z,yes,console-rentna,Rentna
596565,PRODUCTION,2023-08-02T17:10:25.000Z,no,Vodafone-SKYC-Test,Vodafone-SKYC-Test
ac79f0,STAGING,2023-08-02T17:10:26.000Z,no,idfc_first_bank,IDFC First Bank
216jqk,PRODUCTION,2023-08-02T17:10:27.000Z,yes,HV_SS_TEST_12,HV
nil7wx,PRODUCTION,2023-08-02T17:10:27.000Z,yes,HV_SS_TEST_12,HV
259200,STAGING,2023-08-02T17:10:28.000Z,no,mobikwik,Mobikwik
4ccbb7,PRODUCTION,2023-08-02T17:10:29.000Z,yes,capricornDigital - test credentials,CapricornDigital - test credentials
eb847b,STAGING,2023-08-02T17:10:30.000Z,no,aventus_group_srilanka,Aventus Group - Srilanka
a2263e,STAGING,2023-08-02T17:10:31.000Z,yes,hike,Hike
6f570b,STAGING,2023-08-02T17:10:32.000Z,yes,micelio,Micelio
406ee2,PRODUCTION,2023-08-02T17:10:34.000Z,yes,console-Coins,Coins.ph
d25155,PRODUCTION,2023-08-02T17:10:35.000Z,yes,console-aventusph,Aventus Philippines
0e5bd3,PRODUCTION,2023-08-02T17:10:36.000Z,yes,console-aventusph2,Aventus PH
7960c9,PRODUCTION,2023-08-02T17:11:10.000Z,yes,Orion PHL Demo,Orion PHL Generic Demo
b8d986,PRODUCTION,2023-08-02T17:11:13.000Z,yes,zlate-dkyc-test,Zlate
6aa85b,PRODUCTION,2023-08-02T17:11:15.000Z,yes,cli_liveness-bounty-program_staging,cli liveness bounty program - Staging
f11a6e,PRODUCTION,2023-08-02T17:11:17.000Z,yes,sycamore - test credentials,Sycamore - Test Credentials
398575,STAGING,2023-08-02T17:11:19.000Z,no,hyperverge_ai_team,HyperVerge AI Team
49ee95,PRODUCTION,2023-08-02T17:11:20.000Z,yes,myrocket-dkyc-test,MyRocket
a0f205,PRODUCTION,2023-08-02T17:11:22.000Z,yes,byjus - test credentials ,Byju's - Test Credentials
b8cc34,PRODUCTION,2023-08-02T17:11:23.000Z,yes,FSI - Nigeria testing credentials,FSI - Nigeria testing credentials
920b61,PRODUCTION,2023-08-02T17:11:24.000Z,yes,console-akash enterprises,Akash
c6bc4a,PRODUCTION,2023-08-02T17:11:25.000Z,yes,console-cashberry,CashBerry
adfc20,PRODUCTION,2023-08-02T17:11:26.000Z,yes,xiaomi - test credentials,xiaomi - test credentials
67050f,PRODUCTION,2023-08-02T17:11:28.000Z,no,aventus_group_srilanka,Aventus Group - Srilanka
b2c192,PRODUCTION,2023-08-02T17:11:29.000Z,no,HYPERVERGE,HyperVerge Face General
ae6472,PRODUCTION,2023-08-02T17:11:30.000Z,yes,tala,Tala
b42128,PRODUCTION,2023-08-02T17:11:31.000Z,yes,flint-dkyc-test,Flint
58688c,PRODUCTION,2023-08-02T17:11:34.000Z,yes,DMI test credentials,DMI Test Credentials
acf63a,PRODUCTION,2023-08-02T17:11:35.000Z,no,credit_saison,CreditSaison
a9f542,PRODUCTION,2023-08-02T17:11:39.000Z,yes,Transcorp-TIDE- test credentials,Transcorp-TIDE Test Credentials
628697,PRODUCTION,2023-08-02T17:11:47.000Z,yes,fec_websdk_staging,FEC WeBSDK - Staging
73ca99,PRODUCTION,2023-08-02T17:12:22.000Z,no,aditya_birla_sun_life_insurance,Aditya Birla Sun Life Insurance
44b6a6,PRODUCTION,2023-08-02T17:12:24.000Z,yes,aventusCashX - Production Credentials,
17491a,PRODUCTION,2023-08-02T17:12:26.000Z,no,sharekhan,Sharekhan
0436bb,PRODUCTION,2023-08-02T17:12:28.000Z,yes,early salary test credentials,early salary test credentials
c7d39f,PRODUCTION,2023-08-02T17:12:30.000Z,yes,Judson,Judon
20ce69,PRODUCTION,2023-08-02T17:12:32.000Z,yes,Orion internal,Internal Orion demo/poc
298d2f,PRODUCTION,2023-08-02T17:12:33.000Z,yes,eqvanta - test credentials,Eqvanta - test credentials
1d74be,PRODUCTION,2023-08-02T17:12:34.000Z,yes,kotak_life_insurance,Kotak Life insurance
a809e9,STAGING,2023-08-02T17:12:35.000Z,no,hyperverge_engineering_team,HyperVerge Engineering Team
1ce736,PRODUCTION,2023-08-02T17:12:37.000Z,yes,pro_horizon,ProHorizon Digitech
9e8fc2,PRODUCTION,2023-08-02T17:12:39.000Z,yes,Internal,Internal cash24 orion mismatches
db31c8,STAGING,2023-08-02T17:12:41.000Z,no,hyperverge_engineering_team,HyperVerge Engineering Team
26a7f0,PRODUCTION,2023-08-02T17:12:43.000Z,yes,Giottus_Dev,
9a31f5,STAGING,2023-08-02T17:12:45.000Z,no,goittus,Giottus
b0453b,PRODUCTION,2023-08-02T17:12:46.000Z,yes,ltfs - two wheeler testing credentials,LTFS - Two wheeler - Testing credentials
769c99,STAGING,2023-08-02T17:12:48.000Z,yes,garagepreneurs,Garagepreneurs
29d289,STAGING,2023-08-02T17:12:49.000Z,no,travelexic testing credentials,travelexic testing credentials
966c2b,PRODUCTION,2023-08-02T17:12:50.000Z,yes,console-pdax,PDAX
82ae05,PRODUCTION,2023-08-02T17:13:02.000Z,yes,console-Rohan test,Rohan Thomas test
51446c,PRODUCTION,2023-08-02T17:13:45.000Z,yes,console-pdax,PDAX
379f92,PRODUCTION,2023-08-02T17:13:47.000Z,yes,byjus,Byjus
a75b25,STAGING,2023-08-02T17:13:49.000Z,no,tata_capital,Tata Capital
889d49,PRODUCTION,2023-08-02T17:13:51.000Z,yes,console-at_test,at_test
4e2c6a,PRODUCTION,2023-08-02T17:13:53.000Z,yes,HAPPY,Happy
8b6917,PRODUCTION,2023-08-02T17:13:55.000Z,yes,LENDHA,Lendha
4305f1,PRODUCTION,2023-08-02T17:13:56.000Z,yes,be_group,Be Group
a322f1,PRODUCTION,2023-08-02T17:13:57.000Z,yes,Gofingo - test credentials,Gofingo - Test credentials
895d50,PRODUCTION,2023-08-02T17:13:58.000Z,yes,myrocket production credentials,myrocket production credentials
5a02a3,PRODUCTION,2023-08-02T17:14:01.000Z,yes,Equitas_dev,Equitas
deac18,PRODUCTION,2023-08-02T17:14:03.000Z,yes,ncredit testing credentials,Ncredit testing credentials
691cdd,PRODUCTION,2023-08-02T17:14:04.000Z,yes,kreditbee-testcredentials,KreditBee - Test Credentials 
f9fef0,PRODUCTION,2023-08-02T17:14:05.000Z,yes,console-SSS Ph,SSS
b78d33,PRODUCTION,2023-08-02T17:14:06.000Z,yes,fair_money_india,FairMoney - India
ffcbd5,STAGING,2023-08-02T17:14:07.000Z,yes,spenny,Spenny
ce8ed0,PRODUCTION,2023-08-02T17:14:08.000Z,yes,ARVO FINANCE,Arvo Finance
b2e704,PRODUCTION,2023-08-02T17:14:10.000Z,no,hero_fincorp,Hero Fincorp
ff0162,PRODUCTION,2023-08-02T17:14:15.000Z,yes,HYPERVERGE,HyperVerge Face General
c6000d,PRODUCTION,2023-08-02T17:14:21.000Z,yes,byjus-production-credentials,Byju's Production Credentials 
cf3f48,PRODUCTION,2023-08-02T17:15:00.000Z,yes,LINKCREDIT,LinkCredit
87eec4,PRODUCTION,2023-08-02T17:15:02.000Z,yes,METASKY-DKYC-TEST,Metasky
dc2824,PRODUCTION,2023-08-02T17:15:04.000Z,yes,ALADDIN BANK,Aladdin Bank
c230a1,PRODUCTION,2023-08-02T17:15:07.000Z,yes,aelaCredit - POC,aelaCredit - POC
60e32f,PRODUCTION,2023-08-02T17:15:09.000Z,yes,branch - POC,Branch - POC
3a0827,PRODUCTION,2023-08-02T17:15:11.000Z,yes,Smartpay vietnam,Smartpay vietnam vkyc
c54891,PRODUCTION,2023-08-02T17:15:13.000Z,yes,availfinance testing credentials,Availfinance Testing Credentials
23b236,PRODUCTION,2023-08-02T17:15:14.000Z,yes,CREDITVILLE,Creditville
7617b7,PRODUCTION,2023-08-02T17:15:15.000Z,yes,HAPPY,Happy
fa3f5d,PRODUCTION,2023-08-02T17:15:16.000Z,yes,FIDELITY BANK,Fidelity Bank
715d80,PRODUCTION,2023-08-02T17:15:17.000Z,yes,yesbank-test-credetials,Yes Bank Test Credentials
c7ac5a,PRODUCTION,2023-08-02T17:15:18.000Z,yes,tvs-digitization-credentials,TVS Digitization Credentials 
e57799,STAGING,2023-08-02T17:15:19.000Z,yes,zedvance,Zedvance
7065b9,PRODUCTION,2023-08-02T17:15:22.000Z,yes,WINDVILLE - TEST,Windville - Test
340bd9,PRODUCTION,2023-08-02T17:15:24.000Z,yes,savart production credentials,Savart Production Credentials
964606,PRODUCTION,2023-08-02T17:15:26.000Z,yes,OURPASS - TEST,OurPass - Test
7908ab,PRODUCTION,2023-08-02T17:15:28.000Z,yes,KUDA BANK - TEST,Kuda Bank - Test
96fe88,PRODUCTION,2023-08-02T17:15:58.000Z,yes,xtremedevx - production credentials,Xtreme Dev x - Production Credentials
704c5c,STAGING,2023-08-02T17:16:01.000Z,no,refyne,Refyne
9cfc84,PRODUCTION,2023-08-02T17:16:03.000Z,yes,fe_credit,FE Credit
c19fa7,PRODUCTION,2023-08-02T17:16:05.000Z,yes,COWRYWISE - TEST,Cowrywise - Test
5889b8,PRODUCTION,2023-08-02T17:16:07.000Z,yes,BVN - TEST,BVN- Test
c4cb14,PRODUCTION,2023-08-02T17:16:08.000Z,yes,9PSB - TEST,9PSB - Test
e920c0,PRODUCTION,2023-08-02T17:16:09.000Z,yes,CREDPAL - TEST,CredPal - Test
5bb571,PRODUCTION,2023-08-02T17:16:10.000Z,yes,BLACKLIST - TEST,BlackList - Test
f4acfe,PRODUCTION,2023-08-02T17:16:12.000Z,yes,MKOBOMFB - TEST,MkoboMFB- Test
c882b0,PRODUCTION,2023-08-02T17:16:13.000Z,yes,PAGEFINANCIALS - TEST,PageFinancials- Test
dc173d,PRODUCTION,2023-08-02T17:16:14.000Z,yes,MONEYINMINUTES - TEST,Moneyinminutes - Test
bec0af,STAGING,2023-08-02T17:16:15.000Z,yes,fatakpay,FatakPay
f5ff2b,PRODUCTION,2023-08-02T17:16:16.000Z,yes,BLOC,Bloc
883ea0,PRODUCTION,2023-08-02T17:16:17.000Z,yes,Nuclent,Nuclent Cambodia
643689,PRODUCTION,2023-08-02T17:16:19.000Z,no,HYPERVERGE,HyperVerge Face General
55d05f,PRODUCTION,2023-08-02T17:16:20.000Z,yes,TEAMAPT - TEST,TeamApt - Test
8bc210,PRODUCTION,2023-08-02T17:16:21.000Z,yes,RENMONEY - TEST,RenMoney - Test
5d96a7,PRODUCTION,2023-08-02T17:16:22.000Z,yes,LIDYA,Lidya
d90d47,PRODUCTION,2023-08-02T17:16:23.000Z,yes,CREDIT DIRECT - TEST,Credit Direct - Test
7407da,PRODUCTION,2023-08-02T17:16:27.000Z,yes,EYOWO,Eyowo
cd6ceb,PRODUCTION,2023-08-02T17:16:58.000Z,yes,FALCON-DKYC-TEST,Falcon 
4ea5b1,PRODUCTION,2023-08-02T17:17:00.000Z,yes,BHARTIAXA-DKYC-TEST,Bharti AXA Insurance
fcfbec,PRODUCTION,2023-08-02T17:17:02.000Z,yes,REXCREDIT,Rexcredit
7689c1,STAGING,2023-08-02T17:17:04.000Z,no,hyperverge_engineering_team,HyperVerge Engineering Team
876474,STAGING,2023-08-02T17:17:06.000Z,no,hyperverge_engineering_team,HyperVerge Engineering Team
6a18b4,STAGING,2023-08-02T17:17:09.000Z,no,hyperverge_engineering_team,HyperVerge Engineering Team
26448e,STAGING,2023-08-02T17:17:10.000Z,no,hyperverge_engineering_team,HyperVerge Engineering Team
2ad235,STAGING,2023-08-02T17:17:11.000Z,no,hyperverge_engineering_team,HyperVerge Engineering Team
1f1e50,PRODUCTION,2023-08-02T17:17:12.000Z,yes,console-capstone,Capstone Solutions
6af66b,PRODUCTION,2023-08-02T17:17:13.000Z,yes,console-Infina ,Infina
2cf971,STAGING,2023-08-02T17:17:14.000Z,yes,kotak_bank,Kotak Bank
1ddd53,PRODUCTION,2023-08-02T17:17:15.000Z,no,mobikwik,Mobikwik
248a38,PRODUCTION,2023-08-02T17:17:16.000Z,yes,tata_capital,Tata Capital
5540d9,PRODUCTION,2023-08-02T17:17:17.000Z,yes,talentacquisitionuat_fec-_staging,TalentAcquisitionUAT FEC  - Staging
15587a,STAGING,2023-08-02T17:17:18.000Z,no,grip,Grip
308418,PRODUCTION,2023-08-02T17:17:19.000Z,yes,MSB,MSB vkyc demo
b872a6,PRODUCTION,2023-08-02T17:17:21.000Z,yes,Topjuan,TopJuan Philippines staging
527a96,PRODUCTION,2023-08-02T17:17:29.000Z,yes,topJuan - test credentials,TopJuan - Test credentials
9d69e1,STAGING,2023-08-02T17:17:31.000Z,yes,open,Open
f2a8f2,PRODUCTION,2023-08-02T17:17:33.000Z,yes,digipay-vietnam__staging,Digipay Vietnam  - Staging
9a2457,PRODUCTION,2023-08-02T17:17:37.000Z,yes,shadowFax - production credentials,ShadowFax - production credentials
ea6771,PRODUCTION,2023-08-02T17:18:09.000Z,yes,CREDISLICE - US - LENDING,CREDISLICE - US - LENDING
7878eb,PRODUCTION,2023-08-02T17:18:12.000Z,yes,fanclash-dkyc-test,Fanclash
c5367f,STAGING,2023-08-02T17:18:14.000Z,no,hyperverge_engineering_team,HyperVerge Engineering Team
56a092,PRODUCTION,2023-08-02T17:18:16.000Z,yes,inscredit-vietnam__production,Inscredit Vietnam  - Production
37970d,PRODUCTION,2023-08-02T17:18:18.000Z,yes,FANTICO-DKYC-TEST,Fantico
d46349,PRODUCTION,2023-08-02T17:18:19.000Z,yes,SYMPLY-DKYC-TEST,Symply
dd20e4,PRODUCTION,2023-08-02T17:18:20.000Z,yes,VERLOOP - TEST,Verloop - Test
120c47,PRODUCTION,2023-08-02T17:18:21.000Z,yes,SABEDORIA - TEST,Sabedoria - Test
2010b7,PRODUCTION,2023-08-02T17:18:22.000Z,yes,sportzchain_crypto_staging,sportzchain Crypto - Staging
68be68,PRODUCTION,2023-08-02T17:18:23.000Z,yes,Goatfund_dev,Goatfund
42761c,PRODUCTION,2023-08-02T17:18:24.000Z,yes,zestmoney-production-credentials,Zest Money Production Credentials
f5a031,PRODUCTION,2023-08-02T17:18:25.000Z,yes,CAMD00009,
b93e65,PRODUCTION,2023-08-02T17:18:26.000Z,yes,games_24_7,Games 24x7
7ac93d,PRODUCTION,2023-08-02T17:18:27.000Z,yes,infina-vietnam_investment_staging,Infina Vietnam Investment - Staging
b7efd5,PRODUCTION,2023-08-02T17:18:28.000Z,no,izion,IZION
c48531,PRODUCTION,2023-08-02T17:18:30.000Z,yes,quickcheck production credentials,Quickcheck Production Credentials
ac6198,STAGING,2023-08-02T17:18:31.000Z,no,techurate(APIX) - test credentials,Techurate(APIX) - test credentials
f7b6fd,PRODUCTION,2023-08-02T17:18:32.000Z,yes,CIFDAQ-DKYC-TEST,Cifdaq
739bf9,PRODUCTION,2023-08-02T17:18:34.000Z,yes,loco test credentials,Loco Test Credentials
c01eef,PRODUCTION,2023-08-02T17:19:04.000Z,yes,metasky-dkyc india-production credentials,Metasky- DKYC India - Production Credentials
97cc41,STAGING,2023-08-02T17:19:06.000Z,yes,kotak_bnpl,Kotak BNPL
3cee74,PRODUCTION,2023-08-02T17:19:08.000Z,yes,finos__staging,FinOS  - Staging
1601ff,PRODUCTION,2023-08-02T17:19:10.000Z,yes,tvscredit-production credentials,TVS Credit - Production Credentials
047411,PRODUCTION,2023-08-02T17:19:12.000Z,yes,infina-vietnam_investment_staging,Infina Vietnam Investment - Staging
6f709f,PRODUCTION,2023-08-02T17:19:13.000Z,yes,seektruffle-prod,SeekTruffle-Prod
de2879,PRODUCTION,2023-08-02T17:19:14.000Z,no,greyquest,Greyquest
384fcf,PRODUCTION,2023-08-02T17:19:15.000Z,yes,RIBY,Riby
f6d9d7,PRODUCTION,2023-08-02T17:19:16.000Z,yes,kotak_life_insurance,Kotak Life insurance
7835ca,PRODUCTION,2023-08-02T17:19:17.000Z,yes,spenny,Spenny
f0522e,PRODUCTION,2023-08-02T17:19:18.000Z,yes,HyperVerge,Deepak Sahoo 
058a9b,PRODUCTION,2023-08-02T17:19:19.000Z,yes,HYPERVERGE,HyperVerge Face General
647827,PRODUCTION,2023-08-02T17:19:20.000Z,yes,CAPITALNOW-DKYC-TEST,Capital Now
67d945,PRODUCTION,2023-08-02T17:19:21.000Z,yes,FULLERTON-DKYC-TEST,Fullerton India
902f20,PRODUCTION,2023-08-02T17:19:22.000Z,yes,KOINEARTH-DKYC-TEST,Koinearth
d4670c,PRODUCTION,2023-08-02T17:19:25.000Z,yes,adityaBirlaSunLifeInsurance - test credentials,AdityaBirlaSunLifeInsurance - test credentials
00eef6,STAGING,2023-08-02T17:19:26.000Z,yes,gameskraft,Gameskraft
be05d8,PRODUCTION,2023-08-02T17:19:41.000Z,yes,rapidrupee-dkyc-test,RapidRupee
b59109,PRODUCTION,2023-08-02T17:20:00.000Z,yes,kreditbee test credentials dkyc,KREDITBEE TEST CREDENTIALS DKYC
0588d6,PRODUCTION,2023-08-02T17:20:03.000Z,yes,Internal-IE-Rajat,Internal-IE-Rajat
0cb520,PRODUCTION,2023-08-02T17:20:04.000Z,yes,hike,Hike
a54669,PRODUCTION,2023-08-02T17:20:05.000Z,no,grip,Grip
15046f,PRODUCTION,2023-08-02T17:20:07.000Z,yes,Bira production credentials,Bira Production Credentials
71da41,STAGING,2023-08-02T17:20:08.000Z,no,vastu_finance,Vastu Finance
5a5b6b,PRODUCTION,2023-08-02T17:20:10.000Z,no,tvs_credit,TVS Credit
8b7519,STAGING,2023-08-02T17:20:11.000Z,no,money_hop,MoneyHop
80497e,PRODUCTION,2023-08-02T17:20:12.000Z,yes,moneyhop-test-cred,
d6c2dc,STAGING,2023-08-02T17:20:13.000Z,yes,kotak_bnpl,Kotak BNPL
401ffb,PRODUCTION,2023-08-02T17:20:15.000Z,yes,open-dkyc-production credentials,
e58988,PRODUCTION,2023-08-02T17:20:17.000Z,yes,fec_viettel-pay-mcl_staging,FEC Viettel Pay MCL - Staging
4c46c9,PRODUCTION,2023-08-02T17:20:25.000Z,yes,open,Open
e756df,PRODUCTION,2023-08-02T17:20:35.000Z,yes,TECHURATE AFRICA,Techurate Africa
caf748,PRODUCTION,2023-08-02T17:20:38.000Z,yes,fec_viettelpay_staging,FEC ViettelPay - Staging
6daf37,PRODUCTION,2023-08-02T17:20:39.000Z,yes,adityaBirlaSunLifeInsurance - production credentials,AdityaBirlaSunLifeInsurance - Production Credentials
546309,PRODUCTION,2023-08-02T17:20:40.000Z,yes,VFD BANK,VFD Bank
bed5c4,PRODUCTION,2023-08-02T17:20:41.000Z,yes,adityaBirlaSunLifeInsurance - production credentials,AdityaBirlaSunLifeInsurance - Production Credentials
67ae36,PRODUCTION,2023-08-02T17:20:42.000Z,yes,FREECHARGE-DKYC-TEST,Freecharge 
879db2,PRODUCTION,2023-08-02T17:20:43.000Z,yes,Cathay - test demo app ,Cathay - test demo app 
1f1ef2,PRODUCTION,2023-08-02T17:20:44.000Z,yes,console-Syfe,Syfe
42bc9d,PRODUCTION,2023-08-02T17:20:46.000Z,yes,BLUSALT, BluSalt
lxeu3g,PRODUCTION,2023-08-02T17:20:47.000Z,yes,ncba_bank_kenya,NCBA bank Kenya
vbjwyu,PRODUCTION,2023-08-02T17:20:50.000Z,yes,ncba,NCBA 
fa60f2,PRODUCTION,2023-08-02T17:20:52.000Z,yes,dreampay-dkyc-test,Dreampay
078757,PRODUCTION,2023-08-02T17:20:53.000Z,yes,kyc-video-recording-test,KYC Video Recording Feature - Test App
a6895f,PRODUCTION,2023-08-02T17:20:53.000Z,yes,FREECHARGE-DKYC-TEST,Freecharge 
4e8d28,STAGING,2023-08-02T17:20:54.000Z,no,stockal,Stockal
ehfgfv,PRODUCTION,2023-08-02T17:20:59.000Z,yes,tribe_money,Tribe Money
28c4b2,STAGING,2023-08-02T17:21:01.000Z,no,propelId,PropelId
bee42e,STAGING,2023-08-02T17:21:03.000Z,no,fe_credit,FE Credit
2fc587,PRODUCTION,2023-08-02T17:21:05.000Z,yes,PROCIAL-DKYC-TEST,Procial
1b456b,PRODUCTION,2023-08-02T17:21:06.000Z,yes,paytm-ocr-test,Paytm-Ocr-Test
e7301c,PRODUCTION,2023-08-02T17:21:09.000Z,yes,BLA,Business Labs Africa
fcaa82,PRODUCTION,2023-08-02T17:21:15.000Z,yes,EQUITAS-DKYC-TEST,Equitas
a797eb,STAGING,2023-08-02T17:21:48.000Z,yes,gameskraft,Gameskraft
029e71,PRODUCTION,2023-08-02T17:21:50.000Z,yes,herofincorp web journey - test credentials,HeroFinCorp Web Journey - Test Credentials
f94095,PRODUCTION,2023-08-02T17:21:53.000Z,yes,fintech-farm-vietnam_fintech_staging,fintech farm vietnam fintech - Staging
8ade04,PRODUCTION,2023-08-02T17:21:54.000Z,no,HV,HyperVerge
e27511,STAGING,2023-08-02T17:21:56.000Z,yes,seracle,Seracle
b8e3b1,PRODUCTION,2023-08-02T17:21:59.000Z,yes,mena_cred,Menacred
e8ce8f,PRODUCTION,2023-08-02T17:22:00.000Z,yes,Bounce-dkyc-test,Bounce
d5f56b,PRODUCTION,2023-08-02T17:22:01.000Z,yes,xamarin-developer,xamarin developer
bea51a,PRODUCTION,2023-08-02T17:22:02.000Z,no,ltfs,LTFS
ce7b11,PRODUCTION,2023-08-02T17:22:03.000Z,yes,console-Fork ,Fork 
038c3c,PRODUCTION,2023-08-02T17:22:04.000Z,yes,fork-vietnam_bnpl-_staging,Fork Vietnam BNPL  - Staging
e05d15,PRODUCTION,2023-08-02T17:22:05.000Z,no,hero_fincorp,Hero Fincorp
5b0640,PRODUCTION,2023-08-02T17:22:08.000Z,yes,tata_capital,Tata Capital
664230,PRODUCTION,2023-08-02T17:22:09.000Z,yes,yellowclub-test-cred,YellowClub-Test-Cred
wemusk,PRODUCTION,2023-08-02T17:22:11.000Z,yes,tesat,tesat
94q59m,PRODUCTION,2023-08-02T17:22:13.000Z,yes,testat,testat
245b01,PRODUCTION,2023-08-02T17:22:14.000Z,yes,internal vapt testing,Internal Vapt Testing
0da94a,STAGING,2023-08-02T17:22:15.000Z,no,tata_capital,Tata Capital
f8d4e2,PRODUCTION,2023-08-02T17:22:31.000Z,yes,kotak_bnpl,Kotak BNPL
29762c,PRODUCTION,2023-08-02T17:22:49.000Z,no,RELIGARE-DKYC-TEST,Religare
0ab561,STAGING,2023-08-02T17:22:52.000Z,yes,MITRPAISA-DKYC-TEST,Mitrpaisa
7c363a,PRODUCTION,2023-08-02T17:22:54.000Z,yes,ltfs-dedupe credentials,LTFS-Dedupe Credentials
4a783e,PRODUCTION,2023-08-02T17:22:55.000Z,no,money_hop,MoneyHop
e65411,PRODUCTION,2023-08-02T17:22:56.000Z,no,sundaram_finance,Sundaram Finance
a8f153,PRODUCTION,2023-08-02T17:22:58.000Z,yes,yellowclub-prod-cred,YellowClub-Prod-Cred
f3cf3a,PRODUCTION,2023-08-02T17:22:59.000Z,yes,kien-long-bank_banking_staging,Kien Long Bank Banking - Staging
8fa5d6,PRODUCTION,2023-08-02T17:23:00.000Z,yes,valuepitch-dkyc-test,Valuepitch
cb24b6,PRODUCTION,2023-08-02T17:23:02.000Z,yes,COINMINT-DKYC-TEST,Coinmint India
15647b,PRODUCTION,2023-08-02T17:23:03.000Z,yes,LOVEINSTORE-DKYC-TEST,Loveinstore
1351c0,PRODUCTION,2023-08-02T17:23:04.000Z,yes,Bira production credentials,Bira Production Credentials
4dcd82,STAGING,2023-08-02T17:23:05.000Z,yes,mobicast,Mobicast
53726c,STAGING,2023-08-02T17:23:06.000Z,no,werize-dkyc-test,WeRize
da2406,PRODUCTION,2023-08-02T17:23:07.000Z,yes,werize-dkyc-test,WeRize
440fa9,PRODUCTION,2023-08-02T17:23:08.000Z,yes,muthootfincorp-dkyc-test,Muthoot Fincorp
8e3c49,PRODUCTION,2023-08-02T17:23:09.000Z,yes,sa-testing credentials-personal discussion,SA - Test Credentials - Personal Discussion
b37154,STAGING,2023-08-02T17:23:10.000Z,no,smart_coin,SmartCoin
820eb8,PRODUCTION,2023-08-02T17:23:11.000Z,no,cathay_vietnam,Cathay Vietnam
78b455,PRODUCTION,2023-08-02T17:23:23.000Z,yes,hyperverge_production_systems,HyperVerge Production Systems
9006b6,STAGING,2023-08-02T17:23:25.000Z,no,cathay_vietnam,Cathay Vietnam
29ee74,PRODUCTION,2023-08-02T17:23:37.000Z,yes,coindcx-test credentials,CoinDCX- Test Credentials
463ea6,PRODUCTION,2023-08-02T17:24:14.000Z,yes,PHONEPE-DKYC-TEST,Phonepe2
fd5e00,PRODUCTION,2023-08-02T17:24:18.000Z,yes,Ubank-Mybiz-Test,Ubank
fa34aa,PRODUCTION,2023-08-02T17:24:21.000Z,yes,coindcx-test credentials,CoinDCX- Test Credentials
4ddd57,STAGING,2023-08-02T17:24:24.000Z,no,fair_money_nigeria,FairMoney - Nigeria
8e8476,PRODUCTION,2023-08-02T17:24:26.000Z,yes,UNITYSFB-DKYC-TEST,Unity SFB
707fae,PRODUCTION,2023-08-02T17:24:29.000Z,yes,sunFinanace - test credentials,sunFinanace - Test Credentials
510e74,PRODUCTION,2023-08-02T17:24:31.000Z,yes,HDFCERGO-DKYC-TEST,HDFC ERGO
00b9e4,STAGING,2023-08-02T17:24:32.000Z,no,slicepay,SlicePay
3f7153,PRODUCTION,2023-08-02T17:24:37.000Z,yes,angelbroking testing credentials,Angel Broking Testing credentials
bec688,STAGING,2023-08-02T17:24:50.000Z,no,hyperverge_support_team,HyperVerge Support Team
911871,PRODUCTION,2023-08-02T17:24:53.000Z,yes,gofingo-staging__staging,Gofingo staging  - Staging
3c6dc9,STAGING,2023-08-02T17:24:55.000Z,no,smart_pay,Smart Net Trading Service Company Limited
43dde0,PRODUCTION,2023-08-02T17:24:57.000Z,yes,Xamarain App development - Test Credentials ,Xamarain App development - Test Credentials 
836001,STAGING,2023-08-02T17:24:58.000Z,no,hyperverge_engineering_team,HyperVerge Engineering Team
61f3a7,PRODUCTION,2023-08-02T17:25:00.000Z,yes,JAR,
319f25,PRODUCTION,2023-08-02T17:25:01.000Z,yes,vodafone-skyc-production credentials,Vodafone-SKYC-Production Credentials
275884,STAGING,2023-08-02T17:25:02.000Z,no,revolut,Revolut
d1152d,PRODUCTION,2023-08-02T17:25:03.000Z,yes,kredivo-dedupe credentials-poc,Kredivo-Dedupe Credentials-POC
aa4ffb,STAGING,2023-08-02T17:25:04.000Z,no,flexi_loans,Flexiloans
3f3d96,PRODUCTION,2023-08-02T17:25:05.000Z,yes,bulls-_investment_production,Bulls  Investment - Production
7li8xk,PRODUCTION,2023-08-02T17:25:06.000Z,yes,bitdrive,BitDrive
3252ad,PRODUCTION,2023-08-02T17:25:07.000Z,yes,eduvanz,Eduvanz
9dc2c0,PRODUCTION,2023-08-02T17:25:10.000Z,yes,fec-bicc_bicc-report-extraction_production,FEC-BICC BICC report extraction - Production
df7104,PRODUCTION,2023-08-02T17:25:11.000Z,yes,MASAI-DKYC-TEST,Masai
08f65d,PRODUCTION,2023-08-02T17:25:11.000Z,yes,MASAI-DKYC-TEST,Masai
9c5642,STAGING,2023-08-02T17:25:12.000Z,no,thinh_phat,Thinh Phat
5a5d3b,PRODUCTION,2023-08-02T17:25:17.000Z,yes,fec_kim-an-uat_staging,FEC Kim An UAT - Staging
d1friu,PRODUCTION,2023-08-02T17:25:49.000Z,yes,millionero_production,MillionEro Production
wvtr4i,PRODUCTION,2023-08-02T17:25:52.000Z,yes,millionero_production,MillionEro Production
df3e54,PRODUCTION,2023-08-02T17:25:54.000Z,yes,kredivo-poc-internal credentials,Kredivo-POC-Internal Credentials
c33ab8,PRODUCTION,2023-08-02T17:25:56.000Z,yes,RBIH UIDAI,Rbih UIDAI vkyc demo
178a68,PRODUCTION,2023-08-02T17:25:58.000Z,yes,SPICEMONEY-DKYC-TEST,Spicemoney2
b5e4cb,PRODUCTION,2023-08-02T17:26:00.000Z,yes,CAMS KRA - Test credentials,CAMS KRA - Test credentials
46cf64,STAGING,2023-08-02T17:26:01.000Z,no,hyperverge_production_systems,HyperVerge Production Systems
abf889,PRODUCTION,2023-08-02T17:26:02.000Z,yes,AQUARIUSExchange,Aquarius Exchange
09163b,PRODUCTION,2023-08-02T17:26:03.000Z,yes,spicemoney-vkyc-test,SpiceMoney VKYC Test
db8e17,STAGING,2023-08-02T17:26:04.000Z,no,spicemoney,Spicemoney
51201b,PRODUCTION,2023-08-02T17:26:04.000Z,yes,TrueCredit,TRUECREDIT
8fd5b9,STAGING,2023-08-02T17:26:05.000Z,no,pay_u,PayU
mibdh1,PRODUCTION,2023-08-02T17:26:06.000Z,yes,capstone_ph,Capstone PH
e00f39,STAGING,2023-08-02T17:26:07.000Z,yes,balle_baazi,BalleBaazi
67eb90,STAGING,2023-08-02T17:26:10.000Z,yes,grab,Grab
9bb1f2,STAGING,2023-08-02T17:26:12.000Z,yes,smallcase_lamf,Smallcase_LAMF
7acc92,PRODUCTION,2023-08-02T17:26:14.000Z,yes,galaxyone-vietnam__staging,GalaxyOne Vietnam  - Staging
a17361,PRODUCTION,2023-08-02T17:26:16.000Z,no,c_edge,C-Edge
f028e6,PRODUCTION,2023-08-02T17:26:17.000Z,no,c_edge,C-Edge
4d1e16,PRODUCTION,2023-08-02T17:26:19.000Z,no,ventura_1,Ventura1
0009b7,PRODUCTION,2023-08-02T17:26:34.000Z,yes,afg-vietnam__staging,AFG Vietnam  - Staging
c84f68,PRODUCTION,2023-08-02T17:26:40.000Z,no,money_view,MoneyView
01b140,PRODUCTION,2023-08-02T17:26:43.000Z,yes,moneybank-vietnam__staging,Moneybank Vietnam  - Staging
bd0ffc,STAGING,2023-08-02T17:26:45.000Z,yes,unlisted_kart,Unlisted Kart
0d4c3c,PRODUCTION,2023-08-02T17:26:46.000Z,yes,yubi-dkyc-test,Yubi
dec1c2,PRODUCTION,2023-08-02T17:26:48.000Z,yes,airtel bank-test credentials,Airtel Bank- Test Credetials
b9e30f,STAGING,2023-08-02T17:26:50.000Z,no,skydo,Skydo
a28649,STAGING,2023-08-02T17:26:53.000Z,yes,cash_free,CashFree
745e24,PRODUCTION,2023-08-02T17:26:56.000Z,yes,UBank,UBank
b062ec,PRODUCTION,2023-08-02T17:26:57.000Z,yes,FEC-demo,FEC-demo
f850af,PRODUCTION,2023-08-02T17:27:01.000Z,yes,Airtel-demo,Airtel-demo
3a3793,PRODUCTION,2023-08-02T17:27:31.000Z,yes,games_24_7,Games 24x7
5bdfc3,PRODUCTION,2023-08-02T17:27:35.000Z,no,cams_investors,CAMS Investors
5baaa7,PRODUCTION,2023-08-02T17:27:37.000Z,no,axio,Axio
5d9826,STAGING,2023-08-02T17:27:40.000Z,yes,Awantunai - test credentials,Awantunai - test credentials
2e284a,PRODUCTION,2023-08-02T17:28:03.000Z,yes,smart-coin-vkyc-test-creds,SmartCoin VKYC Test Creds
d740f7,PRODUCTION,2023-08-02T17:28:05.000Z,yes,Probo,PROBO
8c88e9,PRODUCTION,2023-08-02T17:28:06.000Z,yes,capstone_ph,Capstone PH
490637,PRODUCTION,2023-08-02T17:28:08.000Z,yes,mcv-vn-staging__staging,MCV-VN-Staging  - Staging
dc8aaf,PRODUCTION,2023-08-02T17:28:09.000Z,yes,jio-skyc-test,jio-skyc-test
bf709f,PRODUCTION,2023-08-02T17:28:10.000Z,no,ltfs,LTFS
7c909a,PRODUCTION,2023-08-02T17:28:13.000Z,no,fampay,Fampay
158736,STAGING,2023-08-02T17:28:13.000Z,yes,vamo,Vamo
06727d,PRODUCTION,2023-08-02T17:28:14.000Z,yes,ICICILOMBARD-DKYC-TEST,ICICI Lombard 2022
4debd2,PRODUCTION,2023-08-02T17:28:16.000Z,no,hyperverge_production_systems,HyperVerge Production Systems
85d529,STAGING,2023-08-02T17:28:17.000Z,no,moneyfy,Moneyfy
e675bf,PRODUCTION,2023-08-02T17:28:18.000Z,yes,smallcase-dkyc-test,
8f61b7,PRODUCTION,2023-08-02T17:28:20.000Z,yes,branch-dedupe credentials-poc,Branch-Dedupe Credentials- POC 
300f31,PRODUCTION,2023-08-02T17:28:27.000Z,yes,zeta,Zeta
a31ca9,PRODUCTION,2023-08-02T17:28:42.000Z,yes,stockholdingdms,Stockholdingdms
9cae52,PRODUCTION,2023-08-02T17:28:44.000Z,no,tata_capital,Tata Capital
fzzaj4,PRODUCTION,2023-08-02T17:28:47.000Z,yes,pdax2,Pdax2
014a80,STAGING,2023-08-02T17:28:48.000Z,yes,lenden_club,Lenden Club
d08220,PRODUCTION,2023-08-02T17:28:49.000Z,yes,Kuhoo Loan,Kuhoo Loan
86ed3b,PRODUCTION,2023-08-02T17:28:50.000Z,yes,KOTAK-INSURANCE,Kotak Insurance Self Service
9d1920,PRODUCTION,2023-08-02T17:28:59.000Z,yes,branch_kenya_poc,Branch Kenya
458089,PRODUCTION,2023-08-02T17:29:11.000Z,yes,hdfc-vkyc-test-creds,HDFC VKYC Test Creds
97d54f,PRODUCTION,2023-08-02T17:29:13.000Z,yes,lendsqr,Lendsqr
bb4812,PRODUCTION,2023-08-02T17:29:15.000Z,yes,Valyu,VALYU
90a3b1,PRODUCTION,2023-08-02T17:29:16.000Z,yes,infina-orion,Infina-Orion
93961f,STAGING,2023-08-02T17:29:17.000Z,yes,ola,Ola Wallet
594f07,PRODUCTION,2023-08-02T17:29:19.000Z,yes,ubank_skyc_production,Ubank SKYC - Production
7e21ba,STAGING,2023-08-02T17:29:20.000Z,yes,hd_bank,HD Bank
08cf95,PRODUCTION,2023-08-02T17:29:20.000Z,no,onmeta,OnMeta
ffd841,PRODUCTION,2023-08-02T17:29:21.000Z,yes,HSBC - testing cred ,HSBC- Testing cred Khalid
5c10ff,PRODUCTION,2023-08-02T17:29:22.000Z,no,slicepay,SlicePay
f14693,PRODUCTION,2023-08-02T17:29:23.000Z,yes,CAMD00009,
3cbb8f,PRODUCTION,2023-08-02T17:29:25.000Z,no,ind_money,INDMoney
d9f28d,PRODUCTION,2023-08-02T17:29:26.000Z,no,protium,Protium
92fd77,PRODUCTION,2023-08-02T17:29:27.000Z,yes,Infina-POC,Infina-POC
c3f2ee,PRODUCTION,2023-08-02T17:29:28.000Z,yes,ola,Ola Wallet
0ed893,PRODUCTION,2023-08-02T17:29:29.000Z,no,seracle,Seracle
ae12b1,PRODUCTION,2023-08-02T17:29:30.000Z,yes,MarketWolf,marketwolf
ac5ae9,PRODUCTION,2023-08-02T17:29:31.000Z,yes,fec-kuliza-uat_uat_staging,FEC-Kuliza-UAT UAT - Staging
cd13a3,STAGING,2023-08-02T17:29:33.000Z,no,mpl,MPL
f4785a,PRODUCTION,2023-08-02T17:29:34.000Z,yes,Abhi_Workflow_test,Abhi-Workflow-Test
44d135,PRODUCTION,2023-08-02T17:29:35.000Z,no,tata_securities,Tata Securities
9d0fb2,STAGING,2023-08-02T17:29:36.000Z,yes,fe_credit,FE Credit
7d156d,PRODUCTION,2023-08-02T17:29:38.000Z,yes,digi_pay,DigiPay
e927e5,STAGING,2023-08-02T17:29:39.000Z,yes,slicepay,SlicePay
12e959,PRODUCTION,2023-08-02T17:29:40.000Z,yes,COINDCX-DKYC-TEST,CoinDCX 2022
516dd7,PRODUCTION,2023-08-02T17:29:41.000Z,yes,Mahindra Finance,Mahindra Finance
c4ca3b,PRODUCTION,2023-08-02T17:29:43.000Z,yes,fsi-platform test credentials,FSI- Platform Test Credentials
7878cd,PRODUCTION,2023-08-02T17:29:59.000Z,yes,phonepe-vkyc-test-creds,PhonePe
ca8872,PRODUCTION,2023-08-02T17:30:02.000Z,no,asean-kyc-gqc-internal,ASEAN- KYC- GQC- Internal
30cf65,PRODUCTION,2023-08-02T17:30:05.000Z,no,Equirus Wealth,Equirus Wealth
c58217,PRODUCTION,2023-08-02T17:30:08.000Z,no,jus_pay,JusPay
da0215,PRODUCTION,2023-08-02T17:30:09.000Z,yes,flexi_loans,Flexiloans
969d28,PRODUCTION,2023-08-02T17:30:11.000Z,yes,buy_stars,Buystars
54ce2f,PRODUCTION,2023-08-02T17:30:23.000Z,yes,manipal_cigna,Manipal CIGNA
0ab959,PRODUCTION,2023-08-02T17:31:11.000Z,yes,BharatPe,BharatPe
99c61a,STAGING,2023-08-02T17:31:13.000Z,yes,SATIN,Satin
b3a3a9,PRODUCTION,2023-08-02T17:31:15.000Z,yes,Verifacts,VERIFACTS
731270,PRODUCTION,2023-08-02T17:31:17.000Z,yes,Pswitch,PSWITCH
f09b19,PRODUCTION,2023-08-02T17:31:19.000Z,yes,Rentomojo,RENTOMOJO
837fa4,PRODUCTION,2023-08-02T17:31:21.000Z,yes,NishanthTest,NishanthTest
825665,PRODUCTION,2023-08-02T17:31:23.000Z,yes,RapiPay,RAPIPAY
dc6db2,PRODUCTION,2023-08-02T17:31:25.000Z,yes,Tata capital - buisness loans - test credentials,Tata capital - buisness loans - test credentials
661ac5,PRODUCTION,2023-08-02T17:31:27.000Z,yes,Aeon Credit,AEON CREDIT
413ff2,PRODUCTION,2023-08-02T17:31:29.000Z,yes,bookmyforex-dkyc-test,BookMyForex
5c79be,PRODUCTION,2023-08-02T17:31:29.000Z,yes,dl-ind-testing-qc,dl-ind-testing-qc
1d188b,PRODUCTION,2023-08-02T17:31:31.000Z,yes,ta-hr_fec-prod_production,TA HR FEC PROD - Production
084755,PRODUCTION,2023-08-02T17:31:32.000Z,yes,DIGIT-DKYC-TEST,Digit Insurance
e28d4e,PRODUCTION,2023-08-02T17:31:33.000Z,yes,niyo- test credentials,Niyo - Test Credentials
c119fa,PRODUCTION,2023-08-02T17:31:34.000Z,yes,GAMES24X7,
c14473,PRODUCTION,2023-08-02T17:31:36.000Z,yes,Vodafone_Dedupe,Vodafone Dedupe
adf3a1,PRODUCTION,2023-08-02T17:31:37.000Z,yes,Mahindra Home Finance,Mahindra Home FINANCE
338b48,PRODUCTION,2023-08-02T17:31:40.000Z,yes,AEGON-DKYC-TEST,Aegon Life
5c51b2,PRODUCTION,2023-08-02T17:31:42.000Z,yes,Mahindra Finance,Mahindra Finance
a4cfd4,PRODUCTION,2023-08-02T17:31:52.000Z,no,propelId,PropelId
f851ec,PRODUCTION,2023-08-02T17:32:12.000Z,yes,Be,Be Driver
0971e8,PRODUCTION,2023-08-02T17:32:14.000Z,yes,coinmint-prod,coinmint-prod
197d8c,PRODUCTION,2023-08-02T17:32:16.000Z,yes,fe_credit,FE Credit
1376db,PRODUCTION,2023-08-02T17:32:19.000Z,no,axio,Axio
77719b,PRODUCTION,2023-08-02T17:32:20.000Z,yes,Universal Sompo,Universal SOMPO
8e7521,PRODUCTION,2023-08-02T17:32:21.000Z,yes,The whiteboard company ,The whiteboard Company 
348da1,PRODUCTION,2023-08-02T17:32:23.000Z,yes,Internal-IE-Tuba,Internal-IE-Tuba
a27e26,PRODUCTION,2023-08-02T17:32:24.000Z,yes,tata digital brokerage- testing credentials,Tata Digital Brokerage - Testing Credentials
1d247a,PRODUCTION,2023-08-02T17:32:25.000Z,yes,Vodfone-POC-Re-run,Vodfone POC Re-run
0f224a,PRODUCTION,2023-08-02T17:32:26.000Z,no,unobank_ph,Unobank Ph
434053,PRODUCTION,2023-08-02T17:32:27.000Z,yes,unobank_ph_prod,Unobank Ph Prod
f7be4c,PRODUCTION,2023-08-02T17:32:28.000Z,yes,mobikwik-POC,Mobikwik POC
ef5d83,PRODUCTION,2023-08-02T17:32:29.000Z,no,CoinDCX,CoinDCX
1c18c7,PRODUCTION,2023-08-02T17:32:30.000Z,no,skydo,Skydo
75c6d8,PRODUCTION,2023-08-02T17:32:32.000Z,yes,FraudDB,FraudDB Internal
49de5e,PRODUCTION,2023-08-02T17:32:34.000Z,no,stockal,Stockal
eabe95,STAGING,2023-08-02T17:32:35.000Z,yes,eduvanz,Eduvanz
6f26ac,PRODUCTION,2023-08-02T17:32:37.000Z,yes,Nirmal Bang,Nirmal BANG
d30c20,PRODUCTION,2023-08-02T17:33:06.000Z,yes,RENTOMOJO,RentoMojo
d2bf59,PRODUCTION,2023-08-02T17:33:08.000Z,yes,RENTOMOJO,RentoMojo
455add,STAGING,2023-08-02T17:33:10.000Z,no,junglee_games,Junglee Games
a47369,PRODUCTION,2023-08-02T17:33:12.000Z,yes,kim-an-fec-_uat_staging,Kim An FEC  UAT - Staging
8cddf5,PRODUCTION,2023-08-02T17:33:14.000Z,yes,kim-an-fec-prod_prod_production,Kim An FEC PROD PROD - Production
7e1072,PRODUCTION,2023-08-02T17:33:15.000Z,yes,InternalTesting- KTP_OCR,InternalTesting- KTP_OCR
7ded10,PRODUCTION,2023-08-02T17:33:16.000Z,yes,the whiteboard company - production credentials,
a8d6e3,PRODUCTION,2023-08-02T17:33:17.000Z,yes,eduvanz,Eduvanz
e22dae,PRODUCTION,2023-08-02T17:33:17.000Z,yes,white_board_company,The WhiteBoard Company
2a76e3,PRODUCTION,2023-08-02T17:33:18.000Z,yes,ABHI,ABHI
b5c71f,PRODUCTION,2023-08-02T17:33:21.000Z,yes,kotak cherry uat credentials,kotak cherry uat credentials
d4ab36,STAGING,2023-08-02T17:33:22.000Z,yes,kotak_cherry,Kotak Cherry
f17dd3,STAGING,2023-08-02T17:33:23.000Z,yes,tala,Tala
7c78c6,PRODUCTION,2023-08-02T17:33:24.000Z,no,spicemoney-vkyc-prod,Spicemoney-VKYC-prod
40360c,PRODUCTION,2023-08-02T17:33:24.000Z,yes,snapmint_digilocker_test,Snapmint - Digilocker test
a50a31,STAGING,2023-08-02T17:33:26.000Z,yes,snap_mint,SnapMint
ie7nq3,PRODUCTION,2023-08-02T17:33:28.000Z,yes,encTest,encTest
fd8c59,PRODUCTION,2023-08-02T17:33:40.000Z,yes,truecredit,TrueCredit
d26d26,PRODUCTION,2023-08-02T17:33:51.000Z,yes,ubank_mybiz_production,Ubank MyBiz - Production
26gjv1,PRODUCTION,2023-08-02T17:34:16.000Z,yes,sizeTest1,test
jtmd0b,PRODUCTION,2023-08-02T17:34:25.000Z,yes,sizeTest2,test
a7756a,PRODUCTION,2023-08-02T17:34:27.000Z,yes,sizeTest3,test
4wh224,PRODUCTION,2023-08-02T17:34:36.000Z,yes,sizeTest6,test
6eut02,PRODUCTION,2023-08-02T17:34:38.000Z,yes,sizeTest4,test
1k0a7i,PRODUCTION,2023-08-02T17:34:40.000Z,yes,sizeTest5,test
i62ip3,PRODUCTION,2023-08-02T17:34:42.000Z,yes,sizeTest10,test
fpdhbz,PRODUCTION,2023-08-02T17:34:48.000Z,yes,sizeTest7,test
56n4ta,PRODUCTION,2023-08-02T17:34:49.000Z,yes,sizeTest12,test
ygmi88,PRODUCTION,2023-08-02T17:34:52.000Z,yes,sizeTest8,test
udkve9,PRODUCTION,2023-08-02T17:34:53.000Z,yes,sizeTest9,test
iitb7t,PRODUCTION,2023-08-02T17:34:53.000Z,yes,sizeTest14,test
sww3mx,PRODUCTION,2023-08-02T17:34:54.000Z,yes,sizeTest11,test
s4k3b1,PRODUCTION,2023-08-02T17:34:55.000Z,yes,sizeTest15,test
voflgn,PRODUCTION,2023-08-02T17:34:56.000Z,yes,sizeTest13,test
fmsw43,PRODUCTION,2023-08-02T17:34:57.000Z,yes,sizeTest16,test
h7e9wn,PRODUCTION,2023-08-02T17:34:58.000Z,yes,sizeTest17,test
p87kr8,PRODUCTION,2023-08-02T17:34:59.000Z,yes,sizeTest19,test
3adf5d,PRODUCTION,2023-08-02T17:35:01.000Z,yes,sizeTest18,test
g127sg,PRODUCTION,2023-08-02T17:35:02.000Z,yes,sizeTest21,test
gnb0hi,PRODUCTION,2023-08-02T17:35:03.000Z,yes,sizeTest20,test
mta8wr,PRODUCTION,2023-08-02T17:35:04.000Z,yes,encTest1,encTest
28184a,STAGING,2023-08-02T17:35:06.000Z,no,pay_u,PayU
b5a6db,PRODUCTION,2023-08-02T17:35:07.000Z,yes,payu- production credentials,PayU - production credentials
c49722,STAGING,2023-08-02T17:35:08.000Z,no,hyperverge_engineering_team,HyperVerge Engineering Team
8afe2d,STAGING,2023-08-02T17:35:09.000Z,no,hyperverge_engineering_team,HyperVerge Engineering Team
0987c1,STAGING,2023-08-02T17:35:10.000Z,no,ltfs,LTFS
ab9659,PRODUCTION,2023-08-02T17:35:11.000Z,no,junglee_games,Junglee Games
67c314,PRODUCTION,2023-08-02T17:35:12.000Z,yes,FI_Money,FI Money - VKYC Test 
ca209c,PRODUCTION,2023-08-02T17:35:13.000Z,no,respo,Respo
6f8e52,PRODUCTION,2023-08-02T17:36:01.000Z,yes,Coinswitch_Staging,Coinswitch_Staging
59ce69,STAGING,2023-08-02T17:36:03.000Z,no,right_alpha,Right Alpha
8efc86,STAGING,2023-08-02T17:36:05.000Z,yes,incred,InCred
515a7c,STAGING,2023-08-02T17:36:07.000Z,no,hero_fincorp,Hero Fincorp
f0a4ca,PRODUCTION,2023-08-02T17:36:09.000Z,yes,tala,Tala
ffe795,PRODUCTION,2023-08-02T17:36:11.000Z,yes,shipsy,Shipsy
1968fb,PRODUCTION,2023-08-02T17:36:12.000Z,yes,Shipsy,Shipsy
292447,STAGING,2023-08-02T17:36:14.000Z,no,hero_fincorp,Hero Fincorp
a6db1a,PRODUCTION,2023-08-02T17:36:16.000Z,no,artisan_technologies,Artisan Technologies
17de14,PRODUCTION,2023-08-02T17:36:17.000Z,yes,revolut - production credentials,Revolut - Production Credentials
c5f4d9,PRODUCTION,2023-08-02T17:36:18.000Z,yes,IndieGG-Prod,IndieGG-Prod
bcd45b,PRODUCTION,2023-08-02T17:36:19.000Z,yes,Ubank - Prod Cred,Ubank - Prod Cred
e9699e,PRODUCTION,2023-08-02T17:36:20.000Z,yes,revolut - production credentials,Revolut - Production Credentials
c481a2,PRODUCTION,2023-08-02T17:36:21.000Z,yes,videokyc - internal  - product team,VideoKYC Team - Internal - Product
b1445e,STAGING,2023-08-02T17:36:22.000Z,no,matrimony,Matrimony
f5b3f0,PRODUCTION,2023-08-02T17:36:24.000Z,yes,sunking - africe - poc credentials,Sunking - Africa - POC Credentials 
4b857d,PRODUCTION,2023-08-02T17:36:29.000Z,yes,pifafintech-dkyc-test,Pifa Fintech
23502b,STAGING,2023-08-02T17:36:31.000Z,no,home_credit_india,Home Credit India
8afeb7,PRODUCTION,2023-08-02T17:36:39.000Z,no,royal_brothers,Royal Brothers
bf4f1c,STAGING,2023-08-02T17:37:11.000Z,no,smart_pay,Smart Net Trading Service Company Limited
a7a84b,PRODUCTION,2023-08-02T17:37:13.000Z,yes,wazirx - test credentials,WazirX - Test Credentials
21f307,PRODUCTION,2023-08-02T17:37:14.000Z,no,SBI Yono Business VKYC UAT,SBI Yono Business VKYC UAT
a4d700,STAGING,2023-08-02T17:37:16.000Z,yes,be_group,Be Group
240ec2,STAGING,2023-08-02T17:37:18.000Z,no,garagepreneurs,Garagepreneurs
ed5807,PRODUCTION,2023-08-02T17:37:19.000Z,no,matrimony,Matrimony
33a60d,STAGING,2023-08-02T17:37:20.000Z,no,cimb,CIMB
a135e1,STAGING,2023-08-02T17:37:21.000Z,yes,pay_u,PayU
b1310d,PRODUCTION,2023-08-02T17:37:22.000Z,no,groww,Groww
v4vbub,PRODUCTION,2023-08-02T17:37:23.000Z,yes,lic,LIC
e0e5fc,PRODUCTION,2023-08-02T17:37:24.000Z,no,pay_u,PayU
8eef3a,STAGING,2023-08-02T17:37:25.000Z,no,pay_u,PayU
4884a1,PRODUCTION,2023-08-02T17:37:26.000Z,no,engg-team-hv-ckyc-upload,Engg-Team-HV-CKYC- Upload
a5de90,PRODUCTION,2023-08-02T17:37:27.000Z,yes,smallcase_lamf,Smallcase_LAMF
201037,STAGING,2023-08-02T17:37:28.000Z,yes,actyv-test credentials,Actyc-Test Credentals
7fa2be,PRODUCTION,2023-08-02T17:37:30.000Z,yes,be_group,Be Group
4ea5e9,STAGING,2023-08-02T17:37:32.000Z,yes,hero_insurance_broking,Hero Insurance Broking
af5eb7,PRODUCTION,2023-08-02T17:37:34.000Z,no,unlisted_kart,Unlisted Kart
8c4bd8,STAGING,2023-08-02T17:37:35.000Z,yes,hyperverge_engineering_team,HyperVerge Engineering Team
58cdbf,PRODUCTION,2023-08-02T17:37:37.000Z,yes,fec_ta-hr_production,FEC TA-HR - Production
347e5b,STAGING,2023-08-02T17:38:05.000Z,no,fampay,Fampay
18a9cd,STAGING,2023-08-02T17:38:08.000Z,yes,mobikwik_skyc_poc,MobiKwik
fc5944,PRODUCTION,2023-08-02T17:38:10.000Z,yes,loco(india) test credentials,Loco(India) Test Credentials
98f6ed,STAGING,2023-08-02T17:38:12.000Z,yes,wazirx,WazirX
29f4f3,PRODUCTION,2023-08-02T17:38:13.000Z,no,fampay,Fampay
558351,PRODUCTION,2023-08-02T17:38:13.000Z,yes,kotak_bnpl,Kotak BNPL
244a93,STAGING,2023-08-02T17:38:15.000Z,yes,abc - digital one - test credentials,ABC - Digital One - Test Credentials
13b734,PRODUCTION,2023-08-02T17:38:16.000Z,no,tata_capital,Tata Capital
b332a1,PRODUCTION,2023-08-02T17:38:17.000Z,no,lenden_club,Lenden Club
5134a0,STAGING,2023-08-02T17:38:18.000Z,yes,icic gpay test credentials,ICIC Gpay Test credentials
9c89ce,STAGING,2023-08-02T17:38:19.000Z,no,smart_coin,SmartCoin
3e88c9,PRODUCTION,2023-08-02T17:38:20.000Z,no,c_edge,C-Edge
4caaf7,STAGING,2023-08-02T17:38:21.000Z,no,goittus,Giottus
1c6c80,STAGING,2023-08-02T17:38:22.000Z,yes,lic,LIC
ac0613,STAGING,2023-08-02T17:38:23.000Z,yes,be_group,Be Group
6c322f,PRODUCTION,2023-08-02T17:38:24.000Z,no,hyperverge_production_systems,HyperVerge Production Systems
cf31d2,PRODUCTION,2023-08-02T17:38:26.000Z,no,right_alpha,Right Alpha
2b9ae4,STAGING,2023-08-02T17:38:28.000Z,yes,games_24_7,Games 24x7
173e38,PRODUCTION,2023-08-02T17:38:29.000Z,no,load_share,LoadShare
93c3d1,STAGING,2023-08-02T17:38:32.000Z,yes,hero_ibil_staging,HERO IBIL Staging
b36d3d,STAGING,2023-08-02T17:38:33.000Z,yes,be_group,Be Group
4f0160,STAGING,2023-08-02T17:38:36.000Z,yes,galaxy_pay,Galaxy Pay & Joy
32218c,STAGING,2023-08-02T17:38:37.000Z,yes,zest_money,ZestMoney
2688cc,STAGING,2023-08-02T17:38:38.000Z,yes,be_group,Be Group
aec9d3,STAGING,2023-08-02T17:38:39.000Z,yes,be_group,Be Group
e554ac,PRODUCTION,2023-08-02T17:38:41.000Z,yes,be_group,Be Group
9708c0,PRODUCTION,2023-08-02T17:38:43.000Z,no,goittus,Giottus
f16412,STAGING,2023-08-02T17:39:03.000Z,yes,junglee_games,Junglee Games
a0639e,PRODUCTION,2023-08-02T17:39:09.000Z,yes,games_24_7,Games 24x7
1afe43,STAGING,2023-08-02T17:39:15.000Z,no,hd_bank,HD Bank
f7adb5,STAGING,2023-08-02T17:39:27.000Z,yes,groww,Groww
16c4a3,PRODUCTION,2023-08-02T17:39:54.000Z,no,tata_capital_paisa_bazaar,Tata Capital - Paisa Bazaar
23483f,PRODUCTION,2023-08-02T17:39:56.000Z,yes,tata_capital,Tata Capital
1315bd,STAGING,2023-08-02T17:39:59.000Z,yes,hd_bank,HD Bank
28ac82,STAGING,2023-08-02T17:40:02.000Z,yes,cashe_cred,Cashe Cred
137b58,PRODUCTION,2023-08-02T17:40:05.000Z,no,ltfs,LTFS
76ca56,PRODUCTION,2023-08-02T17:40:07.000Z,no,hero_fincorp,Hero Fincorp
cikt0h,PRODUCTION,2023-08-02T17:40:15.000Z,yes,homecredit,
9e56cf,PRODUCTION,2023-08-02T17:40:18.000Z,no,sterling_bank,SterlingBank
7636cc,STAGING,2023-08-02T17:40:27.000Z,no,hyperverge_engineering_team,HyperVerge Engineering Team
3e3ee3,PRODUCTION,2023-08-02T17:40:31.000Z,yes,abi,Abilash
97934f,PRODUCTION,2023-08-02T17:40:34.000Z,no,jify,Jify
335073,STAGING,2023-08-02T17:40:36.000Z,yes,happay,Happay
z51m4q,PRODUCTION,2023-08-02T17:40:37.000Z,yes,poonawallafincorp_ltd,poonawallafincorp ltd
c06a1b,PRODUCTION,2023-08-02T17:40:41.000Z,yes,united_india_insurance,United India Insurance
244fma,STAGING,2023-08-02T17:41:14.000Z,yes,capstone,capstone
9j7ia8,STAGING,2023-08-02T17:41:16.000Z,yes,market_wolf,Market Wolf
tvrjx1,STAGING,2023-08-02T17:41:18.000Z,yes,marketwolf,MarketWolf
8d33b6,STAGING,2023-08-02T17:41:19.000Z,yes,mobicast,Mobicast
b806ee,STAGING,2023-08-02T17:41:21.000Z,yes,fe_credit,FE Credit
affbaa,PRODUCTION,2023-08-02T17:41:22.000Z,yes,be_group,Be Group
ae0238,STAGING,2023-08-02T17:41:23.000Z,yes,be_group,Be Group
205e24,STAGING,2023-08-02T17:41:24.000Z,no,loco,Loco
e436da,PRODUCTION,2023-08-02T17:41:26.000Z,no,loco,Loco
1587d0,STAGING,2023-08-02T17:41:27.000Z,yes,jupiter,Jupiter
d3393e,STAGING,2023-08-02T17:41:28.000Z,no,cathay_vietnam,Cathay Vietnam
6e8318,STAGING,2023-08-02T17:41:29.000Z,yes,money_view,MoneyView
nawu1f,PRODUCTION,2023-08-02T17:41:48.000Z,yes,hero_fincorp,Hero Fincorp
963305,STAGING,2023-08-02T17:41:52.000Z,no,money_tap,MoneyTap
e4fe7d,STAGING,2023-08-02T17:41:54.000Z,no,money_view,MoneyView
4596e5,PRODUCTION,2023-08-02T17:41:56.000Z,yes,remitano,Remitano
71d703,STAGING,2023-08-02T17:41:58.000Z,no,fe_credit,FE Credit
23fd33,PRODUCTION,2023-08-02T17:41:59.000Z,no,fe_credit,FE Credit
5ad2b8,STAGING,2023-08-02T17:42:21.000Z,yes,be_group,Be Group
63fc5e,PRODUCTION,2023-08-02T17:42:23.000Z,yes,be_group,Be Group
839516,STAGING,2023-08-02T17:42:25.000Z,yes,cimb,CIMB
5sso8i,PRODUCTION,2023-08-02T17:42:26.000Z,yes,at_test_company,at_test_company
3fab8f,PRODUCTION,2023-08-02T17:42:27.000Z,yes,iifl<>finbox,FinBox powering IIFL
74bd61,PRODUCTION,2023-08-02T17:42:28.000Z,no,ayu_health_india,Ayu Health India
kub59f,STAGING,2023-08-02T17:42:29.000Z,yes,goflipa.com,Goflipa Com
ubb5iv,PRODUCTION,2023-08-02T17:42:30.000Z,yes,at-test-may-30-2,at-test-may-30-2
nnkjij,PRODUCTION,2023-08-02T17:42:31.000Z,yes,at-test-may-30-3,at-test-may-30-3
cbqi3r,PRODUCTION,2023-08-02T17:42:34.000Z,yes,at-test-may-30-6,at-test-may-30-6
ab3cd8,STAGING,2023-08-02T17:42:36.000Z,yes,credit_saison,CreditSaison
pmclnq,PRODUCTION,2023-08-02T17:42:37.000Z,yes,zslsz.com,Zslsz Com
o7diag,PRODUCTION,2023-08-02T17:42:38.000Z,yes,bbitq_com,Bbitq Com
272c92,STAGING,2023-08-02T17:42:39.000Z,no,ltfs,LTFS
d29ecf,PRODUCTION,2023-08-02T17:42:40.000Z,yes,Pine_labs_vkyc,Pine Labs
4cb376,STAGING,2023-08-02T17:42:41.000Z,no,sbi_bank,SBI Bank
ae73cl,STAGING,2023-08-02T17:42:43.000Z,yes,matra.top,Matra Top
rng1wm,PRODUCTION,2023-08-02T17:42:46.000Z,yes,mywrld.top,Mywrld Top
74uei8,PRODUCTION,2023-08-02T17:42:47.000Z,yes,hypertribe.co,Hypertribe Co
afnegu,PRODUCTION,2023-08-02T17:42:48.000Z,yes,8Junetest.co,8 Junetest Co
w4s2yx,PRODUCTION,2023-08-02T17:42:58.000Z,yes,Test2.co,Test 2 Co
gec8bl,PRODUCTION,2023-08-02T17:43:20.000Z,yes,test3.co,Test 3 Co
ge3yh8,PRODUCTION,2023-08-02T17:43:27.000Z,yes,test4.co,Test 4 Co
ri539b,PRODUCTION,2023-08-02T17:43:38.000Z,yes,testat.com,Testat Com
5520b6,STAGING,2023-08-02T17:44:08.000Z,yes,ventura_1,Ventura1
d5438a,PRODUCTION,2023-08-02T17:44:10.000Z,no,cimb,CIMB
6aggjl,PRODUCTION,2023-08-02T17:44:12.000Z,yes,united_india_insurance,United India Insurance
37ce60,STAGING,2023-08-02T17:44:14.000Z,yes,paytm_payments_bank,Paytm Payments Bank
cf7dd3,STAGING,2023-08-02T17:44:16.000Z,no,9pay,9Pay
cxgjil,PRODUCTION,2023-08-02T17:44:17.000Z,yes,testat1.com,Testat 1 Com
x3s1xl,PRODUCTION,2023-08-02T17:44:20.000Z,yes,testat1.com,Testat 1 Com
f0xwlt,PRODUCTION,2023-08-02T17:44:22.000Z,yes,testat1.com,Testat 1 Com
x3sghn,PRODUCTION,2023-08-02T17:44:25.000Z,yes,testat1.com,Testat 1 Com
rilb7x,PRODUCTION,2023-08-02T17:44:27.000Z,yes,testat1.com,Testat 1 Com
touoc6,PRODUCTION,2023-08-02T17:44:33.000Z,yes,testat1.com,Testat 1 Com
m5w6rv,PRODUCTION,2023-08-02T17:44:40.000Z,yes,testat1.com,Testat 1 Com
nn6tlv,PRODUCTION,2023-08-02T17:44:42.000Z,yes,testat1.com,Testat 1 Com
kgfo54,PRODUCTION,2023-08-02T17:44:43.000Z,yes,test40.co,Test 40 Co
5a78f3,PRODUCTION,2023-08-02T17:44:44.000Z,yes,InCred_vkyc_sandbox,In Cred
cg5re4,PRODUCTION,2023-08-02T17:44:45.000Z,yes,test41.co,Test 41 Co
18fbb1,PRODUCTION,2023-08-02T17:44:46.000Z,yes,fe_credit,FE Credit
4gekf5,PRODUCTION,2023-08-02T17:44:47.000Z,yes,test42.co,Test 42 Co
650fc0,STAGING,2023-08-02T17:44:50.000Z,yes,onus_vietnam,Onus Vietnam
fy8pvz,PRODUCTION,2023-08-02T17:44:50.000Z,yes,test1.co,Test 1 Co
vnuh4m,PRODUCTION,2023-08-02T17:44:51.000Z,yes,test5.co,Test 5 Co
stepbn,PRODUCTION,2023-08-02T17:44:52.000Z,yes,test6.co,Test 6 Co
rccqi0,PRODUCTION,2023-08-02T17:44:53.000Z,yes,test50.co,Test 50 Co
s5p0vm,PRODUCTION,2023-08-02T17:44:55.000Z,yes,test48.co,Test 48 Co
91v27t,PRODUCTION,2023-08-02T17:44:56.000Z,yes,test49.co,Test 49 Co
abc00a,STAGING,2023-08-02T17:44:57.000Z,no,hyperverge_engineering_team,HyperVerge Engineering Team
5909c8,STAGING,2023-08-02T17:44:58.000Z,no,hyperverge_engineering_team,HyperVerge Engineering Team
1zc443,PRODUCTION,2023-08-02T17:45:00.000Z,yes,test45.com,Test 45 Com
nayjo6,PRODUCTION,2023-08-02T17:45:02.000Z,yes,test43.co,Test 43 Co
hzk1lr,PRODUCTION,2023-08-02T17:45:06.000Z,yes,testat1.com,Testat 1 Com
f23312,PRODUCTION,2023-08-02T17:45:10.000Z,no,tata_capital,Tata Capital
62a9e8,PRODUCTION,2023-08-02T17:45:43.000Z,no,cred,CRED
nnlfst,PRODUCTION,2023-08-02T17:45:46.000Z,yes,apollo-creditail,Apollo-Creditail
11f626,PRODUCTION,2023-08-02T17:45:47.000Z,no,AthenaFintechSolution - UAT,AthenaFintechSolution
e8f18b,PRODUCTION,2023-08-02T17:45:49.000Z,yes,Kotak_Bank_PL,Kotak_Bank
2e881e,PRODUCTION,2023-08-02T17:45:51.000Z,yes,ONEM00001,
af606b,STAGING,2023-08-02T17:45:52.000Z,yes,hyperverge_ai_team,HyperVerge AI Team
924b64,PRODUCTION,2023-08-02T17:45:53.000Z,yes,byjus_uat_staging,BYJUS UAT - Staging
adwg33,PRODUCTION,2023-08-02T17:45:53.000Z,yes,united_india_insurance,United India Insurance
397dda,PRODUCTION,2023-08-02T17:45:54.000Z,no,SBI Yono Business VKYC Prod,SBI Yono Business VKYC Prod
88dd62,PRODUCTION,2023-08-02T17:45:56.000Z,no,money_view,MoneyView
c02d86,STAGING,2023-08-02T17:45:57.000Z,no,hyperverge_engineering_team,HyperVerge Engineering Team
290773,PRODUCTION,2023-08-02T17:45:58.000Z,yes,sbi-mis_mis_staging,SBI MIS MIS - Staging
e0tlwa,PRODUCTION,2023-08-02T17:45:59.000Z,yes,oona_insurance,Oona Insurance
cja99z,PRODUCTION,2023-08-02T17:46:00.000Z,yes,oona_insurance,Oona Insurance
529f42,PRODUCTION,2023-08-02T17:46:01.000Z,no,galaxy-pay__staging,galaxy-pay__staging
d409cb,PRODUCTION,2023-08-02T17:46:02.000Z,no,galaxy_pay,Galaxy Pay & Joy
da19c1,PRODUCTION,2023-08-02T17:46:04.000Z,no,branch_india,Branch India
9245e6,PRODUCTION,2023-08-02T17:46:04.000Z,no,groww,Groww
jzxs1t,STAGING,2023-08-03T04:55:02.000Z,yes,finbridge,Finbridge
zmnwqf,STAGING,2023-08-03T07:00:43.000Z,yes,hdfc_life_nbd,HDFC Life NBD
goorma,STAGING,2023-08-04T04:58:53.000Z,no,shriram_general_insurance,Shriram General Insurance
jcyq4i,STAGING,2023-08-04T05:22:27.000Z,yes,aeon_credit,Aeon Credit
mtu2v5,STAGING,2023-08-04T06:37:16.000Z,yes,aeon_credit,Aeon Credit
cvrdzb,STAGING,2023-08-04T07:15:43.000Z,yes,DMIF00012,
be6yqz,PRODUCTION,2023-08-04T08:05:33.000Z,no,hdfc_securities,HDFC Securities
cqxrpp,STAGING,2023-08-04T09:39:29.000Z,no,ltfs,LTFS
84soyo,STAGING,2023-08-04T10:11:03.000Z,yes,dominos,Dominos
k8rm06,STAGING,2023-08-04T10:56:32.000Z,yes,nanotech-vietnam,NanoTech-Vietnam
cujcmk,STAGING,2023-08-04T11:26:00.000Z,yes,antier_solutions,Antier Solutions
1ulbv0,STAGING,2023-08-04T11:34:10.000Z,yes,delta_corp,Delta Corp
8u0wq9,STAGING,2023-08-04T11:43:03.000Z,yes,salaryse,Salaryse
fpq9y4,STAGING,2023-08-07T06:28:40.000Z,yes,apollo_fundly,Apollo Fundly
oqfsz1,STAGING,2023-08-07T07:27:24.000Z,yes,attest07,attest07
vr0i1x,PRODUCTION,2023-08-07T07:47:49.000Z,no,chola_finance,Chola Finance
o4divg,STAGING,2023-08-07T09:04:30.000Z,yes,attest07,attest07
9worqe,STAGING,2023-08-08T06:31:53.000Z,no,icici_securities,ICICI Securities
jxn1fe,STAGING,2023-08-08T08:59:03.000Z,no,euronet,Euronet Worldwide Inc.
cjmnb0,STAGING,2023-08-08T09:40:08.000Z,no,tax_nodes,Tax Nodes
5u5rrd,STAGING,2023-08-08T10:13:25.000Z,no,aegis_covenant,Aegis Covenant
9deec6,STAGING,2023-08-08T13:25:36.000Z,yes,angel_one,AngelOne
2d0d7a,PRODUCTION,2023-08-08T13:26:18.000Z,yes,angel_one,AngelOne
1w47aw,PRODUCTION,2023-08-08T18:38:53.000Z,yes,supernan,Supernan
eqfojh,STAGING,2023-08-09T05:42:43.000Z,yes,simule,Simule
ndc7m9,STAGING,2023-08-09T06:55:14.000Z,no,sbi_mutual_funds,SBI Mutual Funds
fjjkrv,STAGING,2023-08-09T08:42:21.000Z,no,hyperverge_integrations_team,HyperVerge Integrations Team
ja501q,STAGING,2023-08-09T09:13:05.000Z,yes,edelweiss_tokio,Edelweiss Tokio
t942mo,PRODUCTION,2023-08-09T10:35:54.000Z,no,treasurepack,TreasurePACK
alua3c,STAGING,2023-08-10T05:23:48.000Z,no,converge_ict_bida,Converge ICT Bida
13zbdu,STAGING,2023-08-10T06:12:46.000Z,no,axio,Axio
0plrwo,STAGING,2023-08-10T06:13:06.000Z,no,axio,Axio
22q7r4,STAGING,2023-08-10T06:14:07.000Z,no,axio,Axio
z13y3y,STAGING,2023-08-10T07:03:21.000Z,yes,c_edge,C-Edge
wd26uy,STAGING,2023-08-10T07:04:16.000Z,yes,c_edge,C-Edge
6os82x,PRODUCTION,2023-08-10T07:06:16.000Z,yes,c_edge,C-Edge
d6um0f,PRODUCTION,2023-08-10T07:07:18.000Z,no,c_edge,C-Edge
w5ecs6,STAGING,2023-08-10T07:09:34.000Z,no,cebxpress-phl,CebXpress-phl
9b0i35,PRODUCTION,2023-08-10T07:11:13.000Z,yes,c_edge,C-Edge
cm8guu,STAGING,2023-08-10T07:49:07.000Z,yes,worklooperxhukum,WorklooperxHukum
1oiv4x,STAGING,2023-08-10T08:20:53.000Z,yes,switch_my_loan,Switch my loan
ccr707,STAGING,2023-08-10T09:25:37.000Z,yes,com_bank_sl,Com Bank SL
i2yzrc,STAGING,2023-08-10T11:07:47.000Z,yes,binary_geckos,Binary Geckos
ovgh5b,STAGING,2023-08-11T08:09:32.000Z,yes,yashida_tech,Yashida Tech
9ulx4g,PRODUCTION,2023-08-11T11:20:20.000Z,no,zokudo,zokudo
s7h2md,STAGING,2023-08-14T04:58:29.000Z,yes,fullerton_india,fullerton india
5tn1qz,STAGING,2023-08-14T06:26:40.000Z,yes,capizal,Capizal
aubixh,STAGING,2023-08-14T11:53:13.000Z,yes,tfsin,TFSIN
2xjs5r,PRODUCTION,2023-08-14T12:02:24.000Z,no,rpsl,RPSL
tvwm6c,STAGING,2023-08-14T12:41:29.000Z,yes,rantaafin,Rantaafin
78d6mu,STAGING,2023-08-16T05:17:37.000Z,yes,oriental_general_insurance,Oriental General Insurance
6i16o4,STAGING,2023-08-16T07:56:40.000Z,yes,chaitanya_india,Chaitanya India
odtfre,PRODUCTION,2023-08-16T08:27:39.000Z,no,zepto,Zepto
hfybsd,STAGING,2023-08-16T12:42:53.000Z,yes,at_test_16_08,at test 16 08
esybgi,PRODUCTION,2023-08-16T12:58:42.000Z,yes,at_test_16_08,at test 16 08
rp6tnr,STAGING,2023-08-16T12:58:45.000Z,yes,at_test_16_08,at test 16 08
ph9mr1,STAGING,2023-08-16T12:58:48.000Z,yes,at_test_16_08,at test 16 08
b4ou05,PRODUCTION,2023-08-16T12:59:09.000Z,yes,attest07,attest07
ejy8b0,STAGING,2023-08-16T12:59:43.000Z,yes,attest07,attest07
hcs53n,STAGING,2023-08-17T10:20:47.000Z,yes,M1xchange,m1xchange
08tylr,STAGING,2023-08-17T10:25:58.000Z,yes,M1xchange,m1xchange
byzoqh,STAGING,2023-08-17T13:26:57.000Z,no,propftx,Propftx
dxjefz,STAGING,2023-08-17T13:42:41.000Z,yes,at_test_16_08,at test 16 08
sbk948,PRODUCTION,2023-08-17T13:43:10.000Z,yes,at_test_16_08,at test 16 08
sfxe5w,STAGING,2023-08-17T14:56:49.000Z,yes,paypal,Paypal
4e4as5,STAGING,2023-08-17T14:58:30.000Z,yes,paypal,Paypal
r26l09,STAGING,2023-08-18T08:27:46.000Z,yes,nupipay,Nupipay
09auxe,STAGING,2023-08-18T12:06:32.000Z,no,anchorage_finkred,Anchorage Finkred
rd0asf,STAGING,2023-08-18T12:39:13.000Z,no,rentenpe,Rentenpe
1bpwp9,PRODUCTION,2023-08-18T14:11:43.000Z,no,rario,Rario
f438q2,PRODUCTION,2023-08-18T15:40:17.000Z,yes,gameskraft,Gameskraft
4wc49j,STAGING,2023-08-21T05:21:59.000Z,yes,gameskraft,Gameskraft
8vqnsu,PRODUCTION,2023-08-21T05:23:46.000Z,yes,gameskraft,Gameskraft
yo1fh2,STAGING,2023-08-21T09:03:19.000Z,yes,hyperverge_integrations_team,HyperVerge Integrations Team
hvi0j4,STAGING,2023-08-21T09:03:23.000Z,yes,hyperverge_integrations_team,HyperVerge Integrations Team
yw0ecz,STAGING,2023-08-21T09:03:47.000Z,no,hyperverge_integrations_team,HyperVerge Integrations Team
a92w24,STAGING,2023-08-21T09:10:28.000Z,yes,dream11,Dream11
97tyj4,STAGING,2023-08-21T09:32:54.000Z,yes,taxnodes,Taxnodes
918t8u,STAGING,2023-08-21T10:13:52.000Z,no,head_digital_works,Head Digital Works
yccjv7,STAGING,2023-08-21T10:18:21.000Z,yes,yourtribe,YourTribe
knkx1a,STAGING,2023-08-21T11:21:44.000Z,yes,dtdc,DTDC
8o3o1s,STAGING,2023-08-21T13:27:47.000Z,no,fair_money_nigeria,FairMoney - Nigeria
d6jksi,STAGING,2023-08-21T13:28:13.000Z,yes,gameskraft,Gameskraft
ea9y14,PRODUCTION,2023-08-21T13:30:19.000Z,yes,gameskraft,Gameskraft
t756kq,STAGING,2023-08-21T13:31:35.000Z,yes,gameskraft,Gameskraft
0g8wgr,PRODUCTION,2023-08-21T13:33:08.000Z,yes,gameskraft,Gameskraft
iuzq1b,PRODUCTION,2023-08-22T05:23:26.000Z,yes,abibl_motor,ABIBL Motor
yzb0un,STAGING,2023-08-22T07:08:32.000Z,yes,credit_vidya,Credit Vidya
7bdqol,STAGING,2023-08-22T08:54:09.000Z,no,oona_idn,Oona Indonesia
3owleg,STAGING,2023-08-22T08:55:29.000Z,no,oona_idn,Oona Indonesia
gw9v2x,STAGING,2023-08-22T09:00:08.000Z,yes,apollo_finvest,Apollo Finvest
hgqa2f,STAGING,2023-08-22T09:37:13.000Z,no,lester_hurtado-_capstone_ref,Lester Hurtado- Capstone ref
u3u6iz,STAGING,2023-08-22T12:36:06.000Z,yes,pazcare,Pazcare
iqibze,STAGING,2023-08-23T10:55:42.000Z,no,money_view,MoneyView
0rtlv9,STAGING,2023-08-24T08:41:26.000Z,yes,karthik_internal,Karthik Internal
1v028o,STAGING,2023-08-24T08:54:15.000Z,no,karthik_shivakumara,Karthik Shivakumara
beo7np,STAGING,2023-08-24T11:31:09.000Z,no,iifl_hfc,IIFL HFC
ohpnul,STAGING,2023-08-24T12:17:46.000Z,yes,muthootmicrofin,Muthootmicrofin
xmgf6k,STAGING,2023-08-24T16:59:17.000Z,yes,farzin,Farzin
kf0ci7,PRODUCTION,2023-08-25T07:44:26.000Z,yes,gameduels,Gameduels
ub46gp,STAGING,2023-08-25T09:51:19.000Z,no,sterling_bank,SterlingBank
izcqxh,STAGING,2023-08-25T10:00:45.000Z,yes,shipsy-idv,Shipsy-IDV
0qukxm,STAGING,2023-08-28T05:01:21.000Z,yes,jupiter,Jupiter
t38dz6,STAGING,2023-08-28T05:08:44.000Z,yes,jupiter_money,jupiter_money
b86qgt,STAGING,2023-08-28T13:11:26.000Z,yes,trillion_loans,Trillion Loans
2uv2l9,PRODUCTION,2023-08-28T13:18:33.000Z,no,money_view,MoneyView
oiqkxm,PRODUCTION,2023-08-28T13:19:04.000Z,no,money_view,MoneyView
wvrgip,PRODUCTION,2023-08-28T13:32:31.000Z,no,propftx,Propftx
gk00aa,STAGING,2023-08-29T07:23:55.000Z,no,hdfc_ergo_-_insurance,HDFC Ergo - Insurance
pdivzg,PRODUCTION,2023-08-29T07:26:23.000Z,yes,privaseverse,Privaseverse
wc72ok,PRODUCTION,2023-08-29T13:38:34.000Z,yes,gopik,Gopik
1f8nju,STAGING,2023-08-30T05:32:18.000Z,yes,poonawallafincorp_ltd,poonawallafincorp ltd
h95z0m,STAGING,2023-08-30T06:51:05.000Z,no,MONEYTAP-DKYC-POC,MoneyTap
6rt6sd,STAGING,2023-08-30T09:02:09.000Z,yes,playaway,Playaway
mzqcee,PRODUCTION,2023-08-30T11:28:55.000Z,yes,jupiter_money,jupiter_money
c43bat,STAGING,2023-08-30T11:56:45.000Z,yes,farzin_internal,Farzin Internal
zja1d8,STAGING,2023-08-30T14:21:59.000Z,yes,truecaller,Truecaller
pwe78x,STAGING,2023-08-31T04:01:24.000Z,no,chola_ms_general_insurance,Chola MS General Insurance
gg4cv0,PRODUCTION,2023-08-31T04:58:14.000Z,no,oona_philippines,Oona Philippines
872dzg,STAGING,2023-08-31T07:08:28.000Z,no,gsis,GSIS
w10s5o,STAGING,2023-08-31T07:09:51.000Z,no,astral,Astral
j48dqk,STAGING,2023-08-31T11:03:38.000Z,no,oona_idn,Oona Indonesia
s2b439,PRODUCTION,2023-08-31T11:04:20.000Z,no,oona_idn,Oona Indonesia
duwn4b,STAGING,2023-08-31T11:05:44.000Z,no,oona_idn,Oona Indonesia
ayadaj,PRODUCTION,2023-08-31T11:06:13.000Z,no,oona_idn,Oona Indonesia
j6ect1,PRODUCTION,2023-08-31T12:36:51.000Z,yes,chola_ms_general_insurance,Chola MS General Insurance
gnzdr1,STAGING,2023-08-31T12:42:45.000Z,yes,chola_ms_general_insurance,Chola MS General Insurance
0umcan,STAGING,2023-08-31T14:14:06.000Z,yes,lloans,LLoans
0m77do,STAGING,2023-08-31T14:17:50.000Z,no,ndx_p2p_private_limited,NDX P2P Private Limited
1qeuxd,PRODUCTION,2023-08-31T14:30:35.000Z,yes,ndx_p2p_private_limited,NDX P2P Private Limited
rv1p3c,PRODUCTION,2023-08-31T14:31:04.000Z,no,ndx_p2p_private_limited,NDX P2P Private Limited
qh1haw,STAGING,2023-09-01T04:00:06.000Z,no,RAIS00093,RAIS00093
p0d3re,PRODUCTION,2023-09-01T05:07:23.000Z,no,royal_sundaram,Royal Sundaram
es2aa2,STAGING,2023-09-01T05:40:39.000Z,no,pay_u_finance,Pay U Finance
c0pc4l,STAGING,2023-09-01T09:17:56.000Z,no,oona_philippines,Oona Philippines
6rbdap,STAGING,2023-09-01T09:18:49.000Z,no,oona_philippines,Oona Philippines
jat95x,PRODUCTION,2023-09-01T09:19:36.000Z,no,oona_philippines,Oona Philippines
czoi55,PRODUCTION,2023-09-01T10:15:49.000Z,yes,FINC00076,
bvqyis,PRODUCTION,2023-09-01T11:24:10.000Z,no,aventus_group_mexico,Aventus Group - Mexico
2e8c6t,PRODUCTION,2023-09-02T03:55:06.000Z,no,manappuram,Manappuram
qq8h9j,STAGING,2023-09-04T04:06:55.000Z,no,united_india_insurance,United India Insurance
r2757f,STAGING,2023-09-04T05:25:14.000Z,yes,RAZO00051,
ts97e6,STAGING,2023-09-04T09:20:13.000Z,yes,trillionloans_fintech,Trillionloans Fintech
e88l60,PRODUCTION,2023-09-04T09:21:29.000Z,yes,trillionloans_fintech,Trillionloans Fintech
9fx2lo,PRODUCTION,2023-09-04T10:44:38.000Z,no,lending_plate,Lending Plate
1kv0i5,STAGING,2023-09-04T11:32:19.000Z,yes,stan-caasmudrex,Stan-CaaSMudrex
uy4q4x,STAGING,2023-09-04T11:35:26.000Z,yes,loopofinfinity-mudrexcaas,LoopOfInfinity-MudrexCaaS
p0semt,PRODUCTION,2023-09-04T11:37:33.000Z,yes,stan-caasmudrex,Stan-CaaSMudrex
eke3v7,PRODUCTION,2023-09-04T11:38:50.000Z,yes,loopofinfinity-mudrexcaas,LoopOfInfinity-MudrexCaaS
63mxlb,STAGING,2023-09-04T11:45:36.000Z,yes,loi_-_mudrexcaas,LoI - MudrexCaas
8o103c,PRODUCTION,2023-09-04T11:46:40.000Z,yes,loi_-_mudrexcaas,LoI - MudrexCaas
ebf0qv,STAGING,2023-09-05T04:54:40.000Z,no,abhi_abcd_channel,ABHI ABCD Channel
e7itth,PRODUCTION,2023-09-05T09:51:04.000Z,no,onecard,OneCard
7ugen8,STAGING,2023-09-05T10:13:16.000Z,yes,pine_labs,Pinelabs
9tup6z,STAGING,2023-09-05T14:00:08.000Z,yes,gray_matrix,Gray Matrix
vpsczt,STAGING,2023-09-05T14:12:29.000Z,yes,trypsafe,Trypsafe
zpglkw,PRODUCTION,2023-09-06T08:07:48.000Z,yes,indra_capital,Indra Capital
s09310,STAGING,2023-09-06T14:02:48.000Z,no,capital_now,Capital Now
1x4xvk,STAGING,2023-09-07T09:03:15.000Z,no,HV,HyperVerge
5ytwq7,STAGING,2023-09-07T13:09:26.000Z,no,orion_testing,Orion Testing
xygxxj,STAGING,2023-09-08T06:54:33.000Z,yes,fezotech,Fezotech
xg9cgt,STAGING,2023-09-08T08:12:24.000Z,no,angel_one,AngelOne
okdirk,STAGING,2023-09-08T09:12:31.000Z,yes,goqii,Goqii
jl58ot,STAGING,2023-09-08T09:25:11.000Z,yes,sense_grass,Sense Grass
c2xcgb,STAGING,2023-09-08T11:43:07.000Z,yes,esavari,Esavari
1grv0x,STAGING,2023-09-08T12:51:09.000Z,yes,rummy_time,Rummy Time
vr50je,PRODUCTION,2023-09-08T12:52:09.000Z,yes,rummy_time,Rummy Time
jurcxj,PRODUCTION,2023-09-08T18:37:59.000Z,no,mahindra_financial_services,Mahindra Financial Services
qusmue,STAGING,2023-09-11T07:33:45.000Z,yes,mobie-web-testing-gayathri,mobie-web-testing-gayathri
dj9ra2,STAGING,2023-09-11T09:02:55.000Z,yes,aayush_internal,Aayush Internal
2icqgj,STAGING,2023-09-11T09:24:24.000Z,no,flint,Flint
e5qxub,STAGING,2023-09-11T09:52:48.000Z,no,HV,HyperVerge
dnm6tj,PRODUCTION,2023-09-11T11:38:16.000Z,yes,axio,Axio
m07k7b,PRODUCTION,2023-09-11T11:38:55.000Z,no,axio,Axio
cgj1l8,STAGING,2023-09-11T13:20:22.000Z,no,swiftant,Swiftant
ydki85,STAGING,2023-09-11T14:15:22.000Z,no,coinsbit,Coinsbit
yf0apw,PRODUCTION,2023-09-11T14:19:44.000Z,no,rapido,Rapido
vapdfd,STAGING,2023-09-12T04:43:06.000Z,yes,lazadavn_bnpl,LazadaVN BNPL
e2vby4,STAGING,2023-09-12T06:07:28.000Z,no,hero_fincorp,Hero Fincorp
gpo859,STAGING,2023-09-12T07:33:54.000Z,yes,kotak_li,Kotak LI
8006np,STAGING,2023-09-12T09:21:50.000Z,no,vaibhavclient,vaibhavClient
y30xr6,STAGING,2023-09-12T11:38:03.000Z,no,nira_finance,NIRA Finance
5kg226,STAGING,2023-09-12T12:02:28.000Z,yes,bajaj_finserv_-_wallet,Bajaj Finserv - Wallet
uwyijt,STAGING,2023-09-12T15:43:29.000Z,yes,acko_tech_-_li_included,Acko Tech - LI included
2smkj8,PRODUCTION,2023-09-12T15:44:28.000Z,yes,acko_tech_-_li_included,Acko Tech - LI included
vi0uur,STAGING,2023-09-13T05:44:25.000Z,no,hero_fincorp,Hero Fincorp
fwux8q,STAGING,2023-09-13T12:13:21.000Z,no,aventus_group,Aventus Group
dlnkr2,STAGING,2023-09-14T01:12:22.000Z,no,vil_ocr,VIL OCR
ge3r0f,STAGING,2023-09-14T05:21:15.000Z,no,firestone_infotech_llp,Firestone infotech LLP
3cfbrx,STAGING,2023-09-14T08:37:42.000Z,yes,instape,Instape
6oi0op,PRODUCTION,2023-09-14T09:06:13.000Z,no,5nance,Nuqi- 5nance
57dkfo,STAGING,2023-09-14T11:45:13.000Z,no,manappuram,Manappuram
orzyub,STAGING,2023-09-15T04:58:50.000Z,no,incred_money,Incred Money
ess196,STAGING,2023-09-15T10:54:01.000Z,no,plebgraph,Plebgraph
08rg99,STAGING,2023-09-15T11:03:23.000Z,no,poonawallafincorp_ltd,poonawallafincorp ltd
8l434v,PRODUCTION,2023-09-15T12:55:02.000Z,no,mallow_tech_-_red_taxi,Mallow Tech - Red Taxi
9c54wg,STAGING,2023-09-19T07:18:13.000Z,no,julo,Julo
44lsfk,PRODUCTION,2023-09-19T09:45:48.000Z,no,eenadu,Eenadu
r1zouc,STAGING,2023-09-19T10:20:03.000Z,yes,of_business,Of Business
v76a2q,STAGING,2023-09-19T10:58:41.000Z,no,hero_fincorp,Hero Fincorp
0jvn9h,STAGING,2023-09-20T06:16:06.000Z,yes,AdityaBirlaCapital,Aditya Birla Capital Dev
7w13zv,PRODUCTION,2023-09-20T06:24:59.000Z,yes,apollo_finvest,Apollo Finvest
hyowcy,STAGING,2023-09-20T07:41:56.000Z,yes,aditya_birla_sun_life_insurance,Aditya Birla Sun Life Insurance
om7qzh,STAGING,2023-09-20T07:41:59.000Z,yes,aditya_birla_sun_life_insurance,Aditya Birla Sun Life Insurance
r7ahps,STAGING,2023-09-20T10:45:16.000Z,yes,kintree,Kintree
v6b5n1,STAGING,2023-09-20T11:57:45.000Z,yes,khata_book,Khatabook
um4n19,PRODUCTION,2023-09-20T12:45:57.000Z,no,firestone_infotech_llp,Firestone infotech LLP
a96ip3,STAGING,2023-09-20T13:46:43.000Z,yes,linkedin_demo_epfo,LinkedIn Demo EPFO
4ocyhz,PRODUCTION,2023-09-21T06:09:43.000Z,no,movi_vietnam,Movi Vietnam
l5uprl,STAGING,2023-09-21T06:23:11.000Z,no,tata_aig,Tata AIG
wdjcd5,STAGING,2023-09-21T08:35:23.000Z,yes,lendingkart,Lendingkart
qsxdds,STAGING,2023-09-21T09:05:37.000Z,yes,sub-k_impact_solutions_ltd,Sub-K Impact Solutions Ltd
jqabod,PRODUCTION,2023-09-21T11:36:26.000Z,no,clever_alpha,Clever Alpha
pgbmg0,STAGING,2023-09-21T12:40:28.000Z,yes,jm_financial,JM Financial
qur0v1,PRODUCTION,2023-09-21T13:03:38.000Z,no,zebpay,ZebPay
lx2gy1,STAGING,2023-09-21T13:58:07.000Z,yes,eduvanz,Eduvanz
786yhg,STAGING,2023-09-22T12:48:25.000Z,yes,metronome_tech,Metronome Tech
r97ku5,STAGING,2023-09-25T05:51:00.000Z,no,zokudo,zokudo
ampta9,STAGING,2023-09-25T05:51:50.000Z,no,zokudo,zokudo
hwscb0,STAGING,2023-09-25T05:52:41.000Z,no,zokudo,zokudo
6o454o,STAGING,2023-09-25T08:00:26.000Z,no,HV,HyperVerge
p6voso,STAGING,2023-09-25T08:19:37.000Z,no,fe_online_20,FE Online 20
d9kq2j,STAGING,2023-09-25T09:17:56.000Z,no,rainbow_fintech,Rainbow Fintech 
izru8u,STAGING,2023-09-25T10:05:06.000Z,no,HV,HyperVerge
ykhmo7,STAGING,2023-09-25T11:38:46.000Z,yes,mynd_-_m1xchange,MYND - M1XCHANGE
v0vt1g,STAGING,2023-09-25T17:02:14.000Z,no,light_finance,Light Finance
b28e2f,STAGING,2023-09-25T17:17:04.000Z,yes,reliance_nippon_life_insuranc, Reliance Nippon Life Insuranc
9hntlc,STAGING,2023-09-25T17:20:06.000Z,no,reliance_securities,Reliance Securities
ifjt7a,PRODUCTION,2023-09-26T10:08:48.000Z,no,plebgraph,Plebgraph
p7v6jz,STAGING,2023-09-26T10:59:39.000Z,yes,bajaj_finserv_central,Bajaj Finserv Central
yetcdr,STAGING,2023-09-26T11:23:10.000Z,yes,testatcreateclient1,testatcreateclient1
p8g3xe,STAGING,2023-09-26T11:26:02.000Z,yes,testatcreateclient2,testatcreateclient2
4d6mtb,STAGING,2023-09-26T11:58:31.000Z,yes,mysa,Mysa
zx9zb5,STAGING,2023-09-26T13:43:53.000Z,yes,phone_pe_-_indus,Phone Pe - Indus
jw0oip,STAGING,2023-09-27T01:30:24.000Z,no,gift_pack,Gift Pack
t34hyb,STAGING,2023-09-27T05:38:47.000Z,yes,letsgoody,LetsGoody
si8a81,PRODUCTION,2023-09-27T06:11:06.000Z,yes,tmibasl_oriental_shared,TMIBASL Oriental shared
0nn06o,PRODUCTION,2023-09-27T07:36:42.000Z,no,go_yubi,Go Yubi
u5qw3m,STAGING,2023-09-27T08:59:49.000Z,yes,oona_idn,Oona Indonesia
cfsik7,STAGING,2023-09-27T09:45:18.000Z,yes,corider,CoRider
kpbp4w,STAGING,2023-09-27T09:46:26.000Z,no,corider_-_testing,CoRider - Testing
zmje1x,PRODUCTION,2023-09-27T10:17:01.000Z,no,manappuram,Manappuram
bkrfli,PRODUCTION,2023-09-27T10:18:07.000Z,no,manappuram,Manappuram
pvme0o,STAGING,2023-09-27T13:22:22.000Z,no,pokerbaazi,PokerBaazi
6dv1dc,STAGING,2023-09-27T13:33:44.000Z,no,hero_fincorp,Hero Fincorp
lmvbi6,STAGING,2023-09-28T12:01:03.000Z,yes,poonawallafincorp_ltd,poonawallafincorp ltd
3u763a,STAGING,2023-09-29T08:51:57.000Z,yes,lotte_finance_vietnam,Lotte Finance Vietnam
d71gy5,PRODUCTION,2023-09-29T10:29:04.000Z,yes,playaway,Playaway
ccuj5q,STAGING,2023-09-29T11:43:12.000Z,yes,india_p2p,India P2P
v8i64m,STAGING,2023-09-29T11:48:25.000Z,yes,fibe,Fibe
gjn1o1,STAGING,2023-10-02T12:00:47.000Z,yes,giftpack,GiftPack
iabjo6,PRODUCTION,2023-10-03T05:38:22.000Z,no,sbi_bank,SBI Bank
p1n42b,STAGING,2023-10-03T06:35:58.000Z,no,sahaj_gaming,Sahaj Gaming
q2k9v5,STAGING,2023-10-03T09:52:18.000Z,yes,pickme,PickMe
xrpaw6,STAGING,2023-10-03T10:05:00.000Z,no,sk-finance,SK-Finance
mhp8jg,PRODUCTION,2023-10-03T11:08:45.000Z,no,xcm,XCM
0xi48l,PRODUCTION,2023-10-03T11:09:51.000Z,no,xcm,XCM
awonsv,STAGING,2023-10-03T11:46:19.000Z,no,HV,HyperVerge
btloyc,STAGING,2023-10-03T11:46:21.000Z,no,HV,HyperVerge
3ti4oy,STAGING,2023-10-03T11:46:23.000Z,no,HV,HyperVerge
7w4yt8,STAGING,2023-10-03T11:46:25.000Z,no,HV,HyperVerge
04pomu,STAGING,2023-10-03T11:46:46.000Z,no,HV,HyperVerge
h2tm09,STAGING,2023-10-03T11:47:02.000Z,no,HV,HyperVerge
rb8pyg,STAGING,2023-10-03T11:47:03.000Z,no,HV,HyperVerge
1kphpk,STAGING,2023-10-03T11:47:05.000Z,no,HV,HyperVerge
xcg95u,STAGING,2023-10-03T11:47:05.000Z,no,HV,HyperVerge
rqhueg,STAGING,2023-10-03T11:47:06.000Z,no,HV,HyperVerge
6zhpx9,STAGING,2023-10-03T11:48:23.000Z,no,HV,HyperVerge
2l4c0d,STAGING,2023-10-03T11:48:24.000Z,no,HV,HyperVerge
mldvn7,STAGING,2023-10-03T11:48:25.000Z,no,HV,HyperVerge
n0c35z,STAGING,2023-10-03T11:48:26.000Z,no,HV,HyperVerge
g0s1m3,STAGING,2023-10-03T11:48:48.000Z,no,HV,HyperVerge
o7459w,STAGING,2023-10-03T11:48:49.000Z,no,HV,HyperVerge
5peefc,STAGING,2023-10-03T11:48:51.000Z,no,HV,HyperVerge
bzosi4,STAGING,2023-10-03T11:48:54.000Z,no,HV,HyperVerge
epu507,STAGING,2023-10-03T11:48:56.000Z,no,HV,HyperVerge
nv6tdd,STAGING,2023-10-03T11:48:57.000Z,no,HV,HyperVerge
qgaf69,STAGING,2023-10-03T11:48:58.000Z,no,HV,HyperVerge
mgrd4m,STAGING,2023-10-03T11:48:59.000Z,no,HV,HyperVerge
pbzgcq,STAGING,2023-10-03T11:49:01.000Z,no,HV,HyperVerge
69k19y,STAGING,2023-10-03T11:49:02.000Z,no,HV,HyperVerge
fxh9un,STAGING,2023-10-03T11:49:04.000Z,no,HV,HyperVerge
sigov1,STAGING,2023-10-03T11:59:55.000Z,yes,togopool_dashboard,Togopool Dashboard
cc91sm,STAGING,2023-10-03T12:08:07.000Z,yes,togopool_kyc_dashboard,Togopool KYC Dashboard
dux92q,STAGING,2023-10-03T12:08:50.000Z,no,togopool_dashboard_kyc,Togopool Dashboard KYC
rze84x,STAGING,2023-10-03T12:12:18.000Z,no,HV,HyperVerge
cxyfq4,STAGING,2023-10-03T12:22:45.000Z,no,HV,HyperVerge
u0q8yx,PRODUCTION,2023-10-03T12:52:44.000Z,no,hdfc_life,HDFC Life Aidwell
i43haz,PRODUCTION,2023-10-03T12:52:54.000Z,yes,hdfc_life,HDFC Life Aidwell
nyl20e,PRODUCTION,2023-10-03T12:53:04.000Z,yes,hdfc_life,HDFC Life Aidwell
71hu0s,STAGING,2023-10-04T08:17:09.000Z,yes,hyperverge_engineering_team,HyperVerge Engineering Team
x1s8nv,PRODUCTION,2023-10-04T09:13:24.000Z,yes,fibe,Fibe
v3bvwd,STAGING,2023-10-04T10:29:04.000Z,yes,c_edge,C-Edge
9tqzhl,STAGING,2023-10-04T12:32:30.000Z,yes,bajaj_finserv_rcu,Bajaj Finserv RCU
cuzaz0,STAGING,2023-10-04T12:33:15.000Z,yes,bajaj_finance_rcu,Bajaj Finance RCU
yygb9s,STAGING,2023-10-04T14:17:44.000Z,yes,hv_internal_testing_13,HV Internal Testing 13
jj44oa,STAGING,2023-10-04T14:22:22.000Z,yes,hv_internal_testing_14,HV Internal Testing 14
pc5dts,STAGING,2023-10-04T16:21:36.000Z,yes,axis_bank_ltd,Axis bank Ltd
fkou5v,STAGING,2023-10-04T18:11:44.000Z,no,paymentz,Paymentz
6lquro,STAGING,2023-10-04T18:27:59.000Z,yes,wing_bank,Wing bank
px6on2,STAGING,2023-10-04T18:29:25.000Z,yes,wealth_tech,Wealth Tech
tijxbv,STAGING,2023-10-04T18:29:35.000Z,yes,microblock_labs,MicroBlock Labs
wsikw8,STAGING,2023-10-04T18:36:17.000Z,yes,hv_at_create_test,hv at create test
1rkac2,PRODUCTION,2023-10-05T07:11:12.000Z,no,aventus_group_ukraine,Aventus Group - Ukraine
3asdud,STAGING,2023-10-05T07:16:44.000Z,yes,idfc-internal,IDFC-Internal
8pofmk,STAGING,2023-10-05T07:25:56.000Z,no,war94,WAR94
656dsr,STAGING,2023-10-05T08:52:32.000Z,no,HV,HyperVerge
cwo74p,STAGING,2023-10-05T09:02:57.000Z,no,HV,HyperVerge
l6l838,STAGING,2023-10-05T09:05:20.000Z,no,HV,HyperVerge
9sbjc9,STAGING,2023-10-05T09:20:30.000Z,yes,movi_vietnam,Movi Vietnam
ekh9hs,STAGING,2023-10-05T09:32:04.000Z,no,HV,HyperVerge
fpembb,STAGING,2023-10-05T15:01:45.000Z,no,HV,HyperVerge
7h8r8f,STAGING,2023-10-05T15:03:30.000Z,no,HV,HyperVerge
gb0ztu,PRODUCTION,2023-10-05T16:20:49.000Z,yes,analyticstest7,AnalyticsTest7
uda0gv,STAGING,2023-10-06T09:46:49.000Z,yes,simpel,Simpel 
1d3dx5,STAGING,2023-10-06T09:50:33.000Z,yes,hv_internal_prod_testing,HV Internal Prod Testing 
y5kogk,STAGING,2023-10-06T10:56:45.000Z,yes,pinelabs-merchant,Pinelabs-Merchant
ymexu7,STAGING,2023-10-06T10:57:57.000Z,yes,pinelabs-_merchant,Pinelabs- Merchant
9ruq52,STAGING,2023-10-06T10:59:06.000Z,yes,pine_labs,Pinelabs
f0qy50,PRODUCTION,2023-10-06T10:59:40.000Z,no,pine_labs,Pinelabs
phbb5f,STAGING,2023-10-06T11:04:47.000Z,yes,bizongo,Bizongo
8bpzic,STAGING,2023-10-06T12:16:03.000Z,yes,max_life_insurance,Max Life Insurance
rmg9be,STAGING,2023-10-09T08:40:21.000Z,yes,zelia_finance,Zelia Finance
typ4t5,STAGING,2023-10-09T17:07:23.000Z,yes,at_test_geo_1,at test geo 1
dl9p2s,STAGING,2023-10-09T17:20:38.000Z,yes,at_test_geo_2,at test geo 2
nqad7e,PRODUCTION,2023-10-10T07:03:31.000Z,yes,hyperverge_production_systems,HyperVerge Production Systems
z56891,PRODUCTION,2023-10-10T07:05:04.000Z,yes,hyperverge_production_systems,HyperVerge Production Systems
ral40i,PRODUCTION,2023-10-10T07:05:51.000Z,no,hyperverge_production_systems,HyperVerge Production Systems
el6w59,PRODUCTION,2023-10-10T09:04:50.000Z,yes,seracle,Seracle
qlzthu,STAGING,2023-10-10T10:59:58.000Z,yes,eazypg,EazyPG
gq60kz,PRODUCTION,2023-10-10T13:22:44.000Z,no,capital_now,Capital Now
zddp67,PRODUCTION,2023-10-11T10:02:55.000Z,no,aventus_group_ukraine,Aventus Group - Ukraine
igsgn6,STAGING,2023-10-11T13:40:18.000Z,yes,kotak_life_insurance,Kotak Life insurance
s9dl7j,STAGING,2023-10-11T16:43:41.000Z,yes,airvistara,AirVistara
bcat21,STAGING,2023-10-11T18:12:30.000Z,yes,tata_-_airvistara,TATA - AirVistara
nkhuhm,STAGING,2023-10-12T03:54:41.000Z,yes,zibomo,Zibomo
e3f4jf,STAGING,2023-10-12T04:20:23.000Z,yes,vitto_money,Vitto Money
40wakn,STAGING,2023-10-12T10:24:51.000Z,yes,kotaklife,KotakLife
eytdjw,STAGING,2023-10-12T14:08:21.000Z,yes,bet_bonanza,BetBonanza
3swzb0,STAGING,2023-10-12T16:36:30.000Z,yes,hv_prod_test,HV Prod Test
kcmudc,STAGING,2023-10-12T16:37:08.000Z,yes,sj_test,sj test
dntxp2,STAGING,2023-10-13T05:42:26.000Z,yes,mahila_money_-_staging,Mahila Money - Staging 
enlmvp,STAGING,2023-10-13T06:26:36.000Z,yes,mahilamoney-test,MahilaMoney-Test
827pwb,STAGING,2023-10-13T06:38:43.000Z,yes,mahila_money,MahilaMoney
r6i410,STAGING,2023-10-13T06:50:43.000Z,no,united_india_insurance,United India Insurance
xnx4ma,STAGING,2023-10-13T09:59:43.000Z,yes,paytm_lending,Paytm-Lending
3yp79n,STAGING,2023-10-13T10:31:53.000Z,no,arihant_plus,Arihant Plus
mw8xwx,STAGING,2023-10-13T10:57:43.000Z,no,securities_demo,Securities Demo
26r0ug,PRODUCTION,2023-10-13T13:17:04.000Z,no,niaragram,Niaragram
bllcon,STAGING,2023-10-16T04:28:32.000Z,no,abhi_sec,abhi sec
948nby,STAGING,2023-10-16T09:33:09.000Z,yes,worldline_epayments_india,Worldline ePayments India 
j4u70e,STAGING,2023-10-17T10:10:57.000Z,yes,zinc,Zinc
m8shbo,STAGING,2023-10-17T12:49:08.000Z,no,propelld_edgro,PropellD Edgro
zabvaj,STAGING,2023-10-18T05:40:08.000Z,yes,toolyt,Toolyt
uaulk6,STAGING,2023-10-18T07:13:49.000Z,no,hero_fincorp,Hero Fincorp
jl2mbl,PRODUCTION,2023-10-18T09:30:49.000Z,yes,smallcase_lamf,Smallcase_LAMF
v815vv,STAGING,2023-10-18T09:31:03.000Z,yes,smallcase_lamf,Smallcase_LAMF
lj9zd0,STAGING,2023-10-18T12:12:20.000Z,yes,sharepal,Sharepal
51p70v,STAGING,2023-10-18T12:27:20.000Z,yes,chintamani_finlease,Chintamani Finlease 
gvb7lk,STAGING,2023-10-18T12:35:22.000Z,no,grip,Grip
vf5srf,STAGING,2023-10-18T12:53:49.000Z,yes,kuhoo,KUHOO
6r32mw,STAGING,2023-10-18T13:02:45.000Z,no,doshaheen_deeppulse,Doshaheen (Deeppulse)
1atv7m,PRODUCTION,2023-10-18T13:53:58.000Z,no,togopool_dashboard_kyc,Togopool Dashboard KYC
cqfkmi,PRODUCTION,2023-10-18T13:54:04.000Z,yes,togopool_dashboard_kyc,Togopool Dashboard KYC
xzlpoy,STAGING,2023-10-19T08:24:39.000Z,no,coin_switch,Coinswitch
ms7169,PRODUCTION,2023-10-19T09:21:34.000Z,yes,tax_nodes,Tax Nodes
d9gktb,PRODUCTION,2023-10-19T09:40:43.000Z,yes,finbridge,Finbridge
ix040o,STAGING,2023-10-19T09:43:47.000Z,no,smallcase_lamf,Smallcase_LAMF
k99ree,STAGING,2023-10-19T10:45:14.000Z,no,kissht,Kissht
jckxgo,STAGING,2023-10-19T19:50:44.000Z,yes,interjet,Interjet
a8wvjs,STAGING,2023-10-20T06:42:01.000Z,no,sk_finance,SK Finance
k38o9t,PRODUCTION,2023-10-20T06:59:26.000Z,no,equirus_wealth,Equirus Wealth
i7efbf,PRODUCTION,2023-10-20T07:01:01.000Z,no,smart_coin,SmartCoin
80v7be,STAGING,2023-10-20T08:13:07.000Z,yes,xoxoday,xoxoday
sdi36o,PRODUCTION,2023-10-23T08:02:14.000Z,no,coinsbit,Coinsbit
bf8oz9,STAGING,2023-10-23T10:36:29.000Z,yes,kisan_lends,Kisan lends
r1vl08,STAGING,2023-10-23T10:46:00.000Z,no,ab_com,ABCom
necud2,PRODUCTION,2023-10-23T12:55:30.000Z,no,coin_switch,Coinswitch
af23mw,STAGING,2023-10-23T12:56:15.000Z,yes,idfc_first_bank_lending,IDFC First Bank Lending
xeoswg,STAGING,2023-10-23T14:10:58.000Z,yes,projectivity,Projectivity
lvyb2n,PRODUCTION,2023-10-25T05:28:55.000Z,no,icici_securities,ICICI Securities
mntgnf,STAGING,2023-10-26T06:40:18.000Z,no,labour_home_india,LabourHomeIndia
k4uq8k,STAGING,2023-10-26T07:18:33.000Z,yes,applore,Applore
0vu6in,STAGING,2023-10-26T08:43:36.000Z,yes,ab_cartridge,AB Cartridge
vrtzvx,STAGING,2023-10-27T06:01:04.000Z,yes,mahat_ai,Mahat AI
zigkj9,PRODUCTION,2023-10-27T09:42:37.000Z,yes,swiftant,Swiftant
tuki8y,STAGING,2023-10-27T10:43:59.000Z,no,hdfc_life_pension,HDFC Life Pension
sbwu4x,STAGING,2023-10-27T11:08:15.000Z,yes,singularium,Singularium
ph94lh,STAGING,2023-10-27T11:19:51.000Z,yes,smc_insurance_ltd,SMC Insurance Ltd
jjtqqi,STAGING,2023-10-27T11:36:47.000Z,no,mahindra_auto_loans,Mahindra Auto Loans 
bcd4o0,STAGING,2023-10-30T07:38:07.000Z,yes,atlas_travels,Atlas Travels
w67w84,STAGING,2023-10-30T08:26:55.000Z,yes,hyperverge_production_testing_new,Hyperverge Production Testing New
0036ht,STAGING,2023-10-30T11:34:56.000Z,no,mobikwik,Mobikwik
5ucs5p,STAGING,2023-10-30T13:50:59.000Z,yes,acko_rc_verification,Acko RC Verification
mu2t72,STAGING,2023-10-30T14:57:54.000Z,yes,hyperverge_workflows_testing,Hyperverge Workflows Testing
t0ctqj,STAGING,2023-10-30T15:01:11.000Z,yes,hyperverge_workflows_testing_2,Hyperverge Workflows Testing 2
67f1j5,STAGING,2023-10-30T15:07:41.000Z,yes,hyperverge_workflows_testing_3,Hyperverge Workflows Testing 3
v04kmu,STAGING,2023-10-30T15:09:30.000Z,yes,hyperverge_workflows_test_4,Hyperverge workflows test 4
h46j3v,STAGING,2023-10-30T15:16:49.000Z,yes,hv_workflows_testing,HV Workflows Testing
n7vsqb,STAGING,2023-10-30T15:19:05.000Z,yes,hv_workflows_testing_2,HV Workflows Testing 2
i9ocj5,PRODUCTION,2023-10-31T06:30:49.000Z,no,dollarpe,DollarPe
zf6hgh,STAGING,2023-10-31T06:35:06.000Z,yes,mobikwik_bsa,MobikwikBSA
cqj2ml,STAGING,2023-10-31T08:08:56.000Z,yes,mirae_assets,Mirae Assets
q2iupy,PRODUCTION,2023-10-31T08:17:49.000Z,no,astral,Astral
0hhoog,STAGING,2023-10-31T08:50:27.000Z,no,galaxy_pay,Galaxy Pay & Joy
45r7ag,STAGING,2023-10-31T09:12:09.000Z,yes,roqqu,Roqqu
j8cery,STAGING,2023-10-31T09:30:26.000Z,yes,aeon_credit_nbfc,Aeon Credit NBFC
mar5qq,STAGING,2023-10-31T13:16:24.000Z,yes,harishinternal,harishinternal
v4mv7p,PRODUCTION,2023-11-02T06:54:47.000Z,no,gift_pack,Gift Pack
iswyn5,PRODUCTION,2023-11-02T12:55:14.000Z,yes,mahila_money,MahilaMoney
70k4qo,STAGING,2023-11-03T06:13:28.000Z,yes,razor_pay,RazorPay
y1hyrc,STAGING,2023-11-03T11:40:50.000Z,no,oona_idn,Oona Indonesia
747g65,STAGING,2023-11-03T12:16:30.000Z,no,bharat_pe,BharatPe
b636pq,PRODUCTION,2023-11-03T12:17:11.000Z,no,bharat_pe,BharatPe
lsdxiu,PRODUCTION,2023-11-06T07:01:14.000Z,yes,five_diamond_screening,Five Diamond Screening
tylhwc,PRODUCTION,2023-11-06T12:01:06.000Z,no,finx,FinX
5t91kq,PRODUCTION,2023-11-06T12:01:06.000Z,yes,finx,FinX
7r7grt,STAGING,2023-11-06T12:50:04.000Z,yes,initiant,Initiant
5qs2vo,STAGING,2023-11-06T13:13:20.000Z,no,slice,Sun Crypto
cxwe2o,STAGING,2023-11-06T13:30:11.000Z,yes,ahedge,Ahedge
776x98,STAGING,2023-11-07T12:33:19.000Z,yes,on_point_legal_leads,On Point Legal Leads
4hzvmu,STAGING,2023-11-07T12:35:59.000Z,yes,smfg,SMFG 
d9m97l,STAGING,2023-11-07T13:36:21.000Z,yes,xgo_nigeria,XGO - Nigeria
5icnc9,STAGING,2023-11-08T04:32:09.000Z,yes,live_trade,live-trade
6obv8q,PRODUCTION,2023-11-08T05:54:05.000Z,no,aditya_birla_sun_life_insurance,Aditya Birla Sun Life Insurance
4yfq55,PRODUCTION,2023-11-08T05:56:00.000Z,no,aditya_birla_sun_life_insurance,Aditya Birla Sun Life Insurance
zi0ss6,PRODUCTION,2023-11-08T08:54:13.000Z,no,aegis_covenant,Aegis Covenant
0xqrd7,STAGING,2023-11-08T09:24:38.000Z,no,zebpay,ZebPay
0d99i4,PRODUCTION,2023-11-08T11:41:17.000Z,no,pay_u,PayU
zap6xn,STAGING,2023-11-08T12:26:09.000Z,yes,apollo_finvest,Apollo Finvest
ilgpim,STAGING,2023-11-08T12:28:43.000Z,yes,mo_e_ving,MoEVing
nfapun,STAGING,2023-11-08T12:32:41.000Z,yes,flexipay_nigeria,Flexipay- Nigeria
1lv6rm,STAGING,2023-11-08T12:39:00.000Z,yes,truecaller_ng,Truecaller- NG
1rm22k,STAGING,2023-11-08T12:42:48.000Z,yes,paylign_ng,Paylign- NG
3oj906,STAGING,2023-11-09T07:51:45.000Z,yes,at_prod_test_09_11_1,at-prod-test-09-11-1
zt5fm1,STAGING,2023-11-09T07:52:04.000Z,yes,at_prod_test_09_11_1,at-prod-test-09-11-1
746bmq,STAGING,2023-11-09T10:17:03.000Z,yes,fudiin,Fundiin
v7idni,STAGING,2023-11-09T11:22:53.000Z,yes,at_prod_test_09_11_3,at_prod_test_09_11_3
1v6nqn,STAGING,2023-11-09T11:23:24.000Z,yes,at_prod_test_09_11_3,at_prod_test_09_11_3
49yfbp,PRODUCTION,2023-11-09T13:34:56.000Z,no,bajaj_finserv_kyc,Bajaj Finserv KYC
g8vq0o,STAGING,2023-11-09T14:18:28.000Z,no,aaritya_technologies,Aaritya Technologies
sjj6vf,PRODUCTION,2023-11-09T15:22:47.000Z,no,revolut,Revolut
poaf5l,STAGING,2023-11-14T04:47:51.000Z,yes,taxida,Taxida
9boaub,STAGING,2023-11-14T05:27:42.000Z,yes,plivo,Plivo
25rijy,STAGING,2023-11-14T09:12:47.000Z,yes,at-test-09-11-10,at-test-09-11-10
l3euqy,STAGING,2023-11-15T05:33:27.000Z,yes,at-test-09-11-10,at-test-09-11-10
3yu85p,PRODUCTION,2023-11-15T06:21:21.000Z,yes,at-test-09-11-10,at-test-09-11-10
msx7de,PRODUCTION,2023-11-15T10:46:05.000Z,yes,pay_u,PayU
b26tau,STAGING,2023-11-15T10:49:14.000Z,no,pay_u,PayU
ljr1yf,PRODUCTION,2023-11-15T13:09:55.000Z,yes,niva_bupa,Niva Bupa
wy07bk,STAGING,2023-11-16T04:50:30.000Z,yes,shop_withtin,ShopWithtin
x4ujs1,STAGING,2023-11-16T05:50:01.000Z,yes,finteck,Finteck
448bnr,STAGING,2023-11-16T05:58:28.000Z,no,ashv_finance,Ashv Finance
pipwz3,STAGING,2023-11-16T07:13:10.000Z,no,vega_fintech,Vega Fintech
7ijrxm,STAGING,2023-11-16T11:14:56.000Z,yes,at-test-09-11-10,at-test-09-11-10
z91xwv,STAGING,2023-11-16T11:15:13.000Z,yes,at_prod_test_09_11_3,at_prod_test_09_11_3
4rfwot,PRODUCTION,2023-11-16T11:15:18.000Z,yes,at_prod_test_09_11_3,at_prod_test_09_11_3
e8l5fq,STAGING,2023-11-16T11:15:21.000Z,yes,at_prod_test_09_11_3,at_prod_test_09_11_3
dbjdb9,PRODUCTION,2023-11-16T11:15:27.000Z,yes,at_prod_test_09_11_3,at_prod_test_09_11_3
1u3wj7,STAGING,2023-11-17T07:24:48.000Z,yes,at_prod_test_09_11_3,at_prod_test_09_11_3
ipsu6p,PRODUCTION,2023-11-17T07:25:51.000Z,yes,at_prod_test_09_11_3,at_prod_test_09_11_3
nrjdyx,STAGING,2023-11-17T07:31:37.000Z,yes,at-test-09-11-10,at-test-09-11-10
odv84q,STAGING,2023-11-17T07:46:59.000Z,yes,at-test-09-11-10,at-test-09-11-10
4u9o0d,STAGING,2023-11-17T07:47:52.000Z,yes,war94,WAR94
7kcm38,PRODUCTION,2023-11-17T07:50:23.000Z,yes,war94,WAR94
a85cft,PRODUCTION,2023-11-17T09:13:56.000Z,no,hero_fincorp,Hero Fincorp
vxzfiy,STAGING,2023-11-17T11:10:45.000Z,yes,varahaag,Varahaag
yx9z1s,STAGING,2023-11-17T11:10:59.000Z,yes,i_serve_u,iServeU
trtj34,STAGING,2023-11-17T11:19:47.000Z,yes,mahindra_financial_services,Mahindra Financial Services
q14xad,STAGING,2023-11-18T04:45:19.000Z,yes,parthi-test,Parthi-Test
ahkycl,STAGING,2023-11-20T07:32:20.000Z,no,ccg_bank,CCG Bank
e3jrdx,STAGING,2023-11-20T08:00:38.000Z,yes,chaitanya_godavari_grameena_bank,Chaitanya Godavari Grameena Bank
huns7f,STAGING,2023-11-20T11:26:19.000Z,yes,kandle,Kandle
jw52ao,STAGING,2023-11-20T11:57:42.000Z,yes,anglo_enterprises,Anglo Enterprises
y3r344,STAGING,2023-11-21T04:07:00.000Z,no,galaxy_pay,Galaxy Pay & Joy
c43zdq,STAGING,2023-11-21T06:51:20.000Z,yes,tripsy_games,Tripsy Games
v74oig,STAGING,2023-11-21T11:51:14.000Z,yes,mahesh_value,Mahesh Value
uconc7,STAGING,2023-11-21T13:01:19.000Z,no,protium,Protium
1xldan,STAGING,2023-11-22T04:41:41.000Z,yes,hdfc_securities_nri,HDFC Securities NRI
83sw6t,STAGING,2023-11-22T06:48:31.000Z,no,adityabirlacapital,adityabirlacapital
0szevx,STAGING,2023-11-22T07:01:53.000Z,no,paytm_first_games,PayTM First Games
nci9f3,STAGING,2023-11-22T10:55:56.000Z,yes,mahindra_udaan_project,Mahindra Udaan Project
5izrsh,PRODUCTION,2023-11-22T12:30:36.000Z,no,light_finance,Light Finance
kce8lk,PRODUCTION,2023-11-22T12:46:14.000Z,no,kissht,Kissht
o2lvsf,PRODUCTION,2023-11-22T12:53:31.000Z,no,manappuram,Manappuram
yamolt,STAGING,2023-11-22T13:44:52.000Z,yes,autodesk,Autodesk
5cf8rs,STAGING,2023-11-23T04:08:23.000Z,yes,south_indian_bank,South Indian Bank
pzxlr4,STAGING,2023-11-23T05:11:52.000Z,yes,anup_sa_internal,Anup - SA Internal
nq49a3,STAGING,2023-11-23T05:12:38.000Z,no,himank_sa_internal,Himank - SA Internal
kpwrkf,PRODUCTION,2023-11-23T07:27:18.000Z,no,propelld_edgro,PropellD Edgro
1gxp4c,STAGING,2023-11-23T08:22:51.000Z,yes,jio_finance_ltd,Jio Finance Ltd
j328ch,STAGING,2023-11-24T12:21:07.000Z,no,mpokket_2023,Mpokket 2023
rhtaqn,STAGING,2023-11-24T15:37:19.000Z,yes,oriental_general_insurance,Oriental General Insurance
e0uxyh,STAGING,2023-11-27T05:08:51.000Z,yes,hyperverge_ai_team,HyperVerge AI Team
ystzpp,STAGING,2023-11-27T12:23:38.000Z,yes,sharkdom,Sharkdom
c6qk1l,STAGING,2023-11-28T07:17:32.000Z,yes,pagibig,Pagibig
2ap3rm,STAGING,2023-11-28T11:24:57.000Z,yes,hv_workflow_testing_new_16,HV Workflow Testing New
z41yt8,STAGING,2023-11-28T11:30:53.000Z,yes,hv_workflow_testing_new_17,HV Workflow Testing New
28qq3m,STAGING,2023-11-28T11:33:18.000Z,yes,hv_workflow_testing_new_18,HV Workflow Testing New
8nor8b,STAGING,2023-11-28T18:52:45.000Z,yes,nordstello,Nordstello
jygoc9,STAGING,2023-11-29T05:11:50.000Z,yes,multisys,Multisys
8l7pb4,STAGING,2023-11-29T05:39:02.000Z,yes,ntc,NTC
71ivjp,STAGING,2023-11-29T08:47:11.000Z,yes,playerzpot_2023,Playerzpot 2023
zzz1yw,STAGING,2023-11-29T09:29:14.000Z,yes,icici_bank_nri_onboarding,ICICI Bank - NRI Onboarding
ouh1g6,STAGING,2023-11-29T10:29:47.000Z,yes,gaming_consultants,Gaming Consultants
yp5ehb,STAGING,2023-11-30T10:07:35.000Z,no,c_next,CNext
uoi346,PRODUCTION,2023-11-30T13:31:46.000Z,no,ab_cartridge,AB Cartridge
y1hmow,STAGING,2023-11-30T18:58:14.000Z,yes,aspire_app,Aspire app
hkw1qw,STAGING,2023-12-01T11:16:44.000Z,no,copperx,Copperx
fnl0p5,STAGING,2023-12-01T12:02:24.000Z,yes,goldbck,Goldbck
ikgn7x,STAGING,2023-12-04T03:11:24.000Z,no,junglee_games,Junglee Games
zqqsjq,PRODUCTION,2023-12-04T05:23:38.000Z,no,ltfs,LTFS
i9zyyg,STAGING,2023-12-04T09:22:58.000Z,no,hero_fincorp,Hero Fincorp
h114iz,STAGING,2023-12-04T12:20:56.000Z,no,hyperverge_product_quality_team,hyperverge product quality team
0lvl7m,STAGING,2023-12-05T05:52:36.000Z,yes,tala,Tala
kvbpfb,STAGING,2023-12-05T08:53:14.000Z,no,bringgg,Bringgg
chiujb,STAGING,2023-12-05T13:04:45.000Z,yes,rupifi,Rupifi
sfvwqf,STAGING,2023-12-05T13:13:53.000Z,no,refyne,Refyne
zu78ap,STAGING,2023-12-05T14:16:13.000Z,yes,hv_workflows_testing,HV Workflows Testing
3b0rr7,STAGING,2023-12-05T14:17:29.000Z,yes,hv_workflow_testing_new_19,HV Workflow Testing New
9maunk,PRODUCTION,2023-12-05T14:17:51.000Z,yes,hv_workflow_testing_new_19,HV Workflow Testing New
bkpcgi,STAGING,2023-12-05T14:31:03.000Z,yes,bharat_pe,BharatPe
cij0wc,STAGING,2023-12-05T17:33:40.000Z,no,ar_internal,AR Internal
920v46,STAGING,2023-12-06T05:21:39.000Z,yes,clark_development_corporation,Clark Development Corporation
1c1n38,STAGING,2023-12-06T07:06:00.000Z,no,united_india_insurance,United India Insurance
svw5ti,STAGING,2023-12-06T07:27:48.000Z,yes,om_logistics,Om Logistics
yn4lw8,STAGING,2023-12-06T08:45:29.000Z,yes,indi_gg,IndiGG
z8so1v,STAGING,2023-12-06T11:25:29.000Z,no,hello_wable,HelloWable
nsch0t,STAGING,2023-12-06T13:09:07.000Z,yes,hyperverge_websdk_test_client,hyperverge websdk test client
6vsgd8,PRODUCTION,2023-12-07T05:17:21.000Z,no,ltfs,LTFS
cqmwmm,STAGING,2023-12-07T07:46:23.000Z,yes,dhruvit_internal,Dhruvit_Internal
yv5rua,STAGING,2023-12-07T07:59:57.000Z,no,HV,HyperVerge
1hmrnl,PRODUCTION,2023-12-07T08:31:23.000Z,yes,new_india_assurance,New India Assurance
aws6aa,PRODUCTION,2023-12-07T09:14:23.000Z,no,mobikwik,Mobikwik
smgbyj,PRODUCTION,2023-12-07T12:00:51.000Z,no,flipkart,Flipkart
lxwi37,STAGING,2023-12-08T06:42:06.000Z,no,hyperverge_ai_team,HyperVerge AI Team
sn92kv,PRODUCTION,2023-12-08T08:47:55.000Z,no,kotak_cherry,Kotak Cherry
ijesup,PRODUCTION,2023-12-08T11:54:34.000Z,yes,ovo,OVO
1z246e,PRODUCTION,2023-12-11T06:04:19.000Z,yes,octro_inc,Octro Inc
9ivqk0,PRODUCTION,2023-12-11T07:07:20.000Z,no,aditya_birla_sun_life_insurance,Aditya Birla Sun Life Insurance
zu9te4,STAGING,2023-12-11T07:07:52.000Z,yes,platform_users_testing,Platform users testing
yxr4f3,PRODUCTION,2023-12-11T09:36:04.000Z,yes,kuhoo,KUHOO
sjfkpa,STAGING,2023-12-11T10:40:24.000Z,yes,tap_invest,Tap Invest
c884r0,STAGING,2023-12-11T12:32:07.000Z,yes,hyperverge_ai_team,HyperVerge AI Team
m5fstm,STAGING,2023-12-11T18:38:13.000Z,yes,phenom_people,Phenom People
78frc8,STAGING,2023-12-11T18:58:23.000Z,yes,xflowpay,Xflowpay
gxje7r,STAGING,2023-12-12T07:44:51.000Z,yes,hana_gold,Hana Gold
ktnjqe,PRODUCTION,2023-12-12T12:49:12.000Z,no,accretive_cleantech_finance,Accretive Cleantech Finance
4pcmrn,STAGING,2023-12-12T12:53:47.000Z,yes,namma_yatri_juspay,Namma Yatri (Juspay)
t9y2iv,STAGING,2023-12-13T09:20:27.000Z,no,torus,Torus
xoeiu2,STAGING,2023-12-13T10:20:53.000Z,yes,hdfc_retire_100,HDFC retire100
rf4osc,STAGING,2023-12-14T00:47:05.000Z,yes,kamayakya,Kamayakya
x74428,STAGING,2023-12-14T01:01:34.000Z,no,cred_reserve,Cred Reserve
lecsar,STAGING,2023-12-14T06:32:26.000Z,yes,we_care_digital,WeCare Digital
5hsuse,STAGING,2023-12-14T10:42:55.000Z,no,finx,FinX
tn9dw9,PRODUCTION,2023-12-14T11:52:22.000Z,yes,protium,Protium
bhhtpk,STAGING,2023-12-14T12:53:18.000Z,no,we_trust_crow,WeTrust Crow
28rjmg,PRODUCTION,2023-12-15T06:15:57.000Z,no,goapptiv,GoApptiv
4l3t6b,STAGING,2023-12-15T08:28:11.000Z,no,rain_platforms,Rain Platforms
r22yfs,STAGING,2023-12-15T10:28:54.000Z,no,money_tap,MoneyTap
npie2h,STAGING,2023-12-15T11:26:09.000Z,yes,timechain_labs,Timechain Labs
nu9nd5,STAGING,2023-12-18T06:53:15.000Z,no,ak_group,AK Group
ihwk5c,STAGING,2023-12-19T06:07:25.000Z,no,onsurity,Onsurity
o89zyu,STAGING,2023-12-19T06:37:26.000Z,yes,sbi_bank,SBI Bank
ts5db7,STAGING,2023-12-19T07:10:52.000Z,yes,lawrence_osayemi_-_internal,Lawrence Osayemi - Internal
fokfec,STAGING,2023-12-19T11:25:12.000Z,yes,raze,Raze
4ugdk3,STAGING,2023-12-19T14:17:51.000Z,no,aviva_internal,aviva_internal
mekect,STAGING,2023-12-20T10:22:00.000Z,no,aimtoget_ng,Aimtoget NG
v8xtcz,STAGING,2023-12-21T06:05:26.000Z,yes,sameeksha_capital,Sameeksha Capital
ujbw1v,PRODUCTION,2023-12-22T07:03:14.000Z,no,ak_group,AK Group
ivbibp,STAGING,2023-12-22T07:21:23.000Z,yes,meristem_ng,Meristem NG
i03b4p,PRODUCTION,2023-12-26T05:52:42.000Z,yes,sharkdom,Sharkdom
0lbdbr,STAGING,2023-12-26T07:23:17.000Z,no,vodafone,Vodafone
qskubr,STAGING,2023-12-26T13:07:44.000Z,no,yes_securities,Yes Securities
yvwrmd,STAGING,2023-12-26T15:20:04.000Z,no,credit_saison,CreditSaison
xoikii,STAGING,2023-12-27T08:40:18.000Z,no,chola_ms_general_insurance,Chola MS General Insurance
yltp3j,STAGING,2023-12-27T12:27:50.000Z,yes,manappuram,Manappuram
7obx3h,STAGING,2023-12-27T19:38:41.000Z,yes,acp_llp,ACP LLP
9x9ijd,STAGING,2023-12-28T06:56:21.000Z,yes,alpyne_tech,Alpyne Tech
3z8tzt,PRODUCTION,2023-12-28T07:00:33.000Z,no,fe_online_20,FE Online 20
abf4oi,STAGING,2023-12-29T05:56:31.000Z,yes,sj_test_2,sj test 2
s6mj7q,PRODUCTION,2024-01-02T08:52:17.000Z,yes,hyperverge_production_systems,HyperVerge Production Systems
u0m8mo,STAGING,2024-01-02T14:18:18.000Z,no,coco_app,Coco App
nrxf2g,STAGING,2024-01-03T09:06:55.000Z,yes,hyperverge_engineering_team,HyperVerge Engineering Team
qjuts2,STAGING,2024-01-03T09:33:40.000Z,no,ba_bootcamp_24,BA Bootcamp '24 
e45fel,STAGING,2024-01-03T11:51:46.000Z,yes,komma,Komma
mz41zv,STAGING,2024-01-03T12:01:14.000Z,yes,1_finance,1 Finance
yhn6uw,STAGING,2024-01-03T12:12:15.000Z,yes,bearcat_solution,Bearcat Solution
44i99r,PRODUCTION,2024-01-04T05:07:50.000Z,no,vodafone,Vodafone
ngpz08,PRODUCTION,2024-01-04T05:25:21.000Z,no,hyperverge_production_systems,HyperVerge Production Systems
txpk04,PRODUCTION,2024-01-04T05:28:30.000Z,no,hyperverge_production_systems,HyperVerge Production Systems
z87wq4,PRODUCTION,2024-01-04T05:28:44.000Z,no,hyperverge_production_systems,HyperVerge Production Systems
5t2yue,PRODUCTION,2024-01-04T05:28:54.000Z,no,hyperverge_production_systems,HyperVerge Production Systems
kbkudf,PRODUCTION,2024-01-04T05:40:50.000Z,no,delta_exchange,Delta Exchange
bthte4,STAGING,2024-01-04T06:07:31.000Z,yes,hyperverge_ai_team,HyperVerge AI Team
6vb3hd,STAGING,2024-01-04T09:34:34.000Z,no,HV,HyperVerge
9rdcrc,STAGING,2024-01-04T09:38:27.000Z,no,HV,HyperVerge
fexxdm,STAGING,2024-01-04T11:40:44.000Z,no,hero_fincorp,Hero Fincorp
x6xunt,STAGING,2024-01-04T16:56:03.000Z,yes,taggr_solutions,Taggr Solutions
vz8mxm,STAGING,2024-01-05T05:41:17.000Z,no,internal_vkyc_test,internal_vkyc_test
lll84p,STAGING,2024-01-05T10:05:53.000Z,no,angel_one,AngelOne
27uer6,STAGING,2024-01-05T12:38:08.000Z,no,mpokket_2023,Mpokket 2023
d5mjus,STAGING,2024-01-05T12:44:21.000Z,yes,as_software_academy,AS Software Academy
b0kbe1,STAGING,2024-01-05T12:45:09.000Z,no,internal_workflow_builder_demo,internal_workflow_builder_demo
blkckz,STAGING,2024-01-05T13:25:57.000Z,no,protium,Protium
zmnms0,STAGING,2024-01-06T16:48:08.000Z,yes,ntt_data_ltd,NTT Data Ltd
qo6w5f,STAGING,2024-01-08T05:26:27.000Z,yes,shopfront_qc,shopfront qc
kwekzj,STAGING,2024-01-08T05:41:48.000Z,yes,zetexa,Zetexa
dnbqqs,PRODUCTION,2024-01-08T07:50:48.000Z,no,rain_platforms,Rain Platforms
u9wufg,STAGING,2024-01-08T09:59:14.000Z,no,safegold,Safegold
u62d8s,PRODUCTION,2024-01-08T10:45:50.000Z,no,hyperverge_production_systems,HyperVerge Production Systems
dwp4b4,PRODUCTION,2024-01-08T11:23:03.000Z,yes,ltfs,LTFS
88f0oz,STAGING,2024-01-09T00:38:53.000Z,no,angel_one,AngelOne
4ckahc,PRODUCTION,2024-01-09T05:50:00.000Z,no,bringgg,Bringgg
02i20e,STAGING,2024-01-09T06:20:13.000Z,no,HV,HyperVerge
9o8w1q,STAGING,2024-01-09T06:21:14.000Z,no,HV,HyperVerge
gnwer3,STAGING,2024-01-09T07:24:10.000Z,no,alt_graaf,altGraaf
93k5m4,STAGING,2024-01-09T09:19:06.000Z,yes,at_release_test_09_01_2023,at_release_test_09_01_2023
drljq7,STAGING,2024-01-09T20:20:09.000Z,no,oona_idn,Oona Indonesia
hv1n2f,PRODUCTION,2024-01-09T20:20:20.000Z,no,oona_idn,Oona Indonesia
v9e4c7,STAGING,2024-01-10T07:06:36.000Z,yes,meta_india,Meta - India
9x64dc,STAGING,2024-01-10T09:43:05.000Z,yes,dexter_internal,dexter internal
y9i9eh,PRODUCTION,2024-01-10T13:23:07.000Z,yes,on_point_legal_leads,On Point Legal Leads
jq23yc,STAGING,2024-01-10T13:49:13.000Z,yes,xbsquared,Xbsquared
k4p5ac,STAGING,2024-01-10T19:11:07.000Z,yes,tradesmart,Tradesmart
c5va3s,STAGING,2024-01-11T12:18:14.000Z,yes,icici_digilocker_testing,ICICI DIGILOCKER TESTING
w2ule6,PRODUCTION,2024-01-11T13:16:17.000Z,no,syngenta,Syngenta
wp1xua,STAGING,2024-01-11T13:36:30.000Z,no,iifl_samasta,IIFL Samasta
l7zrfu,STAGING,2024-01-11T14:33:47.000Z,no,aditya_birla_health_insurance,Aditya Birla Health Insurance
e5rqsr,STAGING,2024-01-11T14:38:33.000Z,yes,native_brands_ng,NativeBrands NG
3cp7xx,STAGING,2024-01-12T08:53:05.000Z,no,royal_sundaram,Royal Sundaram
49k84c,STAGING,2024-01-12T11:36:49.000Z,no,kredete_ng,Kredete NG
qezx6z,STAGING,2024-01-12T11:53:00.000Z,yes,montra_ng,Montra NG
kc860d,STAGING,2024-01-16T05:03:37.000Z,no,zebpay,ZebPay
kbctwg,STAGING,2024-01-16T05:07:39.000Z,yes,sj_test_3,sj test 3
pn9am4,STAGING,2024-01-16T05:09:26.000Z,yes,sj_test_4,sj test 4
u2left,PRODUCTION,2024-01-16T07:05:39.000Z,no,slice,Sun Crypto
f97los,PRODUCTION,2024-01-16T07:22:20.000Z,no,bagic,BAGIC
s8anr7,STAGING,2024-01-16T07:40:36.000Z,yes,monexo,Monexo
ggwvu6,STAGING,2024-01-16T09:05:49.000Z,no,rli,RLI
4t2tud,STAGING,2024-01-16T09:29:19.000Z,yes,sj_test_5,sj test 5
8g6xek,STAGING,2024-01-16T09:35:10.000Z,yes,sj_test_6,sj test 6
u1h7tz,STAGING,2024-01-16T09:49:25.000Z,yes,juleo,Juleo
65cq3f,STAGING,2024-01-16T09:54:06.000Z,no,3_neti,3neti
su965d,STAGING,2024-01-16T13:57:24.000Z,no,smart_coin,SmartCoin
5gn48y,STAGING,2024-01-16T15:23:24.000Z,no,paymadi,Paymadi
4xlref,PRODUCTION,2024-01-17T08:43:36.000Z,no,ccg_bank,CCG Bank
c00qim,PRODUCTION,2024-01-18T02:18:44.000Z,yes,shop_withtin,ShopWithtin
q61dy4,PRODUCTION,2024-01-18T05:25:26.000Z,no,hello_wable,HelloWable
psfnn3,PRODUCTION,2024-01-18T08:57:29.000Z,yes,xgo_nigeria,XGO - Nigeria
fr5esh,STAGING,2024-01-18T09:35:09.000Z,yes,hyperverge_production_systems,HyperVerge Production Systems
ktbhve,STAGING,2024-01-18T09:57:45.000Z,no,veer_chembath,Veer Chembath
9pury3,STAGING,2024-01-18T09:59:06.000Z,yes,metastation,Metastation
2pw7rv,STAGING,2024-01-18T11:34:51.000Z,no,chhavi_choudhary,Chhavi Choudhary
hs0jyr,STAGING,2024-01-18T13:16:27.000Z,no,c_edge,C-Edge
xic0k2,STAGING,2024-01-19T04:51:16.000Z,no,games_kraft_securities,Capmint
ehhef7,STAGING,2024-01-19T10:36:04.000Z,yes,nznm,nznm
0azbd8,STAGING,2024-01-19T11:04:24.000Z,no,aviva_internal,aviva_internal
heteww,STAGING,2024-01-19T11:37:33.000Z,yes,aayush_internal,Aayush Internal
1t7drj,STAGING,2024-01-22T04:31:10.000Z,yes,gs_management,GS Management
uslft3,STAGING,2024-01-22T04:44:50.000Z,no,sachiko_gaming,Sachiko Gaming
ommd6q,STAGING,2024-01-22T06:15:42.000Z,yes,paytm_pb,Paytm PB
67gqdj,STAGING,2024-01-23T08:44:33.000Z,no,ninjacart_new,Ninjacart New
ma454c,STAGING,2024-01-23T09:11:36.000Z,no,shree_maruti,Shree Maruti 
ksywzu,PRODUCTION,2024-01-23T10:33:00.000Z,no,flint,Flint
eozzdl,PRODUCTION,2024-01-23T12:00:00.000Z,no,angel_one,AngelOne
v6oka1,PRODUCTION,2024-01-23T13:11:25.000Z,no,aaritya_technologies,Aaritya Technologies
r2rftd,STAGING,2024-01-24T05:56:42.000Z,no,united_india_insurance,United India Insurance
bqr2z1,STAGING,2024-01-24T08:44:24.000Z,no,workflow_builder_developer_team,Workflow Builder Developer Team
w4p07l,PRODUCTION,2024-01-25T02:05:43.000Z,yes,hana_gold,Hana Gold
79f9rc,PRODUCTION,2024-01-25T05:31:27.000Z,no,pokerbaazi,PokerBaazi
cbbzmd,PRODUCTION,2024-01-25T05:35:45.000Z,no,live_trade,live-trade
5iizlq,STAGING,2024-01-25T06:46:33.000Z,yes,suryodaybank,suryodaybank
p0vp0z,PRODUCTION,2024-01-25T11:57:57.000Z,no,poonawallafincorp_ltd,poonawallafincorp ltd
uf9fmm,STAGING,2024-01-25T13:30:56.000Z,yes,piramal_finance,Piramal Finance
okkk6e,STAGING,2024-01-26T06:56:41.000Z,yes,fountain,Fountain
ldmolr,STAGING,2024-01-29T05:31:33.000Z,yes,at_nda_test_29_01,at_nda_test_29_01
nj7zfd,PRODUCTION,2024-01-29T05:55:07.000Z,yes,global_surveys,Global Surveys
qrbods,PRODUCTION,2024-01-29T13:21:26.000Z,no,paymadi,Paymadi
za1g52,STAGING,2024-01-29T16:02:14.000Z,yes,real_close_app,RealClose App
iostct,STAGING,2024-01-30T04:13:45.000Z,yes,nteams,Nteams
mzdpmo,PRODUCTION,2024-01-30T07:52:02.000Z,no,rentenpe,Rentenpe
yvu5zh,PRODUCTION,2024-01-30T08:03:45.000Z,yes,hana_gold,Hana Gold
qvpj3d,STAGING,2024-01-30T08:31:53.000Z,yes,highway_delite,Highway Delite 
2pp7li,PRODUCTION,2024-01-30T10:58:19.000Z,no,stashfin,Stashfin
8jent2,STAGING,2024-01-30T11:06:43.000Z,yes,trusted_hands,Trusted Hands
kw8agq,STAGING,2024-01-30T11:10:42.000Z,yes,aviral_test,aviral_test
o4b584,PRODUCTION,2024-01-30T11:50:53.000Z,yes,mo_e_ving,MoEVing
hidl5j,STAGING,2024-01-30T14:49:37.000Z,yes,norrenberger_ng,Norrenberger NG
xtd69m,STAGING,2024-01-31T06:17:02.000Z,yes,bajajfinserv_in,bajajfinserv.in
eow41l,STAGING,2024-01-31T08:48:27.000Z,no,finx,FinX
znway7,STAGING,2024-01-31T10:15:42.000Z,no,koin_bx,KoinBX
wqalr8,PRODUCTION,2024-01-31T12:14:56.000Z,no,wintwealth,WintWealth
tl61es,PRODUCTION,2024-01-31T13:00:42.000Z,yes,flexi_loans,Flexiloans
46338h,PRODUCTION,2024-01-31T13:03:34.000Z,no,flexi_loans,Flexiloans
yv5197,PRODUCTION,2024-01-31T13:22:23.000Z,no,dexter_internal,dexter internal
0chp8e,STAGING,2024-02-01T05:10:06.000Z,yes,kissht,Kissht
71xwh4,STAGING,2024-02-01T05:16:33.000Z,yes,kissht,Kissht
9a62db,STAGING,2024-02-01T05:23:38.000Z,yes,kissht,Kissht
2po9o3,STAGING,2024-02-01T12:48:50.000Z,no,renmoney_ng,Renmoney NG
u53uyc,STAGING,2024-02-01T13:01:16.000Z,no,ba_interns_2024,BA Interns 2024
kzqawk,STAGING,2024-02-01T15:01:06.000Z,yes,at_prod_01_02,at_prod_01_02_
9g2p51,STAGING,2024-02-01T15:03:50.000Z,yes,at_prod_01_02_1,at_prod_01_02_1
htw1g1,PRODUCTION,2024-02-02T06:01:29.000Z,no,nira_finance,NIRA Finance
g009ww,PRODUCTION,2024-02-02T06:01:57.000Z,yes,eduvanz,Eduvanz
zc56rj,STAGING,2024-02-02T06:10:40.000Z,yes,at_prod_01_02_2,at_prod_01_02_2
ptq75o,STAGING,2024-02-02T06:58:13.000Z,yes,blink_it,blinkIt
5iu4rc,STAGING,2024-02-02T09:34:14.000Z,no,talentrack,Talentrack
avi4zy,STAGING,2024-02-02T10:25:25.000Z,yes,sub-k_impact_solutions_ltd,Sub-K Impact Solutions Ltd
dqsm4i,STAGING,2024-02-02T10:29:22.000Z,yes,sub_k_impact_solutions_new_evaluation_2024,Sub K Impact Solutions- New Evaluation- 2024
w4z0zh,STAGING,2024-02-02T11:37:37.000Z,no,sbi_bank,SBI Bank
6rfy86,STAGING,2024-02-06T05:49:57.000Z,no,united_india_insurance,United India Insurance
ygtp1i,STAGING,2024-02-06T06:15:22.000Z,no,quick_ride,QuickRide
0d6u8o,STAGING,2024-02-06T06:47:46.000Z,no,advancly_ng,Advancly NG
v8j9ot,PRODUCTION,2024-02-06T08:40:48.000Z,no,credit_saison,CreditSaison
6srgf1,STAGING,2024-02-06T10:11:05.000Z,no,j_k_grameen_bank,J&K Grameen Bank
14il48,STAGING,2024-02-06T10:57:44.000Z,yes,wazirx,WazirX
fag8le,STAGING,2024-02-06T12:34:51.000Z,yes,fountain_kyc,Fountain_KYC
oi2eqs,PRODUCTION,2024-02-06T12:49:27.000Z,yes,mahindra_financial_services,Mahindra Financial Services
c01njb,STAGING,2024-02-07T05:42:40.000Z,no,satclassic,Satclassic
hw5w9k,PRODUCTION,2024-02-07T09:23:46.000Z,no,alt_graaf,altGraaf
vwf5c9,STAGING,2024-02-07T12:09:12.000Z,yes,sj_prod_test_feb_7,sjProdTestFeb7
dkcr9k,STAGING,2024-02-07T15:18:10.000Z,yes,febtest_07,febtest07
jrpnmu,STAGING,2024-02-07T17:08:19.000Z,no,hyperverge_engineering_team,HyperVerge Engineering Team
048ujp,STAGING,2024-02-08T06:29:32.000Z,no,hyperverge_engineering_team,HyperVerge Engineering Team
mfiarn,STAGING,2024-02-08T06:37:29.000Z,yes,ullupay,Ullupay
sdc6ln,STAGING,2024-02-08T07:26:59.000Z,yes,delhivery_new,Delhivery_New
xb598l,STAGING,2024-02-08T08:58:50.000Z,no,HV,HyperVerge
qv8rao,STAGING,2024-02-08T10:33:55.000Z,yes,shipway,Shipway 
q6222k,PRODUCTION,2024-02-08T12:28:12.000Z,yes,sameeksha_capital,Sameeksha Capital
o71mjw,STAGING,2024-02-08T13:03:39.000Z,yes,griffy,Griffy
lz37ki,PRODUCTION,2024-02-09T06:49:50.000Z,no,united_india_insurance,United India Insurance
yqb2lz,STAGING,2024-02-09T06:50:01.000Z,no,new_india_assurance,New India Assurance
3g4x28,PRODUCTION,2024-02-09T06:50:07.000Z,no,new_india_assurance,New India Assurance
hmajh2,STAGING,2024-02-09T06:50:16.000Z,no,tata_aig,Tata AIG
fbyhg6,PRODUCTION,2024-02-09T06:50:22.000Z,no,tata_aig,Tata AIG
i8qc2a,STAGING,2024-02-09T06:50:28.000Z,no,chola_ms_general_insurance,Chola MS General Insurance
v4s6gf,PRODUCTION,2024-02-09T06:50:34.000Z,no,chola_ms_general_insurance,Chola MS General Insurance
erk3ch,STAGING,2024-02-09T06:50:40.000Z,no,universal_sompo,UniversalSompo
wgti1k,PRODUCTION,2024-02-09T06:50:47.000Z,no,universal_sompo,UniversalSompo
k0a8vg,STAGING,2024-02-09T06:50:52.000Z,no,magma_hdi,Magma HDI - CKYC (Upload + Download)
wdqshj,PRODUCTION,2024-02-09T06:50:56.000Z,yes,hero_insurance_broking,Hero Insurance Broking
q092uw,PRODUCTION,2024-02-09T06:51:16.000Z,no,magma_hdi,Magma HDI - CKYC (Upload + Download)
cas2ow,PRODUCTION,2024-02-09T09:39:37.000Z,no,smallcase_lamf,Smallcase_LAMF
0mo0bl,STAGING,2024-02-09T12:48:08.000Z,yes,kesatriakeyboard,Kesatriakeyboard
h044f0,STAGING,2024-02-11T12:57:27.000Z,yes,hyperverge_integrations_team,HyperVerge Integrations Team
kqg571,PRODUCTION,2024-02-11T21:47:30.000Z,yes,taxnodes,Taxnodes
9604nw,STAGING,2024-02-12T06:46:41.000Z,yes,wise_x,WiseX
rpi3jb,STAGING,2024-02-12T07:08:55.000Z,no,timon_cards,Timon Cards
f198we,STAGING,2024-02-12T10:17:55.000Z,yes,zenifi,Zenifi
vbxih5,PRODUCTION,2024-02-12T10:43:55.000Z,no,shree_maruti,Shree Maruti 
89ia83,PRODUCTION,2024-02-12T10:59:57.000Z,no,sachiko_gaming,Sachiko Gaming
cccnv2,STAGING,2024-02-12T11:23:30.000Z,yes,dreamline_productions,Dreamline Productions
ohp3me,PRODUCTION,2024-02-12T11:26:28.000Z,yes,gameskraft,Gameskraft
jbfply,STAGING,2024-02-12T15:04:40.000Z,yes,tata_capital,Tata Capital
uko18z,STAGING,2024-02-12T15:08:59.000Z,no,tata_capital,Tata Capital
5mye1s,PRODUCTION,2024-02-12T15:09:06.000Z,no,tata_capital,Tata Capital
sy2s38,STAGING,2024-02-12T15:09:43.000Z,yes,tata_capital,Tata Capital
1iy2vy,PRODUCTION,2024-02-12T15:09:49.000Z,no,tata_capital,Tata Capital
cgbg3t,STAGING,2024-02-12T15:10:21.000Z,no,tata_capital,Tata Capital
9l7ycp,PRODUCTION,2024-02-12T15:10:27.000Z,no,tata_housing,Tata Housing
9fvpd6,STAGING,2024-02-12T15:10:57.000Z,yes,tata_capital,Tata Capital
55j8fc,PRODUCTION,2024-02-12T15:11:04.000Z,yes,tata_capital,Tata Capital
nknh5e,STAGING,2024-02-12T15:13:59.000Z,yes,tata_capital,Tata Capital
4m6yga,STAGING,2024-02-12T17:07:52.000Z,yes,enfin_us,Enfin - US
x4jw4s,STAGING,2024-02-13T12:32:48.000Z,yes,xpressbees,Xpressbees
ykovdd,STAGING,2024-02-13T12:43:23.000Z,yes,icici_global,ICICI Global
ftej1f,STAGING,2024-02-14T06:13:05.000Z,yes,branch_india,Branch India
nvxlm8,PRODUCTION,2024-02-14T07:20:02.000Z,yes,goldbck,Goldbck
u6soh5,STAGING,2024-02-14T08:01:16.000Z,no,home_credit_india,Home Credit India
rwbw8w,STAGING,2024-02-14T08:08:13.000Z,yes,bowled_io,Bowled.io
8olhgg,STAGING,2024-02-14T10:37:30.000Z,yes,tally_solutions,Tally Solutions
1z913g,STAGING,2024-02-14T13:38:30.000Z,yes,bidryde,Bidryde
0hyzs2,STAGING,2024-02-14T15:26:13.000Z,no,infliv_cryptoswap,Infliv_Cryptoswap
1y5z2m,STAGING,2024-02-14T17:24:24.000Z,yes,oona_insurance,Oona Insurance
115dhs,STAGING,2024-02-14T17:24:45.000Z,yes,oona_insurance,Oona Insurance
we68mb,STAGING,2024-02-15T06:44:29.000Z,no,dslr_wala,DSLRWala
ohnmf1,STAGING,2024-02-15T09:46:21.000Z,yes,asset_plus_feb_2024,AssetPlus Feb 2024
cy5i4o,STAGING,2024-02-15T13:52:24.000Z,yes,market_feedback_co,Market Feedback Co.
pgrl2n,STAGING,2024-02-15T14:03:07.000Z,no,pay_u,PayU
kr2b3w,STAGING,2024-02-15T14:03:28.000Z,no,pay_u,PayU
c92fcg,STAGING,2024-02-15T22:07:20.000Z,no,vodafone,Vodafone
ezjrqj,STAGING,2024-02-16T04:28:32.000Z,yes,lcbg_tech,LCBG Tech
ptrg6s,STAGING,2024-02-16T04:47:30.000Z,yes,torque_insurance,Torque Insurance
v7vras,PRODUCTION,2024-02-16T06:43:02.000Z,no,smart_coin,SmartCoin
q9ro0n,STAGING,2024-02-16T08:38:33.000Z,yes,bondbazaar_securities_private_limited,Bondbazaar Securities Private Limited
j5qn10,STAGING,2024-02-16T11:37:13.000Z,no,indiabulls_dhani,Indiabulls Dhani
jiym6x,PRODUCTION,2024-02-19T05:30:40.000Z,no,refyne,Refyne
3mt2a6,STAGING,2024-02-19T07:46:19.000Z,no,reliance,Reliance 
b2p2qs,STAGING,2024-02-19T11:51:08.000Z,no,ne_bank,Ne Bank
ffickv,STAGING,2024-02-20T05:21:03.000Z,no,finsall,Finsall
ot3lrn,STAGING,2024-02-20T07:50:37.000Z,yes,buhay_phl,Buhay PHL
ffjubu,STAGING,2024-02-20T09:04:12.000Z,yes,wall_street_finance,Wall Street Finance
rokltg,STAGING,2024-02-20T10:27:10.000Z,yes,efl_co_in,efl.co.in
yu9ga9,PRODUCTION,2024-02-20T12:05:18.000Z,no,united_india_insurance,United India Insurance
gqj6hd,PRODUCTION,2024-02-20T12:29:13.000Z,no,c_edge,C-Edge
b4rua2,PRODUCTION,2024-02-20T12:55:15.000Z,no,reliance,Reliance 
ssh8q4,STAGING,2024-02-21T07:57:53.000Z,no,novactech_in,novactech.in
kocw3u,STAGING,2024-02-21T13:13:05.000Z,yes,onafriq_ng,Onafriq NG
qd0gea,STAGING,2024-02-21T13:24:02.000Z,yes,specs_studio_phl,Specs Studio PHL
0bssy9,STAGING,2024-02-22T06:36:50.000Z,no,chola_finance,Chola Finance
9yo891,PRODUCTION,2024-02-22T06:37:02.000Z,no,chola_finance,Chola Finance
hp3vh4,STAGING,2024-02-22T11:54:27.000Z,no,hyperverge_support_team,HyperVerge Support Team
z5xdwb,STAGING,2024-02-26T05:16:26.000Z,yes,hyper_verge_business_team_philippines,HyperVerge Business Team - Philippines
sl3zms,STAGING,2024-02-26T06:40:19.000Z,no,icici_bank,ICICI Bank
ylby2c,STAGING,2024-02-26T07:36:30.000Z,yes,airtel_payments_bank,Airtel Payments Bank
gvxnft,PRODUCTION,2024-02-26T08:20:39.000Z,no,finx,FinX
iw63k0,STAGING,2024-02-26T11:38:30.000Z,no,lighthouse_learning,Lighthouse learning
tf09ki,STAGING,2024-02-26T12:06:28.000Z,no,HV,HyperVerge
4h4iqj,STAGING,2024-02-26T12:45:23.000Z,no,HV,HyperVerge
xtv7g4,STAGING,2024-02-26T13:11:25.000Z,no,HV,HyperVerge
1kyrpy,STAGING,2024-02-26T14:06:52.000Z,no,get_pi,GetPi
svv4o4,STAGING,2024-02-26T17:07:59.000Z,no,5paisa,5paisa
jde17p,PRODUCTION,2024-02-26T18:19:52.000Z,no,hero_fincorp,Hero Fincorp
lat5nx,PRODUCTION,2024-02-27T11:57:58.000Z,no,satclassic,Satclassic
e2b3jg,STAGING,2024-02-27T11:59:32.000Z,yes,eroute,Eroute 
7axkkc,PRODUCTION,2024-02-28T08:43:55.000Z,yes,ullupay,Ullupay
ben75j,PRODUCTION,2024-02-28T09:00:59.000Z,no,finsall,Finsall
qctlhs,PRODUCTION,2024-02-28T13:07:26.000Z,no,we_trust_crow,WeTrust Crow
2u4ftq,STAGING,2024-02-28T21:12:28.000Z,no,hero_fincorp,Hero Fincorp
iekq8a,STAGING,2024-02-29T11:55:01.000Z,yes,niro_money,Niro Money
vjgzvn,STAGING,2024-03-01T03:38:43.000Z,no,cathay_vietnam,Cathay Vietnam
wxtk7h,PRODUCTION,2024-03-01T10:17:15.000Z,no,anchorage_finkred,Anchorage Finkred
iw5zpl,PRODUCTION,2024-03-01T10:30:34.000Z,no,head_digital_works,Head Digital Works
ov44mg,STAGING,2024-03-01T11:43:49.000Z,yes,jio_games,Jio Games
jf8di6,PRODUCTION,2024-03-04T04:18:07.000Z,yes,hyperverge_workflows_test_4,Hyperverge workflows test 4
wjqtuh,STAGING,2024-03-04T06:12:00.000Z,no,aubank_in,aubank.in
qemzd8,STAGING,2024-03-04T06:46:04.000Z,yes,ron_li,RonLi
cgxpur,STAGING,2024-03-04T07:25:47.000Z,yes,vmogroup.com,Vmogroup Com
j43uye,PRODUCTION,2024-03-04T08:27:09.000Z,no,sayf,SayF
txcx8v,STAGING,2024-03-04T10:51:20.000Z,yes,axissecurities_in,axissecurities.in
yjc7m6,STAGING,2024-03-04T15:13:39.000Z,no,payoneer,Payoneer
xeg1y3,PRODUCTION,2024-03-05T07:57:37.000Z,yes,hv_workflows_testing,HV Workflows Testing
g1bnzj,PRODUCTION,2024-03-05T07:57:48.000Z,yes,hv_workflows_testing,HV Workflows Testing
k3g0n8,PRODUCTION,2024-03-05T07:57:51.000Z,yes,hv_workflows_testing,HV Workflows Testing
abkc8d,PRODUCTION,2024-03-05T07:57:54.000Z,yes,hv_workflows_testing,HV Workflows Testing
90fdfb,STAGING,2024-03-05T08:06:31.000Z,no,hyperverge_engineering_team,HyperVerge Engineering Team
kujfi8,STAGING,2024-03-05T08:32:18.000Z,yes,bhartiaxa_com,bhartiaxa.com
qmngc6,PRODUCTION,2024-03-05T08:38:11.000Z,yes,airtel_payments_bank,Airtel Payments Bank
lwmcp1,STAGING,2024-03-05T08:50:57.000Z,yes,lilypad,Lilypad
fz54f8,PRODUCTION,2024-03-05T09:15:02.000Z,yes,airtel_payments_bank,Airtel Payments Bank
n3b8wu,STAGING,2024-03-05T11:32:52.000Z,yes,91_springboard,91 Springboard
r4hub2,STAGING,2024-03-05T11:42:35.000Z,no,fair_money_nigeria,FairMoney - Nigeria
wjdmwj,STAGING,2024-03-06T02:51:01.000Z,yes,eco_finance_phl,EcoFinance PHL
5kcak6,STAGING,2024-03-06T05:05:07.000Z,no,sycamore_nigeria,Sycamore Integrated Solutions Limited
smlci6,STAGING,2024-03-06T06:31:10.000Z,no,city_furnish,CityFurnish
xm4b9g,STAGING,2024-03-06T07:14:55.000Z,yes,godrej_properties,Godrej Properties
5y8tgt,STAGING,2024-03-06T12:19:58.000Z,no,vfs_global,VFS Global
9snft7,PRODUCTION,2024-03-07T04:35:43.000Z,no,hero_fincorp,Hero Fincorp
hoap85,STAGING,2024-03-08T06:10:03.000Z,yes,clothing_click,ClothingClick
vms8dp,STAGING,2024-03-08T09:43:04.000Z,yes,progcap,Progcap
5i9jh8,STAGING,2024-03-08T12:04:20.000Z,yes,fingertip,Fingertip
4pa877,STAGING,2024-03-09T08:39:14.000Z,no,hero_fincorp,Hero Fincorp
eatk4v,STAGING,2024-03-11T10:37:53.000Z,yes,sfa_play,SFA PLAY
ko2ynu,STAGING,2024-03-11T10:40:53.000Z,no,h_bits,hBits
micxyl,STAGING,2024-03-11T11:02:08.000Z,no,ambak,Ambak
7fw14l,PRODUCTION,2024-03-11T13:15:25.000Z,yes,incred_money,Incred Money
g3uwjs,PRODUCTION,2024-03-12T05:09:48.000Z,no,internal_workflow_builder_demo,internal_workflow_builder_demo
lsn6pc,STAGING,2024-03-12T05:34:14.000Z,yes,vodafone,Vodafone
ngfjzz,STAGING,2024-03-12T05:53:03.000Z,no,money_tap,MoneyTap
tgnxvd,STAGING,2024-03-12T06:09:27.000Z,no,HV,HyperVerge
y9xh62,STAGING,2024-03-12T06:11:33.000Z,no,tata_capital,Tata Capital
w271nz,PRODUCTION,2024-03-12T07:03:20.000Z,no,kredete_ng,Kredete NG
gbqa31,PRODUCTION,2024-03-12T07:04:58.000Z,yes,tata_capital,Tata Capital
s6uyov,PRODUCTION,2024-03-12T07:07:34.000Z,no,tata_capital,Tata Capital
98hpsb,STAGING,2024-03-12T07:08:18.000Z,yes,tata_capital,Tata Capital
0sq0sp,STAGING,2024-03-12T07:09:06.000Z,yes,tata_capital,Tata Capital
9s8cgu,PRODUCTION,2024-03-12T07:09:17.000Z,yes,tata_capital,Tata Capital
s62cmm,STAGING,2024-03-12T07:09:35.000Z,no,ltfs,LTFS
7f0yf1,PRODUCTION,2024-03-12T08:29:30.000Z,no,incred_money,Incred Money
d9icqf,STAGING,2024-03-12T08:30:07.000Z,no,hero_fincorp,Hero Fincorp
2uwx7f,STAGING,2024-03-12T08:40:53.000Z,yes,blu_swap,BluSwap
4diwz4,PRODUCTION,2024-03-12T08:57:48.000Z,no,payswiff,Payswiff
lcx99y,PRODUCTION,2024-03-12T09:02:18.000Z,yes,sj_prod_test_feb_7,sjProdTestFeb7
eo56mu,PRODUCTION,2024-03-12T09:47:16.000Z,yes,blu_swap,BluSwap
jkpriu,STAGING,2024-03-12T10:59:38.000Z,yes,salt_pe,Salt.pe
lups5a,STAGING,2024-03-12T11:11:09.000Z,no,chatravas,Chatravas
f49ujv,PRODUCTION,2024-03-12T12:12:01.000Z,no,cred,CRED
9ntx2i,STAGING,2024-03-13T11:14:32.000Z,no,hyperverge_cyraacs_team_testing,hyperverge_cyraacs_team_testing
eab0dq,STAGING,2024-03-13T12:15:37.000Z,no,groww_amc,Groww AMC
koqm7e,PRODUCTION,2024-03-13T12:24:31.000Z,yes,of_business,Of Business
38x968,STAGING,2024-03-14T08:44:00.000Z,yes,saaspay,Saaspay
f61lwe,STAGING,2024-03-14T16:11:03.000Z,yes,yes_bank,Yes Bank
j56am0,STAGING,2024-03-15T05:48:13.000Z,no,tata_capital,Tata Capital
ls1enp,PRODUCTION,2024-03-15T05:48:23.000Z,yes,tata_capital,Tata Capital
29y6cn,STAGING,2024-03-15T05:48:33.000Z,no,tata_capital,Tata Capital
ylpxo7,PRODUCTION,2024-03-15T05:48:39.000Z,no,tata_capital,Tata Capital
w0jnr7,STAGING,2024-03-15T05:58:53.000Z,yes,axisbank,axisbank
lla78q,STAGING,2024-03-15T07:18:38.000Z,no,paytm_money,Paytm Money
p9511p,STAGING,2024-03-15T13:19:22.000Z,yes,payrupya,payrupya
d64qq1,STAGING,2024-03-18T06:02:49.000Z,no,acko_life_insurance,Acko Life Insurance
jl96m8,STAGING,2024-03-18T07:11:36.000Z,no,vivriti_capital,Vivriti Capital
4m9maa,STAGING,2024-03-18T08:05:41.000Z,yes,at_test_18_mar_1,at_test_18_mar_1
z0qigv,PRODUCTION,2024-03-18T08:11:11.000Z,yes,at_test_18_mar_1,at_test_18_mar_1
bj2q9w,PRODUCTION,2024-03-18T08:12:27.000Z,yes,at_test_18_mar_1,at_test_18_mar_1
39w7ug,STAGING,2024-03-18T09:30:49.000Z,no,hyperverge_integrations_team,HyperVerge Integrations Team
rif98u,STAGING,2024-03-18T09:50:37.000Z,yes,c_edge,C-Edge
u1hilb,PRODUCTION,2024-03-18T10:02:28.000Z,yes,monexo,Monexo
6im7cp,STAGING,2024-03-18T10:37:40.000Z,yes,fampay,Fampay
0tvacj,STAGING,2024-03-18T11:25:40.000Z,yes,edelweiss_tokio_ocr,Edelweiss Tokio - OCR
9soc9d,PRODUCTION,2024-03-18T11:29:51.000Z,no,hyperverge_production_systems,HyperVerge Production Systems
dfnk74,STAGING,2024-03-18T12:10:24.000Z,no,justpe,Justpe
tmdhyd,STAGING,2024-03-18T16:13:44.000Z,no,namma_yatri_juspay,Namma Yatri (Juspay)
nzduok,STAGING,2024-03-19T02:20:48.000Z,yes,Karma_life,KarmaLife
wqx60d,STAGING,2024-03-19T02:22:13.000Z,yes,hike,Hike
oxj8ad,STAGING,2024-03-19T07:09:36.000Z,yes,dubai_police_hq,Dubai Police HQ
t8aulz,STAGING,2024-03-20T06:46:29.000Z,yes,spring_verify,SpringVerify
9n42kn,PRODUCTION,2024-03-20T07:46:30.000Z,no,acko_life_insurance,Acko Life Insurance
ordmwo,PRODUCTION,2024-03-20T09:54:32.000Z,no,chola_ms_general_insurance,Chola MS General Insurance
s29mz6,PRODUCTION,2024-03-20T12:48:25.000Z,no,go_yubi,Go Yubi
7hhdl7,PRODUCTION,2024-03-20T12:48:35.000Z,yes,go_yubi,Go Yubi
18gr9f,PRODUCTION,2024-03-20T15:23:49.000Z,no,renmoney_ng,Renmoney NG
1xu6sd,PRODUCTION,2024-03-20T15:39:48.000Z,no,travelexic testing credentials,travelexic testing credentials
cc98tu,PRODUCTION,2024-03-21T06:09:34.000Z,no,pay_u,PayU
xtehu3,STAGING,2024-03-21T08:53:44.000Z,no,hyperverge_engineering_webapp_testing_client,hyperverge_engineering_webapp_testing_client
teqowd,PRODUCTION,2024-03-21T12:00:52.000Z,no,finx,FinX
s1uayh,STAGING,2024-03-22T05:01:51.000Z,yes,sterling_bank_ng_baa_s_team,Sterling Bank NG - BaaS Team
snlm7s,STAGING,2024-03-22T07:20:11.000Z,yes,coingini,Coingini
tfbsu8,STAGING,2024-03-22T11:48:37.000Z,no,pay_u,PayU
lr52ve,STAGING,2024-03-22T14:48:01.000Z,no,sterling_bank,SterlingBank
wxd873,PRODUCTION,2024-03-23T13:38:38.000Z,no,aimtoget_ng,Aimtoget NG
x7gfp7,PRODUCTION,2024-03-26T09:05:27.000Z,yes,mahindra_auto_loans,Mahindra Auto Loans 
fgnf99,PRODUCTION,2024-03-26T10:39:33.000Z,yes,arihant_plus,Arihant Plus
4r6k0i,STAGING,2024-03-26T12:42:00.000Z,no,thetopclassentertainment,thetopclassentertainment
8t0834,PRODUCTION,2024-03-26T15:12:39.000Z,no,royal_sundaram,Royal Sundaram
fhfg8t,STAGING,2024-03-27T04:17:27.000Z,no,inocyx_nft,Inocyx_nft
utihjm,STAGING,2024-03-27T05:27:10.000Z,yes,vapt_client_1,VAPT Client 1
tojwq6,STAGING,2024-03-27T05:27:50.000Z,yes,vapt_client_2,VAPT Client 2
h0fcmn,STAGING,2024-03-27T05:28:32.000Z,yes,vapt_client_1,VAPT Client 1
y2imb6,STAGING,2024-03-27T05:32:46.000Z,yes,vapt_client_1,VAPT Client 1
fi1pmc,STAGING,2024-03-27T06:01:13.000Z,no,module_builder_dev_team,Module Builder - Dev Team
8tn1nt,STAGING,2024-03-27T06:50:00.000Z,yes,kredivo,Kredivo
b5kkgp,PRODUCTION,2024-03-27T08:41:05.000Z,no,labour_home_india,LabourHomeIndia
pf5awl,STAGING,2024-03-27T09:26:15.000Z,no,policy_boss,PolicyBoss
8yxvku,STAGING,2024-03-27T12:09:58.000Z,yes,after_life,After Life
a712pi,STAGING,2024-03-28T07:17:00.000Z,yes,interview_exam,Interview Exam
7pmeqj,STAGING,2024-03-28T11:31:57.000Z,yes,flavio_india,Flavio India
yg992r,STAGING,2024-03-28T11:36:08.000Z,yes,razor_pay,RazorPay
bz97tr,STAGING,2024-03-28T11:43:18.000Z,no,hdfc_securities,HDFC Securities
7fnix3,PRODUCTION,2024-03-28T11:52:59.000Z,yes,lilypad,Lilypad
tytu66,PRODUCTION,2024-03-28T12:28:09.000Z,yes,timon_cards,Timon Cards
tvp3vt,STAGING,2024-03-29T08:03:56.000Z,yes,iifco_tokio,IIFCO Tokio
2h4roh,PRODUCTION,2024-04-01T05:17:25.000Z,no,pay_u,PayU
9qdqxf,PRODUCTION,2024-04-01T06:34:46.000Z,yes,hd_bank,HD Bank
1x000f,PRODUCTION,2024-04-01T08:36:58.000Z,no,pay_u,PayU
qlp5mv,STAGING,2024-04-01T11:36:12.000Z,no,neofi,Neofi
3ufuz1,STAGING,2024-04-01T13:02:29.000Z,yes,rupee_quicker,Rupee Quicker
qrbttt,PRODUCTION,2024-04-02T04:34:15.000Z,no,hero_fincorp,Hero Fincorp
tt6i0k,STAGING,2024-04-02T05:55:35.000Z,yes,pluto_webs,PlutoWebs
grwrg8,STAGING,2024-04-02T07:00:39.000Z,no,karbon_card,KarbonCard
kda4f4,STAGING,2024-04-02T07:51:23.000Z,no,swastika_investmart,Swastika Investmart
9ufwps,STAGING,2024-04-02T09:54:52.000Z,no,park_plus,Park Plus
f8xaij,STAGING,2024-04-02T11:59:52.000Z,no,trusty_money,Trusty Money
nxz9m0,PRODUCTION,2024-04-02T13:18:53.000Z,no,ne_bank,Ne Bank
w4nzzt,STAGING,2024-04-02T13:30:41.000Z,yes,pro_horizon,ProHorizon Digitech
q5s6yc,STAGING,2024-04-03T02:05:28.000Z,yes,rootopia,Rootopia
0mzf6i,STAGING,2024-04-03T07:18:17.000Z,yes,drife,Drife
14mtve,STAGING,2024-04-03T08:27:15.000Z,yes,makemynda,makemynda
mqikn8,PRODUCTION,2024-04-03T11:31:32.000Z,yes,at_prod_test_09_11_1,at-prod-test-09-11-1
j1meo8,STAGING,2024-04-03T13:08:21.000Z,yes,panamax,Panamax
j8lwpt,STAGING,2024-04-05T05:06:37.000Z,no,hyperverge_integrations_team,HyperVerge Integrations Team
zdl3so,PRODUCTION,2024-04-05T12:15:14.000Z,no,the_finger_tip,The Finger Tip
nw38va,STAGING,2024-04-05T14:07:56.000Z,yes,grade_capital,Grade Capital
oyyevz,STAGING,2024-04-08T06:26:09.000Z,yes,workflow_test,workflow test
51nd4i,STAGING,2024-04-08T07:59:17.000Z,yes,kodukku_com,Kodukku.com
tnbdm7,STAGING,2024-04-08T09:38:14.000Z,yes,kotak_life_insurance,Kotak Life insurance
8g78i6,STAGING,2024-04-08T10:51:38.000Z,yes,robylon,robylon
h758x8,PRODUCTION,2024-04-08T13:37:35.000Z,no,j_k_grameen_bank,J&K Grameen Bank
uvq8d3,STAGING,2024-04-09T09:25:17.000Z,yes,hd_bank,HD Bank
an85st,PRODUCTION,2024-04-10T10:41:35.000Z,yes,blu_swap,BluSwap
2sxu84,STAGING,2024-04-10T11:36:18.000Z,yes,batball_11,Batball11
4ad5lq,STAGING,2024-04-10T13:16:50.000Z,yes,lesoko,Lesoko
chpjib,STAGING,2024-04-12T04:14:42.000Z,no,vmg,vmg
4wpxh0,STAGING,2024-04-12T04:18:13.000Z,yes,efl,efl
jz0sbw,PRODUCTION,2024-04-12T08:51:35.000Z,no,vodafone,Vodafone
hbqoiz,PRODUCTION,2024-04-12T09:06:17.000Z,no,rentenpe,Rentenpe
rmngxl,STAGING,2024-04-12T12:24:06.000Z,yes,alphadroid,Alphadroid
ngvsyc,STAGING,2024-04-15T05:33:27.000Z,no,fatakpay,FatakPay
ecv6qs,STAGING,2024-04-15T06:14:47.000Z,no,c_edge,C-Edge
kuermc,PRODUCTION,2024-04-15T06:54:46.000Z,yes,fampay,Fampay
90evmu,STAGING,2024-04-15T07:20:05.000Z,yes,monk_tech_labs,MonkTechLabs
1eo8eq,STAGING,2024-04-15T07:22:04.000Z,yes,orbitech,orbitech
dbq2di,STAGING,2024-04-15T11:03:13.000Z,no,workflow_builder_sa_ie_team,Workflow builder SA IE Team
nfpcvy,STAGING,2024-04-15T11:05:06.000Z,no,workflow_builder_misc,Workflow builder misc
48ag3u,STAGING,2024-04-15T11:29:59.000Z,no,oona_philippines,Oona Philippines
kovc6n,STAGING,2024-04-15T11:56:49.000Z,yes,aliceblue,Aliceblue
igipoz,STAGING,2024-04-15T14:51:40.000Z,no,lenden_club,Lenden Club
82ars8,STAGING,2024-04-16T10:24:59.000Z,yes,technology_one_corp,TechnologyOneCorp
bwo99r,STAGING,2024-04-16T10:37:46.000Z,yes,oolka,Oolka
gvwdm4,STAGING,2024-04-16T12:35:19.000Z,yes,sbi_cards,SBI Cards
aoxi6h,STAGING,2024-04-17T07:33:22.000Z,yes,spring_money,Spring Money
ltaxbe,STAGING,2024-04-17T08:25:40.000Z,yes,data_flow_group,DataFlow Group
crzn3t,PRODUCTION,2024-04-17T09:41:01.000Z,no,doshaheen_deeppulse,Doshaheen (Deeppulse)
5aupni,PRODUCTION,2024-04-17T10:34:48.000Z,no,aventus_group,Aventus Group
zbxl9x,STAGING,2024-04-18T05:27:46.000Z,yes,cordelia_cruises,Cordelia Cruises
htnqzd,STAGING,2024-04-18T10:48:09.000Z,yes,gameskraft,Gameskraft
1ghh1m,STAGING,2024-04-18T13:49:05.000Z,no,sterling_bank,SterlingBank
4aw7jr,STAGING,2024-04-18T14:21:54.000Z,no,curaa,Curaa
69kv0m,PRODUCTION,2024-04-19T08:29:51.000Z,no,get_pi,GetPi
lx52zh,STAGING,2024-04-19T09:10:29.000Z,no,shb_finance,SHB Finance
rjk3fv,PRODUCTION,2024-04-19T11:32:27.000Z,no,fibmesh,Fibmesh
y7kb1f,STAGING,2024-04-19T13:49:29.000Z,yes,awign,Awign
tm6wmp,STAGING,2024-04-22T04:18:19.000Z,yes,payufin.com,Payufin Com
o2em0e,PRODUCTION,2024-04-22T08:54:29.000Z,yes,bidryde,Bidryde
5m7o7z,STAGING,2024-04-22T10:15:01.000Z,no,fe_credit,FE Credit
nrrzzu,PRODUCTION,2024-04-22T11:42:10.000Z,no,fatakpay,FatakPay
ypt8h4,PRODUCTION,2024-04-22T14:27:55.000Z,no,sk_finance,SK Finance
0zbbue,PRODUCTION,2024-04-23T05:55:30.000Z,yes,gameskraft,Gameskraft
buty3q,STAGING,2024-04-23T06:20:17.000Z,yes,shoonya,Shoonya
djr3ja,STAGING,2024-04-23T06:20:31.000Z,no,royal_sundaram,Royal Sundaram
ll4t8d,STAGING,2024-04-23T11:07:45.000Z,no,godating_app,GodatingApp
zjt2o1,STAGING,2024-04-23T12:15:14.000Z,yes,pollya,Pollya
xprxf3,STAGING,2024-04-23T17:02:44.000Z,yes,urbanmatch.in,Urbanmatch In
5jd7yw,STAGING,2024-04-24T10:10:56.000Z,yes,fe_credit,FE Credit
tr6xnf,STAGING,2024-04-24T10:27:05.000Z,yes,test_client,test client
xnwfw0,STAGING,2024-04-24T11:47:28.000Z,yes,at_test_09_11_10,at-test-09-11-10
vm3lab,STAGING,2024-04-24T12:45:23.000Z,yes,test_client_1,test client 1
2rzfm4,PRODUCTION,2024-04-24T12:59:45.000Z,no,park_plus,Park Plus
fim17o,STAGING,2024-04-24T15:50:27.000Z,no,unobank_ph,Unobank Ph
ctp55s,STAGING,2024-04-25T05:40:53.000Z,yes,fibe,Fibe
9bs2xn,PRODUCTION,2024-04-25T05:41:20.000Z,yes,fibe,Fibe
635nea,STAGING,2024-04-25T12:21:27.000Z,no,bagic,BAGIC
86cpbg,PRODUCTION,2024-04-25T12:21:36.000Z,no,bagic,BAGIC
3v57hy,STAGING,2024-04-25T14:12:18.000Z,no,philippine_business_bank_infomax,Philippine Business Bank + Infomax
m9gqte,PRODUCTION,2024-04-26T06:34:26.000Z,yes,home_credit_india,Home Credit India
c978vz,PRODUCTION,2024-04-26T08:34:23.000Z,yes,eduvanz,Eduvanz
hjrl15,STAGING,2024-04-26T10:57:52.000Z,no,super_bank,SuperBank
rvx9z9,STAGING,2024-04-26T10:58:14.000Z,no,super_bank,SuperBank
cqig0s,STAGING,2024-04-29T06:28:41.000Z,no,blive,Blive
ak5qm6,PRODUCTION,2024-04-29T08:32:47.000Z,no,lighthouse_learning,Lighthouse learning
d3wxml,STAGING,2024-04-29T08:54:12.000Z,no,swiggy,Swiggy
ybumet,STAGING,2024-04-29T11:13:51.000Z,yes,self_serve_platform_pricing_test,HV
nktjl2,STAGING,2024-04-29T13:10:59.000Z,no,dar_credit,Dar Credit
jdkma7,STAGING,2024-04-29T13:23:12.000Z,yes,husk_power_systems,Husk Power Systems
lrndws,STAGING,2024-04-30T06:16:28.000Z,yes,icici_lombard_agent_onboarding,ICICI Lombard Agent Onboarding
2ngrg6,STAGING,2024-04-30T07:24:43.000Z,yes,arnifi,Arnifi
ukigab,STAGING,2024-04-30T09:46:47.000Z,yes,manubhoomi,Manubhoomi
uhfjpc,STAGING,2024-04-30T11:05:05.000Z,no,hero_fincorp,Hero Fincorp
psuttg,STAGING,2024-04-30T11:21:46.000Z,no,united_india_insurance,United India Insurance
zvuzp8,PRODUCTION,2024-04-30T11:25:43.000Z,yes,chatravas,Chatravas
1dvmu7,PRODUCTION,2024-04-30T11:26:05.000Z,no,aditya_birla_health_insurance,Aditya Birla Health Insurance
9p6h9x,PRODUCTION,2024-04-30T12:57:37.000Z,yes,thetopclassentertainment,thetopclassentertainment
4ckzrx,STAGING,2024-05-02T06:05:35.000Z,no,cars_24,Cars24
uka3c1,STAGING,2024-05-02T06:53:46.000Z,yes,fair_money_nigeria,FairMoney - Nigeria
dawcs5,STAGING,2024-05-02T08:47:31.000Z,yes,air_attix,AirAttix
m7qm95,STAGING,2024-05-02T08:59:16.000Z,yes,skillmate,Skillmate
b65svj,PRODUCTION,2024-05-02T09:57:13.000Z,no,paytm_first_games,PayTM First Games
65q22a,STAGING,2024-05-03T08:52:57.000Z,yes,skor_indonesia_vkyc,SKOR Indonesia VKYC
fyr7wn,STAGING,2024-05-03T10:14:54.000Z,no,volt_money,Volt Money
j4fl96,PRODUCTION,2024-05-03T10:44:52.000Z,yes,om_logistics,Om Logistics
s0yhgx,PRODUCTION,2024-05-03T12:38:22.000Z,yes,apollo_finvest,Apollo Finvest
r85kxd,STAGING,2024-05-03T16:52:16.000Z,no,gigwage.com,Gigwage Com
uaciic,PRODUCTION,2024-05-06T05:47:29.000Z,no,groww_amc,Groww AMC
86fivk,STAGING,2024-05-06T06:40:59.000Z,no,dhan,Dhan
8nnaet,STAGING,2024-05-06T08:26:01.000Z,no,stableinr,stableINR
4c4oqz,STAGING,2024-05-06T08:41:24.000Z,yes,coin_dcx_kyb_vkyc_24,CoinDCX - KYB/VKYC '24
yyxtxs,STAGING,2024-05-06T11:46:44.000Z,yes,platform_release_testing,Platform Release Testing
gcu6mc,STAGING,2024-05-06T12:02:20.000Z,yes,platform_release_test_1,platform release test 1
7ozlep,STAGING,2024-05-06T12:06:54.000Z,yes,platform_release_test_2,platform release test 2
s47tby,STAGING,2024-05-06T18:11:48.000Z,yes,hala_mobility,Hala Mobility 
8p56ju,STAGING,2024-05-07T06:59:25.000Z,yes,idfc_first_bank,IDFC First Bank
lze4uw,PRODUCTION,2024-05-07T08:32:51.000Z,no,dhan,Dhan
ayilwp,STAGING,2024-05-07T09:34:18.000Z,yes,shriram_premia,Shriram (Premia)
vh5twc,STAGING,2024-05-07T10:27:58.000Z,no,cred,CRED
geyfis,STAGING,2024-05-07T12:14:02.000Z,yes,fincity,Fincity
f26jxh,STAGING,2024-05-08T05:14:30.000Z,yes,tata_capital,Tata Capital
zzxer7,STAGING,2024-05-08T05:18:37.000Z,yes,united_india_insurance,United India Insurance
wy3m6b,STAGING,2024-05-08T09:25:29.000Z,yes,hyperverge_business_team,HyperVerge Business Team
mb570j,STAGING,2024-05-08T09:26:25.000Z,no,hyperverge_business_team,HyperVerge Business Team
xz481j,STAGING,2024-05-08T11:01:54.000Z,yes,platform_release_test_3,platform release test 3
l61ezz,STAGING,2024-05-08T11:35:23.000Z,yes,chhavi_choudhary,Chhavi Choudhary
8ya8m0,STAGING,2024-05-08T11:53:59.000Z,yes,perpetual_innovations,Perpetual Innovations
b646jt,STAGING,2024-05-08T12:39:55.000Z,yes,axis_investment,Axis investment
0phuuq,STAGING,2024-05-08T13:40:29.000Z,yes,credit_7,Credit7
o38a41,STAGING,2024-05-09T05:06:56.000Z,yes,test_srinija_123,Test Srinija 123
mzaudi,STAGING,2024-05-09T05:33:03.000Z,no,karya,Karya
7f6n9l,STAGING,2024-05-09T09:43:49.000Z,no,unobank_ph,Unobank Ph
km7z83,PRODUCTION,2024-05-09T09:55:08.000Z,no,chola_ms_general_insurance,Chola MS General Insurance
frl43z,STAGING,2024-05-09T12:18:07.000Z,no,torque_insurance_kyc,Torque Insurance - KYC
wli56a,STAGING,2024-05-10T05:30:01.000Z,yes,foxsense,Foxsense
iyxw4n,PRODUCTION,2024-05-10T05:30:23.000Z,no,stableinr,stableINR
taktig,STAGING,2024-05-10T05:46:13.000Z,yes,formations_hunt,Formations Hunt 
pw2jzi,STAGING,2024-05-10T06:26:01.000Z,no,lastmiles,Lastmiles
kqjmie,STAGING,2024-05-10T08:26:06.000Z,yes,ssl_wireless,SSL Wireless
osjc3w,PRODUCTION,2024-05-10T11:27:03.000Z,yes,oolka,Oolka
u64ieu,STAGING,2024-05-10T12:57:41.000Z,yes,sam_co,Sam_co
7vgf9p,STAGING,2024-05-11T06:50:00.000Z,yes,console-cardmri,Card MRI
glew9n,STAGING,2024-05-13T05:46:45.000Z,yes,infrovate_technologies,Infrovate Technologies 
in8tkw,STAGING,2024-05-13T07:21:18.000Z,no,HV,HyperVerge
d5732f,STAGING,2024-05-13T08:43:29.000Z,yes,app_versal,AppVersal
esjhic,STAGING,2024-05-13T13:53:29.000Z,yes,shiv_games_rummy_games,Shiv Games - Rummy Games
ea9xat,STAGING,2024-05-13T15:53:54.000Z,no,carbon,Carbon
u6naom,STAGING,2024-05-13T19:32:23.000Z,no,gsis,GSIS
8v5jxq,STAGING,2024-05-13T19:32:39.000Z,no,gsis,GSIS
ra582s,PRODUCTION,2024-05-13T19:32:50.000Z,no,gsis,GSIS
swq0uo,STAGING,2024-05-14T05:42:53.000Z,yes,interswitch_nigeria,Interswitch Nigeria.
u35dg2,STAGING,2024-05-14T09:49:09.000Z,no,ever_safe_academy_rm_sky_tech,EverSafe Academy - RM Sky Tech
z88uqj,STAGING,2024-05-14T11:18:18.000Z,no,personal_collection_phl,Personal Collection- PHL
vj6mhv,STAGING,2024-05-14T13:20:23.000Z,yes,bloc_sign,BlocSign
mjrpqw,STAGING,2024-05-14T16:53:48.000Z,no,smfg_india,SMFG india
twgjt8,STAGING,2024-05-15T11:18:48.000Z,no,galaxy_health_insurance,Galaxy Health Insurance
bo92s6,STAGING,2024-05-15T12:11:57.000Z,no,test_demo_srinija,Test Demo Srinija
1p1a59,STAGING,2024-05-15T12:30:36.000Z,yes,sj_prod_test,sj prod test
4l4a7d,STAGING,2024-05-15T12:43:17.000Z,yes,prod_test,prod test
145i1y,STAGING,2024-05-15T12:49:06.000Z,no,prod_test_1,prod test 12
qvyxs2,STAGING,2024-05-16T06:24:14.000Z,yes,mono_send,Mono Send 
30wbew,STAGING,2024-05-16T07:00:25.000Z,yes,bullsmart_e_2_e,Bullsmart - E2E
wy59s3,STAGING,2024-05-16T09:21:13.000Z,yes,verify_me_nigeria,VerifyMe Nigeria
vyyuvh,STAGING,2024-05-16T09:43:13.000Z,no,HV,HyperVerge
y4ewel,STAGING,2024-05-16T10:42:07.000Z,yes,test_demo_srinija,Test Demo Srinija
tqklh2,STAGING,2024-05-16T12:05:43.000Z,yes,po_foods,Po Foods
y652gi,STAGING,2024-05-16T13:34:17.000Z,no,scapia_cards,Scapia Cards
yb2mku,PRODUCTION,2024-05-17T07:59:30.000Z,no,axio,Axio
9o6epq,STAGING,2024-05-17T08:29:34.000Z,yes,wavenet_technologies,Wavenet Technologies
h6mmwq,STAGING,2024-05-17T10:10:57.000Z,no,r_rabit,RRabit
4q1fsg,STAGING,2024-05-17T10:18:02.000Z,yes,choice_siki,Choice Siki
8qwk12,PRODUCTION,2024-05-17T12:54:08.000Z,no,mpokket_2023,Mpokket 2023
f5awoy,STAGING,2024-05-17T13:01:32.000Z,yes,lenditt,Lenditt
8eom83,STAGING,2024-05-18T14:05:56.000Z,no,airtel_payments_bank_retail,Airtel Payments Bank - Retail
i3yz9m,PRODUCTION,2024-05-19T06:23:44.000Z,yes,smart_coin,SmartCoin
30j6d8,STAGING,2024-05-20T06:15:37.000Z,yes,dream_11_2024,Dream11_2024
gol1am,STAGING,2024-05-20T07:03:44.000Z,yes,better_place_kyc,BetterPlace - KYC
4mfghl,STAGING,2024-05-20T09:01:31.000Z,yes,kuhoo,KUHOO
7t29c0,STAGING,2024-05-20T11:10:36.000Z,no,voice_club,Voice Club
qrl3g4,STAGING,2024-05-20T14:07:11.000Z,yes,grey_blue_kyc,GreyBlue - KYC
t47bfz,PRODUCTION,2024-05-21T06:31:05.000Z,no,iifl_gold_loans,IIFL Gold Loans
oc5utv,PRODUCTION,2024-05-21T06:59:09.000Z,no,smart_coin,SmartCoin
zyoix4,STAGING,2024-05-22T08:22:59.000Z,yes,bloc,Bloc
k60nk9,STAGING,2024-05-22T10:34:02.000Z,yes,art_of_living,Art of Living 
bplxuf,STAGING,2024-05-22T13:53:48.000Z,yes,unity_small_finance_bank,Unity Small Finance Bank
v52gce,STAGING,2024-05-23T04:42:33.000Z,yes,novac,Novac
cb2o9q,STAGING,2024-05-23T05:09:55.000Z,yes,vigoinfotech,Vigoinfotech
ww1uoa,STAGING,2024-05-23T06:26:40.000Z,no,fyp_money,FYP Money
m9edh1,STAGING,2024-05-23T10:41:46.000Z,yes,marrowmed.com,Marrowmed Com
kkocsg,STAGING,2024-05-23T10:50:53.000Z,yes,applie,Applie
fxdp4g,STAGING,2024-05-23T11:15:20.000Z,yes,bajaj_auto_credit_limited,Bajaj Auto Credit Limited
zpw5hm,STAGING,2024-05-23T12:22:35.000Z,yes,mo_e_ving,MoEVing
7649ye,STAGING,2024-05-23T14:49:55.000Z,yes,rounak_dating_app_kyc,Rounak - Dating App KYC
5ud6af,STAGING,2024-05-23T14:51:27.000Z,yes,yulu_rentals_kyc,Yulu - Rentals KYC
we2fp5,STAGING,2024-05-23T15:10:34.000Z,yes,store_my_goods,Store My Goods
hr68kq,STAGING,2024-05-24T06:16:27.000Z,no,03_capital,03 Capital 
5y8xei,STAGING,2024-05-24T07:20:24.000Z,yes,sim_corner,SimCorner
34v5vz,STAGING,2024-05-24T08:41:38.000Z,yes,a_1_apps,A1 Apps
vbdvmx,STAGING,2024-05-24T09:13:19.000Z,no,dezerv,Dezerv
l2wlmv,PRODUCTION,2024-05-24T13:43:37.000Z,no,werize-dkyc-test,WeRize
625o1k,STAGING,2024-05-24T14:42:23.000Z,yes,webengage.com,Webengage Com
dmsr9f,STAGING,2024-05-27T07:12:49.000Z,yes,lorry_circle,LorryCircle
00708c,PRODUCTION,2024-05-27T08:36:59.000Z,yes,telangana_government,Government of Telangana
rlksyr,STAGING,2024-05-28T02:59:43.000Z,yes,six_dreams,Six Dreams
89dzzs,STAGING,2024-05-28T07:07:10.000Z,yes,blue_book_services,Blue Book Services
pq3tez,STAGING,2024-05-28T09:50:10.000Z,no,tata_capital,Tata Capital
n88z36,STAGING,2024-05-28T10:18:50.000Z,yes,spring_board_investments,SpringBoardInvestments
erlre6,STAGING,2024-05-28T11:42:01.000Z,yes,abhitu.com,Abhitu Com
absip8,PRODUCTION,2024-05-28T17:02:05.000Z,no,rli,RLI
xxlzfn,STAGING,2024-05-29T05:19:48.000Z,no,py_thru,PyThru
c304nr,PRODUCTION,2024-05-29T06:06:03.000Z,yes,zinc,Zinc
89gnhe,STAGING,2024-05-29T07:26:45.000Z,yes,genius_consultants,Genius Consultants
fqm7d5,STAGING,2024-05-29T07:36:21.000Z,yes,khata_book,Khatabook
nxygy6,STAGING,2024-05-29T08:09:54.000Z,yes,strings_dating,Strings Dating
bserzl,STAGING,2024-05-29T13:01:36.000Z,no,trade_pe_tech_pvt_ltd,Trade Pe Tech Pvt Ltd
0xqyoq,STAGING,2024-05-29T14:34:19.000Z,no,zylo,Zylo
muzdob,STAGING,2024-05-29T15:26:01.000Z,yes,flash_call,Flash Call
uzed42,STAGING,2024-05-30T09:27:44.000Z,no,axis_bank_limtd,Axis Bank Limtd 
mbbtbm,STAGING,2024-05-30T10:25:00.000Z,yes,kissht,Kissht
pik8qq,STAGING,2024-05-30T12:27:32.000Z,no,ltfs,LTFS
za1p5q,PRODUCTION,2024-05-30T12:27:40.000Z,no,ltfs,LTFS
nuo4jb,STAGING,2024-05-30T12:30:12.000Z,yes,mulyam,Mulyam
8jo4vl,STAGING,2024-05-31T06:24:10.000Z,yes,finnup,Finnup
514l2v,STAGING,2024-05-31T09:39:08.000Z,yes,omniexc_com,omniexc.com
j37aie,PRODUCTION,2024-05-31T09:45:33.000Z,no,cred,CRED
ptsx2c,STAGING,2024-06-01T11:33:38.000Z,no,flip_indonesia,Flip_Indonesia
dl62wl,STAGING,2024-06-01T13:44:11.000Z,yes,palm_pay_limited_nigeria,PalmPay Limited Nigeria
3etev2,STAGING,2024-06-01T13:46:31.000Z,yes,pro_trade_commodities_limited,ProTrade Commodities Limited
bu0y6p,PRODUCTION,2024-06-03T05:32:42.000Z,no,indiabulls_dhani,Indiabulls Dhani
3z77eq,STAGING,2024-06-03T09:41:02.000Z,yes,balle_baazi,BalleBaazi
tbswf1,STAGING,2024-06-03T10:55:20.000Z,yes,finmo,Finmo
9awcan,PRODUCTION,2024-06-03T12:40:26.000Z,no,voice_club,Voice Club
w4v4mb,STAGING,2024-06-04T08:10:07.000Z,no,alt_graaf,altGraaf
ogkmne,STAGING,2024-06-04T18:47:27.000Z,no,icici_lombard_agent_onboarding_flow_journey,ICICI Lombard Agent Onboarding Flow Journey
2ncoj3,STAGING,2024-06-05T05:13:33.000Z,yes,siri_tech,Siri Tech
es90jk,STAGING,2024-06-05T05:23:26.000Z,yes,credit_saison,CreditSaison
0hx57d,STAGING,2024-06-05T06:50:57.000Z,no,hyperverge_integrations_team,HyperVerge Integrations Team
8z9j7h,STAGING,2024-06-05T06:53:13.000Z,no,hyperverge_integrations_team,HyperVerge Integrations Team
kb9o31,PRODUCTION,2024-06-05T09:29:51.000Z,yes,platform_release_test_3,platform release test 3
b81ut5,STAGING,2024-06-05T09:41:51.000Z,yes,airtel_payments_bank,Airtel Payments Bank
vvage7,STAGING,2024-06-05T10:07:10.000Z,yes,billing_test,Billing Test
4gqqgt,STAGING,2024-06-05T10:48:58.000Z,no,ufin_vietnam,UFIN Vietnam
bq9u6u,STAGING,2024-06-05T11:11:20.000Z,yes,billing_test,Billing Test
sdooei,STAGING,2024-06-05T12:15:07.000Z,no,crypto_india,Crypto India
2ay1jz,STAGING,2024-06-05T12:41:34.000Z,yes,sam_co,Sam_co
a8r43w,PRODUCTION,2024-06-05T12:50:16.000Z,yes,billing_test,Billing Test
mefz8x,PRODUCTION,2024-06-05T12:52:42.000Z,yes,sam_co,Sam_co
t6n68u,PRODUCTION,2024-06-06T08:04:48.000Z,yes,billing_test,Billing Test
ngn0lp,PRODUCTION,2024-06-06T08:20:37.000Z,yes,billing_test,Billing Test
0zzp9e,PRODUCTION,2024-06-06T08:20:59.000Z,yes,asset_plus,AssetPlus
vu87iy,STAGING,2024-06-06T08:58:49.000Z,yes,lend_plus,Lend Plus
pgd9pb,STAGING,2024-06-06T09:22:14.000Z,yes,yelow,Yelow
wedvj8,STAGING,2024-06-06T09:44:36.000Z,yes,hd_bank,HD Bank
8hv7wh,STAGING,2024-06-06T09:54:48.000Z,yes,gameskraft,Gameskraft
klry94,STAGING,2024-06-06T09:55:35.000Z,yes,gameskraft,Gameskraft
0os4vg,STAGING,2024-06-06T10:00:11.000Z,yes,sandeep_qa,Sandeep QA
xykqs5,STAGING,2024-06-06T10:04:54.000Z,no,zigram,Zigram
7revks,STAGING,2024-06-06T11:34:22.000Z,yes,jio_pay,jio Pay
mvo8ry,STAGING,2024-06-06T15:18:47.000Z,no,woltz_energy,Woltz Energy
sxl40u,STAGING,2024-06-06T15:23:42.000Z,yes,zamorra,Zamorra
t8b6lp,STAGING,2024-06-07T06:31:33.000Z,yes,finovel,Finovel
ycbl3i,STAGING,2024-06-07T08:23:26.000Z,yes,fabits,Fabits
5n8jpu,STAGING,2024-06-07T09:27:32.000Z,no,unobank_ph,Unobank Ph
b5mbvb,STAGING,2024-06-07T09:35:58.000Z,yes,incred_internal_temp,incred-internal-temp
qytddp,PRODUCTION,2024-06-07T10:04:02.000Z,no,neofi,Neofi
udyjb1,STAGING,2024-06-07T11:03:04.000Z,no,sukesh_jain,Sukesh Jain
iky9dh,STAGING,2024-06-07T11:49:29.000Z,no,cred,CRED
t5oosx,STAGING,2024-06-07T16:05:40.000Z,no,m_pokket_e_2_e,mPokket E2E
558bao,STAGING,2024-06-08T02:43:16.000Z,no,au_small_bank,au small bank
uwb56k,STAGING,2024-06-10T04:52:01.000Z,yes,tata_aia_life_insurance,TATA AIA Life Insurance
sfr0gs,STAGING,2024-06-10T04:59:55.000Z,yes,mpokket_demo,mpokket_demo
up5jcs,PRODUCTION,2024-06-10T08:58:33.000Z,no,hero_fincorp,Hero Fincorp
e2movm,STAGING,2024-06-10T09:17:40.000Z,no,dhan,Dhan
gu0twl,PRODUCTION,2024-06-10T09:17:52.000Z,yes,dhan,Dhan
t9t5wj,PRODUCTION,2024-06-10T09:24:56.000Z,yes,dhan,Dhan
db0tkn,STAGING,2024-06-10T09:31:38.000Z,yes,xoxoday_kyc,Xoxoday - KYC
maxlol,STAGING,2024-06-10T09:46:00.000Z,yes,prepladder,Prepladder
yp3qrs,STAGING,2024-06-10T12:31:59.000Z,no,united_india_insurance,United India Insurance
g7ts4w,PRODUCTION,2024-06-10T12:42:38.000Z,no,paytm_money,Paytm Money
dnlbg8,STAGING,2024-06-10T14:19:56.000Z,yes,meta_pouch,MetaPouch
dzl9jo,STAGING,2024-06-10T17:20:44.000Z,yes,clover,Clover
rv9ddg,STAGING,2024-06-11T03:03:35.000Z,no,manappuram,Manappuram
fxh6xz,STAGING,2024-06-11T05:42:23.000Z,no,cred,CRED
yphfpg,PRODUCTION,2024-06-11T11:08:14.000Z,no,reliance_securities,Reliance Securities
frh5r8,STAGING,2024-06-11T11:24:14.000Z,yes,hyperverge_integrations_team,HyperVerge Integrations Team
8de6zs,PRODUCTION,2024-06-11T12:53:15.000Z,yes,arnifi,Arnifi
ivurvl,STAGING,2024-06-11T17:08:57.000Z,yes,operadora_fiji,Operadora Fiji
0ik6zh,PRODUCTION,2024-06-12T05:02:03.000Z,no,paymentz,Paymentz
48e08w,STAGING,2024-06-12T07:31:14.000Z,no,hero_fincorp,Hero Fincorp
hgqz1o,STAGING,2024-06-12T12:23:13.000Z,yes,coin_switch,Coinswitch
xy6hh8,STAGING,2024-06-12T12:24:19.000Z,no,incred_money,Incred Money
dmyusl,STAGING,2024-06-12T12:24:27.000Z,no,coin_switch,Coinswitch
q3zair,STAGING,2024-06-13T06:09:43.000Z,no,jubilant,Jubilant
jp63ew,STAGING,2024-06-13T08:18:06.000Z,yes,e_canna_coin,ECanna Coin
nnaz6d,PRODUCTION,2024-06-13T08:57:03.000Z,yes,karbon_card,KarbonCard
l17n12,STAGING,2024-06-13T09:49:37.000Z,yes,poonawallafincorp_channel,poonawallafincorp channel
c1h9dg,STAGING,2024-06-13T09:53:58.000Z,yes,hyperverge_engineering_webapp_testing_client,hyperverge_engineering_webapp_testing_client
l666g4,STAGING,2024-06-13T09:56:19.000Z,no,hyperverge_engineering_team,HyperVerge Engineering Team
agzmcd,PRODUCTION,2024-06-13T12:37:13.000Z,yes,awign,Awign
zfyln8,STAGING,2024-06-13T13:03:15.000Z,yes,fertis,Fertis
sg87ur,STAGING,2024-06-14T04:59:51.000Z,yes,soal,SOAL
o2ftgo,PRODUCTION,2024-06-14T05:38:03.000Z,no,magma_hdi,Magma HDI - CKYC (Upload + Download)
rvrls1,STAGING,2024-06-14T05:54:52.000Z,yes,lets_flo,LetsFLO
6cpxeg,STAGING,2024-06-14T08:17:42.000Z,yes,delpe,Delpe
xzjjj6,PRODUCTION,2024-06-14T09:26:00.000Z,yes,juleo,Juleo
ufe9s5,STAGING,2024-06-14T10:57:41.000Z,no,hyperverge_ai_team,HyperVerge AI Team
5eibm4,STAGING,2024-06-14T12:02:10.000Z,yes,protean_tech,Protean Tech
6h044a,PRODUCTION,2024-06-14T13:39:08.000Z,no,iifl_samasta,IIFL Samasta
r12hl6,STAGING,2024-06-17T09:04:48.000Z,no,fec,FEC
sghuup,STAGING,2024-06-17T09:05:21.000Z,no,fec,FEC
nmqxc2,STAGING,2024-06-17T09:05:30.000Z,yes,fec,FEC
fypbjb,STAGING,2024-06-17T09:06:00.000Z,no,fec,FEC
bz6zub,STAGING,2024-06-17T09:06:12.000Z,no,fec,FEC
vk9qdi,STAGING,2024-06-17T09:06:23.000Z,no,fec,FEC
tkmmiq,STAGING,2024-06-17T09:06:42.000Z,no,fec,FEC
u0dajh,STAGING,2024-06-18T06:54:17.000Z,yes,openplay,Openplay
28b577,STAGING,2024-06-18T07:16:32.000Z,yes,trade_bulls,TradeBulls
5dpkwv,STAGING,2024-06-18T09:17:16.000Z,no,bigul,Bigul
5fxa9a,STAGING,2024-06-18T10:13:28.000Z,yes,aaddya_digitals,Aaddya Digitals
4i9opw,STAGING,2024-06-18T10:28:09.000Z,no,fec,FEC
pg2vwm,STAGING,2024-06-19T10:16:39.000Z,no,workflow_builder_csm_team,Workflow Builder CSM Team
ak5lrg,PRODUCTION,2024-06-19T10:17:01.000Z,no,lastmiles,Lastmiles
et3ile,STAGING,2024-06-19T12:27:48.000Z,no,manipal_cigna,Manipal CIGNA
q4m8op,PRODUCTION,2024-06-19T12:53:08.000Z,no,incred_money,Incred Money
65w1vr,STAGING,2024-06-19T12:55:33.000Z,yes,profitmart,Profitmart
uuurua,PRODUCTION,2024-06-19T13:24:01.000Z,no,infliv_cryptoswap,Infliv_Cryptoswap
z6vjgo,STAGING,2024-06-19T18:00:11.000Z,no,fixerra,Fixerra
rj2043,STAGING,2024-06-19T18:20:43.000Z,yes,invoic_ease,InvoicEase
onm9ad,STAGING,2024-06-20T06:45:30.000Z,no,unobank_ph,Unobank Ph
7y7ezb,STAGING,2024-06-20T08:57:45.000Z,yes,last_miles,Last Miles
oxi025,STAGING,2024-06-20T11:06:33.000Z,no,aastha_trade,Aastha Trade
vksprm,PRODUCTION,2024-06-21T06:22:13.000Z,yes,credit_7,Credit7
pbaixk,STAGING,2024-06-21T09:10:53.000Z,no,sterling_bank,SterlingBank
4si4k0,STAGING,2024-06-21T09:11:16.000Z,no,sterling_bank,SterlingBank
nl21jh,PRODUCTION,2024-06-21T09:22:36.000Z,no,sterling_bank,SterlingBank
3h4uf9,PRODUCTION,2024-06-21T09:26:23.000Z,no,sterling_bank,SterlingBank
uly2ey,STAGING,2024-06-21T11:45:52.000Z,no,zedvance,Zedvance
tcevyg,STAGING,2024-06-24T04:54:48.000Z,yes,magma_hdi_co_in,magma-hdi.co.in
xpekm7,STAGING,2024-06-24T08:32:42.000Z,no,fec,FEC
rrh1ey,STAGING,2024-06-24T10:15:51.000Z,yes,pocketful,Pocketful
bmcyzx,STAGING,2024-06-24T11:23:55.000Z,yes,the_art_of_living,The Art of Living
prazhk,STAGING,2024-06-24T11:52:18.000Z,yes,bharat_self_drive,BharatSelfDrive
qavs8u,STAGING,2024-06-24T12:43:32.000Z,no,rupeeflow,Rupeeflow
3e7pfo,STAGING,2024-06-24T13:16:37.000Z,yes,scove_group,ScoveGroup
cl8zku,STAGING,2024-06-24T13:41:13.000Z,yes,openkart,openkart
26087f,STAGING,2024-06-24T14:12:04.000Z,yes,wealthy_is_nb_june_2024,Wealthy - IS - NB - June 2024
jfl3oe,STAGING,2024-06-25T05:24:27.000Z,yes,cifdaq,Cifdaq
vm9x7a,STAGING,2024-06-25T05:52:51.000Z,yes,smartcode_technologies_ltd,Smartcode Technologies Ltd
7wscps,STAGING,2024-06-25T11:50:09.000Z,yes,velocity,Velocity
plff5v,STAGING,2024-06-25T13:28:12.000Z,yes,credvest,Credvest
vhjbbu,STAGING,2024-06-25T13:34:32.000Z,no,scripbox,Scripbox
ou1hnc,STAGING,2024-06-26T09:22:46.000Z,no,tata_capital,Tata Capital
arhpag,STAGING,2024-06-26T15:28:19.000Z,no,hyperverge_support_team,HyperVerge Support Team
xxo2o8,STAGING,2024-06-26T15:39:44.000Z,yes,m_kobo_mfb,M-Kobo MFB
46utk9,STAGING,2024-06-26T15:44:01.000Z,no,hyperverge_support_team,HyperVerge Support Team
q9i80b,STAGING,2024-06-27T03:32:53.000Z,yes,kraffic,Kraffic
5hrx4e,STAGING,2024-06-27T07:23:48.000Z,yes,acornia,Acornia
xz7a1c,PRODUCTION,2024-06-27T10:38:06.000Z,no,r_rabit,RRabit
khkvh7,PRODUCTION,2024-06-28T02:43:14.000Z,no,cathay_vietnam,Cathay Vietnam
94zec1,STAGING,2024-06-28T07:00:03.000Z,no,kissht,Kissht
d4uref,PRODUCTION,2024-06-28T07:16:04.000Z,no,kissht,Kissht
osh9cs,STAGING,2024-06-28T09:32:22.000Z,no,paasa,Paasa
x3muho,STAGING,2024-06-28T12:37:47.000Z,no,skill_master_games,SkillMasterGames
oa6hlj,STAGING,2024-06-28T12:55:04.000Z,yes,koin_park,KoinPark
590w87,STAGING,2024-06-28T13:55:25.000Z,yes,lic_housing,LIC Housing
irixts,PRODUCTION,2024-06-28T15:12:13.000Z,no,hero_fincorp,Hero Fincorp
toqj0f,PRODUCTION,2024-06-28T15:14:50.000Z,yes,alphadroid,Alphadroid
7gofdy,PRODUCTION,2024-06-28T15:38:34.000Z,yes,acp_llp,ACP LLP
mdywbv,STAGING,2024-07-01T06:37:00.000Z,yes,vega_hr,Vega HR
flm82e,STAGING,2024-07-01T08:39:46.000Z,yes,kapex,Kapex
1z3ey4,STAGING,2024-07-01T12:09:47.000Z,yes,security_bank_phl,Security Bank PHL
ub4f7v,STAGING,2024-07-01T13:00:30.000Z,yes,paytm,Paytm
b1auyc,PRODUCTION,2024-07-02T04:19:26.000Z,no,zigram,Zigram
djjfhs,STAGING,2024-07-02T06:20:05.000Z,yes,swimply,Swimply
zigx17,STAGING,2024-07-02T07:29:28.000Z,no,unlimit,Unlimit
z5fc9k,PRODUCTION,2024-07-02T09:10:17.000Z,no,gimo_vietnam,Gimo Vietnam
4eg9ll,STAGING,2024-07-02T10:23:33.000Z,yes,dahlia,Dahlia
iyjtvk,STAGING,2024-07-02T13:20:35.000Z,no,karncy,Karncy
yto2ft,STAGING,2024-07-03T03:05:35.000Z,no,fiss_digital_insurance_vietnam,FISS Digital Insurance Vietnam 
hawfk0,STAGING,2024-07-03T09:52:10.000Z,no,hyperverge_integrations_team,HyperVerge Integrations Team
7u8s7o,STAGING,2024-07-03T09:55:04.000Z,no,hyperverge_integrations_team,HyperVerge Integrations Team
76adpv,STAGING,2024-07-03T11:30:24.000Z,no,aditya_birla_health_insurance,Aditya Birla Health Insurance
z71nam,STAGING,2024-07-03T11:30:56.000Z,no,aditya_birla_health_insurance,Aditya Birla Health Insurance
95rydh,STAGING,2024-07-03T13:35:11.000Z,no,billing_test,Billing Test
smxc4p,STAGING,2024-07-03T13:35:17.000Z,yes,billing_test,Billing Test
tvi9m4,STAGING,2024-07-03T13:35:18.000Z,yes,billing_test,Billing Test
daguet,STAGING,2024-07-03T13:38:14.000Z,yes,billing_test,Billing Test
qo3bqu,STAGING,2024-07-03T13:38:16.000Z,yes,billing_test,Billing Test
7cs0n4,STAGING,2024-07-03T13:55:58.000Z,yes,billing_test,Billing Test
t76gtn,STAGING,2024-07-03T13:56:01.000Z,yes,billing_test,Billing Test
32g79o,STAGING,2024-07-03T14:00:05.000Z,yes,billing_test,Billing Test
8w7nm0,STAGING,2024-07-03T14:00:07.000Z,yes,billing_test,Billing Test
9m38mp,STAGING,2024-07-03T14:00:09.000Z,yes,billing_test,Billing Test
bvyjd9,STAGING,2024-07-03T14:00:11.000Z,yes,billing_test,Billing Test
6gn1qh,STAGING,2024-07-03T14:00:54.000Z,no,hyperverge_engineering_team,HyperVerge Engineering Team
eopst6,STAGING,2024-07-03T14:16:52.000Z,yes,billing_pricing_test,Billing Pricing Test
axslbf,STAGING,2024-07-04T05:50:35.000Z,no,smart_pay,Smart Net Trading Service Company Limited
q7bqqh,STAGING,2024-07-04T06:55:18.000Z,yes,care_india_finvest,Care India Finvest
jhag5v,STAGING,2024-07-04T07:14:12.000Z,no,innovative_retail_concept,Innovative Retail Concept
lzsbws,STAGING,2024-07-04T10:12:04.000Z,no,tata_capital,Tata Capital
e5v2mq,PRODUCTION,2024-07-04T10:12:13.000Z,yes,tata_capital,Tata Capital
ro9z0s,STAGING,2024-07-04T13:03:06.000Z,yes,insakal,Insakal
hx3ryf,STAGING,2024-07-04T13:51:55.000Z,yes,bi_worldwide,BIWorldwide
bfj2x7,STAGING,2024-07-05T07:07:06.000Z,yes,freecharge_com,freecharge.com
mntylr,STAGING,2024-07-07T05:44:30.000Z,yes,sindhuja_microcredit,Sindhuja Microcredit
d6skg5,STAGING,2024-07-07T11:46:58.000Z,yes,1_datapipe,1datapipe
v4qyvn,STAGING,2024-07-07T12:58:19.000Z,yes,starhealth,STARHEALTH
497bth,STAGING,2024-07-08T09:31:44.000Z,yes,spotshot,Spotshot
7gpr0g,STAGING,2024-07-08T13:17:20.000Z,no,creditmitra_in,creditmitra.in
epdpek,STAGING,2024-07-09T05:49:10.000Z,no,green_finch_advisors,GreenFinchAdvisors
nqxqft,PRODUCTION,2024-07-09T10:07:17.000Z,yes,grade_capital,Grade Capital
i2gc5t,STAGING,2024-07-09T15:22:27.000Z,yes,movie_me,MovieMe
wl5eae,PRODUCTION,2024-07-09T17:33:12.000Z,no,karya,Karya
pik0uq,PRODUCTION,2024-07-10T09:15:10.000Z,no,03_capital,03 Capital 
hppy14,STAGING,2024-07-10T11:19:31.000Z,no,proxima_forte,Proxima Forte 
vizefo,STAGING,2024-07-10T15:43:46.000Z,no,sayyam_investments,Sayyam Investments
o9ga80,STAGING,2024-07-10T23:58:14.000Z,yes,topi_vietnam,TOPI Vietnam
a6qtn5,STAGING,2024-07-11T04:33:19.000Z,yes,bandhan_bank,Bandhan Bank
3okkhb,PRODUCTION,2024-07-11T06:52:17.000Z,no,hero_fincorp,Hero Fincorp
illsll,STAGING,2024-07-11T08:20:47.000Z,yes,e_pay_later,ePayLater
fkq3gn,STAGING,2024-07-11T14:00:31.000Z,yes,kadel_finance,Kadel Finance
a3bo4x,STAGING,2024-07-12T11:52:34.000Z,yes,hostao,Hostao
4ufi36,STAGING,2024-07-12T12:55:03.000Z,yes,k_gen,KGen
3nvgg1,STAGING,2024-07-12T16:27:12.000Z,yes,gmac_examity,GMAC - Examity
yn3ocn,PRODUCTION,2024-07-13T07:06:05.000Z,no,kotak_life_insurance,Kotak Life insurance
svyuiw,STAGING,2024-07-15T05:20:30.000Z,yes,an_binh_securities,An Binh Securities
e4xgb9,STAGING,2024-07-15T05:21:35.000Z,yes,an_binh_securities,An Binh Securities
j9q1sk,STAGING,2024-07-15T05:43:31.000Z,yes,kotak_life_insurance,Kotak Life insurance
o40i3p,PRODUCTION,2024-07-15T05:43:57.000Z,no,kotak_life_insurance,Kotak Life insurance
q6bwre,STAGING,2024-07-15T08:52:12.000Z,yes,first_advantage,First Advantage
ovwmlt,STAGING,2024-07-15T09:08:31.000Z,yes,nomadic_insights,Nomadic Insights
18a7pb,STAGING,2024-07-15T12:15:32.000Z,no,HV,HyperVerge
cejzpv,STAGING,2024-07-16T10:31:58.000Z,no,tata_capital,Tata Capital
sqzyq9,STAGING,2024-07-16T12:57:54.000Z,yes,aditya_birla_sun_life_insurance,Aditya Birla Sun Life Insurance
i8sidk,STAGING,2024-07-16T12:58:55.000Z,no,aditya_birla_sun_life_insurance,Aditya Birla Sun Life Insurance
65xvhc,STAGING,2024-07-16T17:54:38.000Z,no,united_india_insurance,United India Insurance
sph52m,STAGING,2024-07-17T06:00:50.000Z,yes,excitel_broadband_pvt_ltd,Excitel Broadband Pvt Ltd
62w0p1,STAGING,2024-07-17T06:07:29.000Z,yes,roofi,Roofi
4e0rqf,STAGING,2024-07-17T08:55:42.000Z,yes,dotpe,Dotpe
6wmzu9,STAGING,2024-07-17T09:26:06.000Z,yes,hyper_verge_l_d_team,HyperVerge L&D team
u8bxic,STAGING,2024-07-17T09:51:18.000Z,no,bajaj_securities,Bajaj Securities 
xjy0dz,STAGING,2024-07-17T11:04:00.000Z,yes,rajshree,Rajshree
ht9j0g,STAGING,2024-07-17T11:35:00.000Z,yes,rg_finance,RG Finance
95r1vp,STAGING,2024-07-17T12:14:02.000Z,no,hero_fincorp,Hero Fincorp
382kh3,STAGING,2024-07-18T07:59:32.000Z,yes,armus_digital,Armus Digital
tudre4,PRODUCTION,2024-07-19T05:11:27.000Z,yes,husk_power_systems,Husk Power Systems
89wksy,STAGING,2024-07-19T07:57:25.000Z,yes,rb_finserv,RB Finserv
pktbao,STAGING,2024-07-19T11:55:04.000Z,no,cred,CRED
fj00px,STAGING,2024-07-19T11:55:24.000Z,no,cred,CRED
gdov9r,STAGING,2024-07-19T12:19:18.000Z,yes,evergreen_money,Evergreen Money
sdpra2,STAGING,2024-07-22T15:47:27.000Z,yes,paymita,Paymita 
m43muo,STAGING,2024-07-23T06:26:09.000Z,no,icici_securities,ICICI Securities
0humpe,STAGING,2024-07-23T06:47:01.000Z,no,hyperverge_engineering_team,HyperVerge Engineering Team
87pyyf,PRODUCTION,2024-07-23T12:01:19.000Z,no,india_bonds,India Bonds
urrlnr,STAGING,2024-07-24T07:08:08.000Z,no,bajaj_auto_credit,Bajaj Auto Credit
vwqm27,STAGING,2024-07-24T10:17:33.000Z,no,ltfs,LTFS
ctjdzh,STAGING,2024-07-24T11:12:49.000Z,yes,credit_saison,CreditSaison
7escag,STAGING,2024-07-24T11:13:04.000Z,yes,credit_saison,CreditSaison
rwvnqc,STAGING,2024-07-24T11:13:20.000Z,no,credit_saison,CreditSaison
3l5y0l,STAGING,2024-07-25T06:20:05.000Z,no,hv_hiring_lcd_client,hv hiring lcd client
42uvpu,STAGING,2024-07-25T10:22:47.000Z,yes,cams_investors,CAMS Investors
5h41y4,STAGING,2024-07-25T11:15:18.000Z,yes,miverse,Miverse
32ojw7,STAGING,2024-07-25T11:47:56.000Z,no,hero_fincorp,Hero Fincorp
4fdeff,STAGING,2024-07-26T05:20:33.000Z,no,cred,CRED
6qz1tx,PRODUCTION,2024-07-26T06:06:05.000Z,no,cred,CRED
2xd2za,PRODUCTION,2024-07-26T06:49:44.000Z,no,icici_lombard_agent_onboarding_flow_journey,ICICI Lombard Agent Onboarding Flow Journey
eby83w,STAGING,2024-07-29T06:24:14.000Z,no,vance,Vance
fbbxrz,STAGING,2024-07-29T08:27:07.000Z,no,hero_fincorp,Hero Fincorp
l45z6z,STAGING,2024-07-29T09:31:13.000Z,no,almondz_nb,Almondz - NB
2skka9,STAGING,2024-07-29T11:32:09.000Z,yes,arrise,Arrise
gsr2wv,STAGING,2024-07-29T11:38:14.000Z,yes,oona_philippines,Oona Philippines
gfkuvw,PRODUCTION,2024-07-29T11:45:09.000Z,no,namma_yatri_juspay,Namma Yatri (Juspay)
s718sm,PRODUCTION,2024-07-29T11:47:39.000Z,no,shriram_general_insurance,Shriram General Insurance
mr8f21,PRODUCTION,2024-07-29T11:49:29.000Z,no,shriram_general_insurance,Shriram General Insurance
cqobgy,STAGING,2024-07-29T12:26:57.000Z,no,religare_india,Religare India
nd1pya,PRODUCTION,2024-07-30T08:56:24.000Z,yes,dahlia,Dahlia
104qkr,PRODUCTION,2024-07-30T10:20:45.000Z,no,ufin_vietnam,UFIN Vietnam
53eee2,PRODUCTION,2024-07-30T10:24:23.000Z,no,ufin_vietnam,UFIN Vietnam
ds7uvn,PRODUCTION,2024-07-30T12:16:56.000Z,yes,spotshot,Spotshot
cip29j,PRODUCTION,2024-07-30T13:30:42.000Z,no,groww,Groww
ksv54m,STAGING,2024-07-30T13:30:58.000Z,yes,groww,Groww
o4yk01,STAGING,2024-07-30T16:20:00.000Z,no,tourobikes,tourobikes
wv91pr,STAGING,2024-07-31T12:48:02.000Z,no,apnamart,Apnamart
ghu6z5,PRODUCTION,2024-07-31T12:54:52.000Z,no,woltz_energy,Woltz Energy
kka7al,STAGING,2024-08-01T03:53:31.000Z,no,blockoville,blockoville
frjkhh,STAGING,2024-08-01T08:13:19.000Z,yes,youngest_exchange,Youngest Exchange.
ii5jhf,STAGING,2024-08-02T08:02:58.000Z,no,probo_vn,Probo VN
5vcyud,STAGING,2024-08-05T07:13:31.000Z,no,kredivo_phl,Kredivo PHL
zje07z,STAGING,2024-08-05T07:40:48.000Z,no,ippopay_new,Ippopay New
cw8ao5,STAGING,2024-08-05T09:17:10.000Z,no,demo_account_for_vietnam_team,Demo account for Vietnam Team
0ydt13,PRODUCTION,2024-08-05T10:50:07.000Z,yes,openplay,Openplay
trpf7t,STAGING,2024-08-05T11:39:53.000Z,yes,aroon_fintech,Aroon Fintech
lmpb9r,STAGING,2024-08-06T04:12:10.000Z,yes,rekoon,Rekoon
l9f6bq,STAGING,2024-08-06T05:22:16.000Z,yes,solfin,Solfin
pel1if,PRODUCTION,2024-08-06T09:48:20.000Z,no,city_furnish,CityFurnish
f6me8i,STAGING,2024-08-06T11:13:49.000Z,no,cams,CAMS
ksn1k0,STAGING,2024-08-06T11:59:23.000Z,yes,light_finance,Light Finance
dol0hl,STAGING,2024-08-06T11:59:42.000Z,no,light_finance,Light Finance
3dbq2b,STAGING,2024-08-06T12:07:07.000Z,no,sbi_mf,SBI MF
1pamnh,PRODUCTION,2024-08-06T12:31:39.000Z,yes,rekoon,Rekoon
h3p7eq,PRODUCTION,2024-08-06T13:01:58.000Z,no,iifl_hfc,IIFL HFC
2u9wc8,STAGING,2024-08-06T13:25:42.000Z,no,telangana_government,Government of Telangana
e2rqsk,PRODUCTION,2024-08-06T13:28:48.000Z,yes,movie_me,MovieMe
0zagq6,PRODUCTION,2024-08-07T02:58:44.000Z,no,shriram_general_insurance,Shriram General Insurance
9tsvmb,PRODUCTION,2024-08-07T05:35:15.000Z,yes,manipal_cigna,Manipal CIGNA
uk2yjt,STAGING,2024-08-07T07:31:19.000Z,yes,360_world,360 World
xcb9fn,STAGING,2024-08-07T09:04:40.000Z,yes,marianas_rai_corp,Marianas Rai Corp
68em2v,PRODUCTION,2024-08-07T10:06:10.000Z,no,icici_securities,ICICI Securities
uuqdvt,STAGING,2024-08-07T10:35:00.000Z,no,nuqiwealth_in,nuqiwealth.in
7ocfg8,STAGING,2024-08-07T10:35:42.000Z,no,hyper_verge_pe_team,HyperVerge PE Team
3femzf,STAGING,2024-08-07T13:33:13.000Z,yes,deloitte_dash_verify,Deloitte - Dash Verify
rnx6zp,STAGING,2024-08-08T06:33:27.000Z,no,manappuram_micro_home_finance,Manappuram Micro Home Finance
gol6lr,PRODUCTION,2024-08-08T08:45:09.000Z,no,onmeta,OnMeta
oujx68,STAGING,2024-08-08T13:06:52.000Z,yes,gbat_ai,GBAT.ai
o96nla,PRODUCTION,2024-08-08T14:18:39.000Z,no,shoonya,Shoonya
dfox7x,STAGING,2024-08-09T08:05:51.000Z,yes,aditya_birla_sun_life_insurance,Aditya Birla Sun Life Insurance
n0s0s0,PRODUCTION,2024-08-09T09:06:52.000Z,no,light_finance,Light Finance
4sft0w,PRODUCTION,2024-08-10T11:07:18.000Z,no,billing_test,Billing Test
0f2a5i,STAGING,2024-08-10T11:07:22.000Z,yes,billing_test,Billing Test
xnephf,STAGING,2024-08-10T11:07:24.000Z,yes,billing_test,Billing Test
hdrry8,STAGING,2024-08-10T11:07:25.000Z,yes,billing_test,Billing Test
i0aw1e,STAGING,2024-08-10T11:07:33.000Z,yes,billing_test,Billing Test
u22jb6,STAGING,2024-08-10T11:07:34.000Z,yes,billing_test,Billing Test
d3ykx0,STAGING,2024-08-10T11:07:36.000Z,yes,billing_test,Billing Test
1ops4b,STAGING,2024-08-10T11:07:38.000Z,yes,billing_test,Billing Test
h2qk4w,STAGING,2024-08-10T11:07:40.000Z,yes,billing_test,Billing Test
3bx4qe,STAGING,2024-08-10T11:07:44.000Z,yes,billing_test,Billing Test
agg7y7,STAGING,2024-08-10T11:07:46.000Z,yes,billing_test,Billing Test
gr0mfp,STAGING,2024-08-10T11:07:49.000Z,yes,billing_test,Billing Test
jq5v9t,STAGING,2024-08-10T11:07:51.000Z,yes,billing_test,Billing Test
414om0,PRODUCTION,2024-08-10T11:08:01.000Z,yes,billing_test,Billing Test
ghko5p,STAGING,2024-08-10T11:08:03.000Z,yes,billing_test,Billing Test
lk6mze,STAGING,2024-08-10T11:08:05.000Z,yes,billing_test,Billing Test
x99hyf,STAGING,2024-08-10T11:08:08.000Z,yes,billing_test,Billing Test
wxdc52,STAGING,2024-08-10T11:08:09.000Z,yes,billing_test,Billing Test
ssdobf,STAGING,2024-08-10T11:08:16.000Z,yes,billing_test,Billing Test
ickiyg,STAGING,2024-08-10T11:08:18.000Z,yes,billing_test,Billing Test
cl3cng,STAGING,2024-08-10T11:08:20.000Z,yes,billing_test,Billing Test
82k3w2,STAGING,2024-08-10T11:08:21.000Z,yes,billing_test,Billing Test
qkg6ne,STAGING,2024-08-10T11:08:24.000Z,yes,billing_test,Billing Test
u3ogt6,STAGING,2024-08-10T11:08:36.000Z,yes,sj_test_6,sj test 6
k74y2o,STAGING,2024-08-10T11:08:44.000Z,yes,sj_test_6,sj test 6
gh9w8r,STAGING,2024-08-10T11:08:45.000Z,yes,sj_test_6,sj test 6
43xned,STAGING,2024-08-10T11:08:47.000Z,yes,sj_test_6,sj test 6
kd1ezj,STAGING,2024-08-10T11:08:49.000Z,yes,sj_test_6,sj test 6
zsnpeo,STAGING,2024-08-10T11:08:51.000Z,yes,sj_test_6,sj test 6
kcd9x8,STAGING,2024-08-10T11:08:58.000Z,yes,sj_test_6,sj test 6
y8dqfz,STAGING,2024-08-10T11:08:59.000Z,yes,sj_test_6,sj test 6
bc39tr,STAGING,2024-08-10T11:09:01.000Z,yes,sj_test_6,sj test 6
vn8gae,STAGING,2024-08-10T11:09:03.000Z,yes,sj_test_6,sj test 6
xwv2u8,STAGING,2024-08-10T11:09:05.000Z,yes,sj_test_6,sj test 6
23tk7h,STAGING,2024-08-10T11:09:07.000Z,yes,sj_test_6,sj test 6
z9lhya,STAGING,2024-08-12T04:44:45.000Z,yes,phone_pe,PhonePe
2xor6g,STAGING,2024-08-12T04:48:54.000Z,yes,rapi_pay,RapiPay
cqwznx,STAGING,2024-08-12T11:00:05.000Z,no,buy_u_coin,BuyUCoin
kdsf8u,STAGING,2024-08-12T11:20:21.000Z,yes,skor_cards_idn,SKOR Cards IDN
h8bw5a,STAGING,2024-08-13T06:48:08.000Z,yes,cipherepay,cipherepay
0g46nh,PRODUCTION,2024-08-13T07:19:42.000Z,no,ever_safe_academy_rm_sky_tech,EverSafe Academy - RM Sky Tech
yn426s,STAGING,2024-08-13T09:20:20.000Z,yes,jupiter,Jupiter
9isamc,STAGING,2024-08-13T09:20:36.000Z,yes,jupiter,Jupiter
24agwi,STAGING,2024-08-14T03:16:07.000Z,yes,poonawallafincorp_it,poonawallafincorp IT
hzlekx,PRODUCTION,2024-08-14T06:12:45.000Z,no,coin_switch,Coinswitch
7nsh0f,STAGING,2024-08-14T10:01:18.000Z,no,360_one,360One
49rhsn,STAGING,2024-08-14T10:44:28.000Z,no,swiggy,Swiggy
7gu7il,STAGING,2024-08-14T12:29:57.000Z,no,united_india_insurance,United India Insurance
93zpye,STAGING,2024-08-14T13:08:46.000Z,no,mamastops_africa,Mamastops Africa
jxyrx6,PRODUCTION,2024-08-16T09:06:15.000Z,no,tourobikes,tourobikes
u4rkl5,PRODUCTION,2024-08-16T10:26:26.000Z,no,almondz_nb,Almondz - NB
ed47rx,STAGING,2024-08-19T06:19:36.000Z,no,niyogin,Niyogin
hqc77f,PRODUCTION,2024-08-19T08:23:47.000Z,yes,e_canna_coin,ECanna Coin
7tw7y8,STAGING,2024-08-19T11:48:04.000Z,yes,mudrasetu,Mudrasetu
8mt48i,STAGING,2024-08-20T03:39:18.000Z,yes,vmo_ai_vietnam,VMO AI Vietnam
nhgkbl,PRODUCTION,2024-08-20T05:02:06.000Z,no,policy_boss,PolicyBoss
caxvcl,STAGING,2024-08-20T05:42:39.000Z,yes,definedge,Definedge
n26zk2,STAGING,2024-08-20T07:21:21.000Z,yes,resellpur,Resellpur
ntvjv8,STAGING,2024-08-20T08:37:41.000Z,no,hyperverge_production_systems,HyperVerge Production Systems
sfahyk,STAGING,2024-08-20T10:17:19.000Z,yes,india_realty,India Realty
1nos13,STAGING,2024-08-20T13:21:13.000Z,yes,unimoni,Unimoni
ss8vcp,STAGING,2024-08-21T04:43:43.000Z,no,bajaj_finserv_kyc,Bajaj Finserv KYC
bwmup6,STAGING,2024-08-21T04:52:00.000Z,no,bajaj_finserv_kyc,Bajaj Finserv KYC
invjoh,PRODUCTION,2024-08-21T04:52:07.000Z,no,bajaj_finserv_kyc,Bajaj Finserv KYC
mqx9ry,STAGING,2024-08-21T06:37:06.000Z,yes,kissht,Kissht
dgf1qz,STAGING,2024-08-21T09:35:29.000Z,no,bidv_securities_jsc,BIDV Securities JSC
30mn3u,PRODUCTION,2024-08-21T12:36:05.000Z,yes,xpressbees,Xpressbees
jou9df,STAGING,2024-08-21T12:41:44.000Z,yes,grad_right,GradRight
gfmirg,STAGING,2024-08-21T13:12:27.000Z,yes,audit_portal_test,audit_portal_test
9e7pjc,STAGING,2024-08-22T03:52:24.000Z,no,fin_os_vietnam,FinOS Vietnam
vchrjg,STAGING,2024-08-22T04:11:42.000Z,yes,findi,Findi
o7kfqx,STAGING,2024-08-22T05:44:40.000Z,no,home_credit_idn,HomeCredit IDN
bgvxto,STAGING,2024-08-22T07:03:21.000Z,no,payoneer_nb,Payoneer - NB
v0sxyu,STAGING,2024-08-22T07:14:10.000Z,yes,parexl,Parexl
pcm4vo,PRODUCTION,2024-08-22T07:15:44.000Z,no,apnamart,Apnamart
vyak7u,PRODUCTION,2024-08-22T07:37:21.000Z,no,iifl_gold_loans,IIFL Gold Loans
jbyqgd,PRODUCTION,2024-08-22T07:44:47.000Z,no,delta_exchange,Delta Exchange
drlqc6,STAGING,2024-08-22T08:42:30.000Z,no,finaccel,Finaccel
u5vsbw,STAGING,2024-08-22T09:22:07.000Z,no,xn_ventures,XNVentures
qs1qbz,STAGING,2024-08-22T10:09:21.000Z,yes,audit_portal_test,audit_portal_test
huhfdp,STAGING,2024-08-22T10:24:40.000Z,no,vivriti_capital,Vivriti Capital
2oi9lg,STAGING,2024-08-22T11:57:18.000Z,no,true_credits,True Credits
c8eyh7,STAGING,2024-08-22T13:37:38.000Z,yes,fueladream,Fueladream
68b5zk,PRODUCTION,2024-08-22T14:34:58.000Z,no,niyogin,Niyogin
2z1r57,PRODUCTION,2024-08-22T21:32:12.000Z,no,operadora_fiji,Operadora Fiji
bifx62,STAGING,2024-08-23T09:49:39.000Z,yes,sis,SIS
p58r5x,PRODUCTION,2024-08-24T12:52:31.000Z,yes,dotpe,Dotpe
05dhkt,STAGING,2024-08-24T12:53:12.000Z,yes,dotpe,Dotpe
c8acwl,PRODUCTION,2024-08-24T12:53:26.000Z,yes,dotpe,Dotpe
ny4u8w,PRODUCTION,2024-08-26T04:34:51.000Z,no,smart_pay,Smart Net Trading Service Company Limited
nnztng,STAGING,2024-08-26T05:49:07.000Z,yes,qles,Qles
wuimsu,STAGING,2024-08-26T10:53:15.000Z,no,veera,Veera
71otqh,PRODUCTION,2024-08-26T11:47:48.000Z,no,cams,CAMS
zz08tr,STAGING,2024-08-27T06:31:26.000Z,no,HV,HyperVerge
wyyyeo,STAGING,2024-08-27T07:16:22.000Z,yes,nobias_finance,Nobias Finance
br37xd,STAGING,2024-08-27T08:14:42.000Z,no,finaccel,Finaccel
kd2bes,STAGING,2024-08-27T11:47:57.000Z,no,poonawallafincorp_com,poonawallafincorp.com
b6kkkx,STAGING,2024-08-27T13:53:38.000Z,no,empower,Empower
csgwtg,STAGING,2024-08-28T16:28:28.000Z,yes,optimus_ng,Optimus.ng
69iuch,STAGING,2024-08-28T17:18:38.000Z,yes,bajaj_electricals,Bajaj Electricals
80qv9w,STAGING,2024-08-30T04:38:41.000Z,yes,vijayi_bhawa,Vijayi Bhawa
cjlvqm,STAGING,2024-08-30T06:07:44.000Z,no,appinventive,Appinventive
ysrq2j,STAGING,2024-08-30T06:12:45.000Z,yes,oris_crypto,Oris Crypto 
8rd35i,PRODUCTION,2024-08-30T06:33:55.000Z,no,poonawallafincorp_com,poonawallafincorp.com
tex630,STAGING,2024-08-30T07:08:00.000Z,no,muthoot_fincorp_one,Muthoot Fincorp One
m2slev,STAGING,2024-08-30T11:06:33.000Z,no,iifl_securities,IIFL Securities
x0edl7,PRODUCTION,2024-08-30T11:24:39.000Z,yes,openkart,openkart
vwxhnd,STAGING,2024-08-30T13:17:36.000Z,yes,maya_phl,Maya PHL
zpm4nb,STAGING,2024-09-02T06:18:13.000Z,no,dhan,Dhan
32k5dx,PRODUCTION,2024-09-02T06:38:07.000Z,yes,swiggy,Swiggy
078728,STAGING,2024-09-02T07:05:59.000Z,yes,moneyrush,Moneyrush
jg5jy3,STAGING,2024-09-02T08:35:45.000Z,no,icici_securities,ICICI Securities
o0priu,STAGING,2024-09-02T08:51:04.000Z,no,pay_u,PayU
jas422,STAGING,2024-09-02T12:18:31.000Z,no,hyperverge_engineering_team,HyperVerge Engineering Team
jmimzz,STAGING,2024-09-02T15:06:47.000Z,no,hyperverge_production_systems,HyperVerge Production Systems
70cmwd,STAGING,2024-09-02T15:38:31.000Z,no,cams,CAMS
4r75qw,STAGING,2024-09-03T15:12:01.000Z,yes,indibid,Indibid
m8zazm,STAGING,2024-09-03T15:32:12.000Z,yes,delta_pe,DeltaPe
5nzsjz,STAGING,2024-09-04T04:55:02.000Z,yes,meta_reality,Meta Reality
end9h2,STAGING,2024-09-04T06:22:19.000Z,yes,swastika_investmart,Swastika Investmart
mvly5u,STAGING,2024-09-04T06:37:33.000Z,yes,tata_aig,Tata AIG
snp0u3,STAGING,2024-09-04T06:37:49.000Z,yes,nuhvin_global,Nuhvin Global
1mdl0h,STAGING,2024-09-04T06:37:53.000Z,no,tata_aig,Tata AIG
01jmqv,PRODUCTION,2024-09-04T06:59:03.000Z,no,hero_fincorp,Hero Fincorp
1temx1,STAGING,2024-09-04T07:55:56.000Z,no,ltfs,LTFS
q5n7nc,STAGING,2024-09-04T08:05:24.000Z,yes,rentickle,Rentickle
kc5shk,STAGING,2024-09-04T11:39:16.000Z,yes,ola,Ola Wallet
qunlh3,PRODUCTION,2024-09-04T13:29:59.000Z,yes,cipherepay,cipherepay
s3ieh8,PRODUCTION,2024-09-04T14:05:05.000Z,no,swastika_investmart,Swastika Investmart
pvas2o,STAGING,2024-09-04T16:43:18.000Z,yes,native_brands_ng,NativeBrands NG
njjwn1,STAGING,2024-09-05T04:35:34.000Z,yes,brisk_pe,Brisk.pe
ay8b6j,STAGING,2024-09-05T05:58:04.000Z,yes,swingbell,Swingbell
5anulx,STAGING,2024-09-05T09:35:45.000Z,yes,ak_associates,AK Associates
q590om,STAGING,2024-09-05T15:09:14.000Z,no,zoho,Zoho
8styzw,STAGING,2024-09-06T13:31:55.000Z,no,ecstasy_nigeria,Ecstasy Nigeria. 
22qkj9,PRODUCTION,2024-09-09T05:44:35.000Z,no,united_india_insurance,United India Insurance
ovelaf,STAGING,2024-09-09T08:36:06.000Z,no,unimoni_india,Unimoni India
lxy8bv,STAGING,2024-09-09T10:10:10.000Z,yes,retire_100_live,retire100.live
u7n8nf,STAGING,2024-09-09T12:02:51.000Z,no,junglee_games,Junglee Games
jpqfd7,PRODUCTION,2024-09-09T12:03:33.000Z,yes,junglee_games,Junglee Games
hckrl0,STAGING,2024-09-11T07:29:03.000Z,no,smart_coin,SmartCoin
qzx9h2,PRODUCTION,2024-09-11T07:36:17.000Z,no,tata_aig,Tata AIG
0e2jkr,STAGING,2024-09-11T07:57:31.000Z,no,hero_fincorp,Hero Fincorp
c87kmt,STAGING,2024-09-11T08:06:32.000Z,yes,cicipruamc_com,cicipruamc.com
nraezt,STAGING,2024-09-11T09:56:34.000Z,yes,module_builder_dev_team,Module Builder - Dev Team
8risrs,STAGING,2024-09-11T14:51:33.000Z,no,poonawallafincorp_backend,poonawallafincorp Backend Compliance
q2odm1,STAGING,2024-09-11T15:32:03.000Z,yes,trust_paisa,TrustPaisa
nh7652,PRODUCTION,2024-09-12T05:53:03.000Z,no,united_india_insurance,United India Insurance
v6bsal,STAGING,2024-09-12T10:58:39.000Z,no,cheq,Cheq
c9enjb,PRODUCTION,2024-09-13T06:03:29.000Z,yes,makemynda,makemynda
ukixoh,STAGING,2024-09-13T07:12:43.000Z,yes,jio,Jio
9r56fb,STAGING,2024-09-13T07:25:22.000Z,no,vidyut_tech,vidyut tech
dgtptg,STAGING,2024-09-13T07:59:19.000Z,no,fisdom,Fisdom
ll1qpw,PRODUCTION,2024-09-13T07:59:28.000Z,yes,fisdom,Fisdom
l2ssmm,STAGING,2024-09-13T08:15:19.000Z,yes,snap_finance,Snap Finance
ol1z34,PRODUCTION,2024-09-13T09:48:27.000Z,no,fiss_digital_insurance_vietnam,FISS Digital Insurance Vietnam 
umanjv,PRODUCTION,2024-09-13T12:14:30.000Z,yes,genius_consultants,Genius Consultants
2ls66a,STAGING,2024-09-13T12:28:07.000Z,yes,airtel_payments_bank_retail,Airtel Payments Bank - Retail
ov9s6f,PRODUCTION,2024-09-13T13:25:06.000Z,no,alt_graaf,altGraaf
i1kdvl,STAGING,2024-09-16T04:33:46.000Z,yes,idfc_first_bank,IDFC First Bank
a1d14c,STAGING,2024-09-16T05:30:46.000Z,yes,satincreditcare_com,satincreditcare.com
o9sfat,STAGING,2024-09-16T06:23:13.000Z,yes,idfc_firstbank,IDFC_FIRSTBANK
nrlru0,STAGING,2024-09-16T09:01:40.000Z,no,tititada,Tititada
l8x869,STAGING,2024-09-17T05:43:39.000Z,yes,airtel_bank_current_account,Airtel Bank | Current Account
w5rltz,PRODUCTION,2024-09-17T08:28:43.000Z,no,blockoville,blockoville
zu1ks9,PRODUCTION,2024-09-17T08:42:46.000Z,no,scapia_cards,Scapia Cards
5lqw7x,STAGING,2024-09-17T08:54:02.000Z,yes,kuhoo,KUHOO
g4xdra,PRODUCTION,2024-09-17T08:55:21.000Z,yes,credvest,Credvest
c6axub,STAGING,2024-09-17T11:35:02.000Z,no,newport_world_resorts_phl,Newport World Resorts PHL
664g1c,STAGING,2024-09-17T12:41:02.000Z,yes,hover_mobility,Hover Mobility
170fg3,STAGING,2024-09-18T05:08:12.000Z,no,HV,HyperVerge
407aen,STAGING,2024-09-18T06:07:19.000Z,yes,gramgaurav,Gramgaurav
7ooq3w,STAGING,2024-09-18T10:21:27.000Z,no,tvs_credit_new,TVS Credit | New
powa5z,STAGING,2024-09-18T11:29:38.000Z,no,zebu_share_and_wealth_managements_pvt_ltd,Zebu Share and Wealth Managements Pvt. Ltd.
pftrc3,STAGING,2024-09-18T11:36:46.000Z,no,sbicap_securities_ltd,SBICAP Securities Ltd
n5nqnj,STAGING,2024-09-18T13:29:10.000Z,yes,tim_engineering,TIM Engineering
9zn2e9,PRODUCTION,2024-09-19T06:22:34.000Z,no,hyperverge_production_systems,HyperVerge Production Systems
5dwvw1,STAGING,2024-09-19T06:29:49.000Z,no,money_tap,MoneyTap
xk9197,STAGING,2024-09-19T06:31:05.000Z,yes,money_tap,MoneyTap
fg21l0,STAGING,2024-09-19T06:37:33.000Z,no,elastic_devs,Elastic Devs
ejp2ob,STAGING,2024-09-19T08:52:18.000Z,no,hyperverge_production_systems,HyperVerge Production Systems
rkhsrw,STAGING,2024-09-19T12:54:19.000Z,no,HV,HyperVerge
d5rnqc,PRODUCTION,2024-09-19T18:39:18.000Z,yes,poonawallafincorp_backend,poonawallafincorp Backend Compliance
8n5ifg,STAGING,2024-09-20T06:50:47.000Z,no,propftx,Propftx
9ae512,STAGING,2024-09-20T09:19:10.000Z,yes,capitalfloat - production credentials,capitalfloat vkyc prod creds
oebb81,STAGING,2024-09-20T09:24:46.000Z,no,tech_mojo,TechMojo
qqejae,STAGING,2024-09-20T09:26:57.000Z,no,idfc_first_bank,IDFC First Bank
roopyq,STAGING,2024-09-20T09:54:36.000Z,yes,finny_club,Finny Club
kzf7cf,STAGING,2024-09-20T09:57:56.000Z,yes,credit_info,CreditInfo
1m9x1c,PRODUCTION,2024-09-20T10:52:48.000Z,no,bluno,Bluno
hhu4me,PRODUCTION,2024-09-20T12:26:18.000Z,yes,truecaller,Truecaller
fv41r7,STAGING,2024-09-20T13:26:43.000Z,no,HV,HyperVerge
5jof9w,STAGING,2024-09-20T13:39:20.000Z,yes,3_verse,3verse
0dpzy8,PRODUCTION,2024-09-23T05:42:03.000Z,no,hero_fincorp,Hero Fincorp
osmohh,STAGING,2024-09-23T07:44:12.000Z,yes,magma_hdi_oem_project,Magma HDI OEM Project
wi5i6i,STAGING,2024-09-23T07:46:42.000Z,yes,magma_hdi_rc_project,Magma HDI RC project 
y4rni2,STAGING,2024-09-23T07:48:19.000Z,no,magma_hdi_kyc_ckyc_digi_ovd,"Magma HDI - KYC ( CKYC, Digi , OVD)"
dl9p7t,PRODUCTION,2024-09-23T08:07:12.000Z,no,appinventive,Appinventive
r4r1di,PRODUCTION,2024-09-23T11:11:28.000Z,no,inocyx_nft,Inocyx_nft
yqn2rz,STAGING,2024-09-24T02:51:46.000Z,yes,indiabulls_dhani,Indiabulls Dhani
3cojl8,STAGING,2024-09-24T05:51:10.000Z,no,workflow_builder_integration_test,workflow_builder_integration_test
5u5mad,STAGING,2024-09-24T10:15:32.000Z,yes,poonawala_bulk_upload,Poonawala Bulk Upload
0kzqq4,STAGING,2024-09-24T10:18:43.000Z,yes,poonawallafincor,poonawallafincor
nsae9p,STAGING,2024-09-24T10:21:06.000Z,yes,poonawallafinco,poonawallafinco
bsagjq,PRODUCTION,2024-09-24T11:02:55.000Z,yes,probo_vn,Probo VN
guhghw,STAGING,2024-09-24T11:52:06.000Z,yes,trustin,Trustin
4s95vt,STAGING,2024-09-24T14:42:09.000Z,yes,ardent_capital,Ardent Capital
wzxhrz,STAGING,2024-09-24T14:44:50.000Z,yes,oona_insurance,Oona Insurance
3vsowp,STAGING,2024-09-24T14:45:04.000Z,yes,oona_insurance,Oona Insurance
mmpcw0,STAGING,2024-09-24T14:51:07.000Z,no,oona_idn,Oona Indonesia
drpv9a,STAGING,2024-09-24T14:51:43.000Z,no,oona_idn,Oona Indonesia
9n7ck6,STAGING,2024-09-24T16:46:29.000Z,no,poonawallafinc,poonawallafinc
24b8v7,PRODUCTION,2024-09-25T10:07:54.000Z,no,platinx,PlatinX
my4mkj,STAGING,2024-09-25T10:29:24.000Z,yes,hyperverge_engineering_team,HyperVerge Engineering Team
x95l72,STAGING,2024-09-25T10:47:12.000Z,no,oona_philippines,Oona Philippines
qbspin,STAGING,2024-09-25T10:47:24.000Z,no,oona_philippines,Oona Philippines
hz8pqi,STAGING,2024-09-25T11:33:08.000Z,no,aws_testing,AWS - Testing
d4job3,STAGING,2024-09-25T13:03:55.000Z,yes,care_span_phl,CareSpan_PHL
phw23c,STAGING,2024-09-25T13:07:28.000Z,yes,dole_phl,DOLE_PHL
gn8xg5,PRODUCTION,2024-09-25T13:50:09.000Z,no,hyperverge_engineering_team,HyperVerge Engineering Team
v4klq0,STAGING,2024-09-26T05:42:19.000Z,yes,finle,Finle
3tgkhu,STAGING,2024-09-26T09:54:59.000Z,no,shoonya,Shoonya
tweb1f,PRODUCTION,2024-09-26T11:20:13.000Z,no,unlimit,Unlimit
er73uo,STAGING,2024-09-26T11:37:58.000Z,yes,grg_india,GRGIndia
6us7jc,PRODUCTION,2024-09-27T05:53:31.000Z,no,unobank_ph,Unobank Ph
hfzyut,STAGING,2024-09-27T08:00:28.000Z,no,shoonya,Shoonya
f4ph4w,STAGING,2024-09-27T09:42:31.000Z,no,pay_u,PayU
op4x4j,PRODUCTION,2024-09-27T09:42:40.000Z,no,pay_u,PayU
nu8tda,PRODUCTION,2024-09-27T09:43:05.000Z,no,pay_u,PayU
mhdzpv,STAGING,2024-09-27T10:18:57.000Z,no,my_seller_central,MySellerCentral
a17caa,PRODUCTION,2024-09-30T04:48:49.000Z,yes,arrise,Arrise
gxkv11,STAGING,2024-09-30T06:04:15.000Z,no,bidv_securities_jsc,BIDV Securities JSC
7wn76n,STAGING,2024-09-30T06:11:44.000Z,no,bidv_securities_jsc,BIDV Securities JSC
3s0vkq,STAGING,2024-09-30T06:58:27.000Z,no,splitar,Bvndle
723wnl,PRODUCTION,2024-09-30T09:08:38.000Z,yes,krosskomics,KrossKomics
raqq84,PRODUCTION,2024-09-30T09:27:14.000Z,no,poonawallafincorp_com,poonawallafincorp.com
lrm51m,PRODUCTION,2024-09-30T10:19:00.000Z,no,ippopay_new,Ippopay New
233j4a,STAGING,2024-09-30T13:42:02.000Z,no,bajaj_finserv_kyc,Bajaj Finserv KYC
io4vux,STAGING,2024-10-01T03:00:43.000Z,yes,balle_baazi,BalleBaazi
2kzdeh,PRODUCTION,2024-10-01T03:01:03.000Z,yes,balle_baazi,BalleBaazi
3avcmv,STAGING,2024-10-01T08:31:40.000Z,yes,sky_broking,Sky Broking
vu7ads,STAGING,2024-10-01T08:47:34.000Z,no,coinsbit,Coinsbit
mm6d70,PRODUCTION,2024-10-01T08:59:39.000Z,no,coinsbit,Coinsbit
iamys3,STAGING,2024-10-01T11:13:55.000Z,no,32nd_vistas_pvt_ltd,32nd Vistas Pvt Ltd
pzdeib,STAGING,2024-10-01T13:31:12.000Z,no,HV,HyperVerge
turpci,STAGING,2024-10-03T03:02:41.000Z,no,respo,Respo
300w9z,PRODUCTION,2024-10-03T05:04:07.000Z,no,flip_indonesia,Flip_Indonesia
qalexa,STAGING,2024-10-03T09:39:49.000Z,yes,kfintech_com,kfintech.com
0o0da5,STAGING,2024-10-03T09:41:08.000Z,yes,amazon_com,amazon.com
2rxpz0,PRODUCTION,2024-10-03T11:38:06.000Z,yes,vfs_global,VFS Global
6m3ffs,STAGING,2024-10-03T17:48:41.000Z,no,hyperverge_engineering_team,HyperVerge Engineering Team
dydmfx,STAGING,2024-10-04T06:23:46.000Z,no,groww,Groww
6t22d6,PRODUCTION,2024-10-04T08:32:16.000Z,no,zoho,Zoho
v19jnq,STAGING,2024-10-04T09:14:08.000Z,no,jupiter,Jupiter
vcw0ts,STAGING,2024-10-07T10:25:38.000Z,no,dalmia_bharat,Dalmia Bharat
p0j6jf,STAGING,2024-10-07T12:26:40.000Z,no,groww,Groww
ex5j20,STAGING,2024-10-07T13:01:09.000Z,yes,zenwork_inc,"Zenwork, Inc."
c4view,STAGING,2024-10-07T13:21:43.000Z,no,smart_coin,SmartCoin
b1vcfi,STAGING,2024-10-07T14:06:05.000Z,yes,hdfcpension_com,hdfcpension.com
f2ncw5,STAGING,2024-10-08T05:35:56.000Z,yes,gps_renewables,GPSRenewables
psm5o6,STAGING,2024-10-08T10:26:33.000Z,no,belong,Belong
3o42wz,STAGING,2024-10-08T11:14:36.000Z,no,kotak_811,Kotak 811
2xr72m,PRODUCTION,2024-10-08T19:22:54.000Z,no,shoonya,Shoonya
whagip,STAGING,2024-10-09T03:48:42.000Z,no,fin_viet_vietnam,FinViet Vietnam 
izhgic,STAGING,2024-10-09T06:55:02.000Z,yes,orbit_wallet,Orbit Wallet
x1drah,PRODUCTION,2024-10-09T09:20:21.000Z,no,pay_u,PayU
vtrktj,PRODUCTION,2024-10-09T09:38:08.000Z,no,pay_u,PayU
7wp0pr,PRODUCTION,2024-10-10T04:36:32.000Z,yes,bi_worldwide,BIWorldwide
8zi1od,STAGING,2024-10-10T06:57:42.000Z,yes,hsiidc,HSIIDC
p4sjol,PRODUCTION,2024-10-10T13:11:18.000Z,no,innovative_retail_concept,Innovative Retail Concept
0s7abl,STAGING,2024-10-10T21:16:08.000Z,no,propftx,Propftx
v8auxo,STAGING,2024-10-11T05:51:06.000Z,yes,join_jumbo,JoinJumbo
hjohiw,STAGING,2024-10-11T06:52:22.000Z,yes,db_online_pvt,DB Online pvt
5j5fvf,STAGING,2024-10-11T07:21:30.000Z,yes,enrich_money,Enrich Money
f9z8gk,STAGING,2024-10-11T12:14:06.000Z,no,hyperverge_integrations_team,HyperVerge Integrations Team
z4vs0n,STAGING,2024-10-11T12:14:13.000Z,yes,hyperverge_integrations_team,HyperVerge Integrations Team
ack2lf,STAGING,2024-10-11T12:14:19.000Z,no,hyperverge_integrations_team,HyperVerge Integrations Team
7wf1s4,STAGING,2024-10-11T12:14:26.000Z,no,hyperverge_integrations_team,HyperVerge Integrations Team
p1rjwg,STAGING,2024-10-14T05:56:46.000Z,no,inocyx_global,Inocyx_Global
5wji76,STAGING,2024-10-14T07:31:18.000Z,no,kotak_811,Kotak 811
f90rqh,STAGING,2024-10-14T08:57:40.000Z,no,kotak_811,Kotak 811
3cmfv5,STAGING,2024-10-14T11:17:50.000Z,no,ezms,EZMS 
nud46t,STAGING,2024-10-15T05:21:09.000Z,no,hyper_verge_pe_team,HyperVerge PE Team
cjvpl5,STAGING,2024-10-15T07:40:48.000Z,no,thinh_phat,Thinh Phat
boiciu,STAGING,2024-10-15T11:20:49.000Z,no,HV,HyperVerge
55gkoz,PRODUCTION,2024-10-15T11:54:23.000Z,no,oona_philippines,Oona Philippines
rn9sw3,STAGING,2024-10-15T13:01:08.000Z,yes,uob_phl,UOB PHL
eoytuk,STAGING,2024-10-16T04:37:23.000Z,no,goittus,Giottus
mdk4vs,PRODUCTION,2024-10-16T04:38:46.000Z,no,goittus,Giottus
o02y1b,STAGING,2024-10-16T05:23:01.000Z,no,early_salary,Early Salary
4alf7i,STAGING,2024-10-16T07:02:03.000Z,no,dokopay,Dokopay
f9ul6q,STAGING,2024-10-16T11:22:02.000Z,no,hyperverge_production_systems,HyperVerge Production Systems
ne207l,STAGING,2024-10-16T12:30:33.000Z,no,link_credit_ng,LinkCredit.NG
dyzgub,PRODUCTION,2024-10-16T14:08:00.000Z,yes,hyperverge_production_systems,HyperVerge Production Systems
sxra1r,STAGING,2024-10-17T01:29:32.000Z,no,icicipruamc,ICICI AMC Channel Business
cwwza4,STAGING,2024-10-17T05:47:18.000Z,no,choice_tech_labs,Choice Tech Labs
pxwecj,PRODUCTION,2024-10-17T08:17:24.000Z,no,zokudo,zokudo
hsuizy,STAGING,2024-10-17T09:22:21.000Z,yes,magenta_mobility,Magenta Mobility
pn2tfk,PRODUCTION,2024-10-17T09:35:17.000Z,no,unobank_ph,Unobank Ph
za6amh,STAGING,2024-10-17T09:51:53.000Z,yes,hyperverge_ip_whitelisting_test,Hyperverge IP Whitelisting Test
5o534z,PRODUCTION,2024-10-17T10:34:14.000Z,no,true_credits,True Credits
x41d0y,STAGING,2024-10-17T11:11:20.000Z,yes,globe_capital,Globe Capital
o811fk,STAGING,2024-10-17T11:31:47.000Z,yes,giggles,Giggles
wlr3cp,PRODUCTION,2024-10-17T13:21:18.000Z,no,games_kraft_securities,Capmint
w191bq,STAGING,2024-10-17T13:24:32.000Z,yes,singlife_phl,Singlife PHL
hiymjr,STAGING,2024-10-17T13:49:38.000Z,no,finbox,Finbox
z5p4lh,PRODUCTION,2024-10-17T13:51:00.000Z,no,muthoot_fincorp,Muthoot Fincorp
hdkd1w,STAGING,2024-10-18T05:38:55.000Z,yes,gsx_solutions,GSX Solutions
k4mwsd,PRODUCTION,2024-10-18T06:18:04.000Z,no,paasa,Paasa
p8eqv7,STAGING,2024-10-18T08:06:31.000Z,yes,icicipruamc_com,icicipruamc.com
3khuf7,STAGING,2024-10-18T09:15:44.000Z,yes,lares_algo_tech,Lares AlgoTech
28k70s,STAGING,2024-10-18T09:46:45.000Z,no,fair_money_nigeria,FairMoney - Nigeria
ahzju8,STAGING,2024-10-18T10:47:55.000Z,no,aventus_group,Aventus Group
x7urma,STAGING,2024-10-21T06:46:12.000Z,yes,kpmg_nb,KPMG - NB
b834dh,STAGING,2024-10-21T07:24:20.000Z,yes,thomas_cook,Thomas Cook
u9ydou,STAGING,2024-10-22T06:25:56.000Z,no,jio,Jio
g3916t,STAGING,2024-10-22T06:29:51.000Z,no,tata_capital,Tata Capital
bnif5j,PRODUCTION,2024-10-22T06:30:26.000Z,no,tata_capital,Tata Capital
bd2591,STAGING,2024-10-22T07:54:05.000Z,no,altiss,Altiss
qz8o9e,STAGING,2024-10-22T09:20:47.000Z,no,sterling_bank,SterlingBank
ytwpoe,STAGING,2024-10-22T12:10:04.000Z,yes,jackson,Jackson
kftczq,PRODUCTION,2024-10-22T12:38:24.000Z,no,jupiter,Jupiter
3kob6n,PRODUCTION,2024-10-22T12:49:21.000Z,no,jupiter,Jupiter
et7orn,STAGING,2024-10-22T15:40:47.000Z,no,timon_cards,Timon Cards
2fdz0l,PRODUCTION,2024-10-23T08:46:54.000Z,no,hero_fincorp,Hero Fincorp
34ycd1,PRODUCTION,2024-10-23T11:11:46.000Z,no,tech_mojo,TechMojo
83akkp,PRODUCTION,2024-10-23T12:08:32.000Z,yes,moneyrush,Moneyrush
vixd0e,STAGING,2024-10-24T04:57:35.000Z,yes,study,Study
xypu3q,STAGING,2024-10-24T07:36:54.000Z,no,dmi_finance,DMI Finance
xarg51,STAGING,2024-10-24T07:59:19.000Z,no,famy_finance_private_limited,FAMY FINANCE PRIVATE LIMITED
zwluqb,PRODUCTION,2024-10-24T10:29:10.000Z,no,famy_finance_private_limited,FAMY FINANCE PRIVATE LIMITED
y614ca,STAGING,2024-10-24T11:02:45.000Z,yes,mulya,Mulya
5rf9n5,PRODUCTION,2024-10-24T12:03:15.000Z,no,idfc_first_bank,IDFC First Bank
pmzrv5,STAGING,2024-10-24T12:18:04.000Z,no,shriram_finance,Shriram Finance
56wfel,PRODUCTION,2024-10-24T13:56:32.000Z,yes,grey_blue_kyc,GreyBlue - KYC
t2m4p5,STAGING,2024-10-24T13:57:07.000Z,no,hyperverge_conditional_production_access_test,hyperverge conditional production access test
6tt1pw,PRODUCTION,2024-10-24T14:00:11.000Z,no,hyperverge_conditional_production_access_test,hyperverge conditional production access test
el6bo4,STAGING,2024-10-25T07:56:16.000Z,no,hyr_gpt,Hyr GPT
to201p,PRODUCTION,2024-10-25T09:53:25.000Z,no,timon_cards,Timon Cards
pb5ajo,STAGING,2024-10-25T11:04:20.000Z,no,muthoot_fincorp,Muthoot Fincorp
ldfczu,PRODUCTION,2024-10-25T12:20:18.000Z,no,swiggy,Swiggy
2bjdkr,STAGING,2024-10-27T07:18:53.000Z,yes,kuhoo,KUHOO
odi7gx,STAGING,2024-10-27T07:19:09.000Z,yes,kuhoo,KUHOO
7xw3qk,STAGING,2024-10-28T05:01:18.000Z,no,protium,Protium
rct57e,STAGING,2024-10-28T06:36:40.000Z,yes,sundaram_home_finance,Sundaram Home Finance
p7xpgq,PRODUCTION,2024-10-28T07:07:58.000Z,no,empower,Empower
7tk0qc,STAGING,2024-10-28T07:35:19.000Z,no,maben_nidhi_limited,MABEN Nidhi Limited
2tzxbj,STAGING,2024-10-28T09:59:03.000Z,no,truecaller,Truecaller
76hp47,STAGING,2024-10-28T11:39:32.000Z,no,hood,Hood
32wg7g,STAGING,2024-10-28T12:09:51.000Z,yes,driwix,Driwix
8h24lw,STAGING,2024-10-29T11:55:36.000Z,no,hyperverge_new_onboards_testing_client,hyperverge_new_onboards_testing_client
axqsof,STAGING,2024-10-29T13:33:33.000Z,no,hyperverge_engineering_platform_team_testing_client,hyperverge_engineering_platform_team_testing_client
z5m4lz,PRODUCTION,2024-10-30T05:16:08.000Z,no,rupeeflow,Rupeeflow
ic7c7n,PRODUCTION,2024-10-30T06:59:01.000Z,yes,kuhoo,KUHOO
pew8wy,STAGING,2024-10-31T06:55:09.000Z,no,vance,Vance
yypocf,STAGING,2024-10-31T08:34:40.000Z,yes,firstwork,Firstwork
5attl4,PRODUCTION,2024-11-04T10:38:11.000Z,no,protium,Protium
5s1fpi,STAGING,2024-11-04T10:40:24.000Z,no,zokudo,zokudo
xe3p1l,STAGING,2024-11-05T05:54:40.000Z,no,vvit,VVIT
ym6p4d,STAGING,2024-11-05T06:24:28.000Z,no,trade_smart,TradeSmart
w0glj4,PRODUCTION,2024-11-05T09:15:25.000Z,no,respo,Respo
locxu4,STAGING,2024-11-05T09:17:17.000Z,no,junglee_games,Junglee Games
qu6020,STAGING,2024-11-05T09:31:41.000Z,yes,swayamudyan,Swayamudyan
v4fzw4,STAGING,2024-11-05T10:39:12.000Z,no,fibe,Fibe
9z8boc,STAGING,2024-11-05T12:47:03.000Z,no,HV,HyperVerge
zgs7hc,PRODUCTION,2024-11-05T13:58:45.000Z,no,advancly_ng,Advancly NG
6thi7d,STAGING,2024-11-05T15:02:38.000Z,no,aditya_birla_sun_life_insurance,Aditya Birla Sun Life Insurance
m37tfg,PRODUCTION,2024-11-06T03:26:47.000Z,yes,aditya_birla_sun_life_insurance,Aditya Birla Sun Life Insurance
e46sp7,STAGING,2024-11-06T06:50:45.000Z,no,junglee_games,Junglee Games
w86l7z,STAGING,2024-11-06T07:01:42.000Z,yes,abinaya_sa_internal,Abinaya - SA Internal 
kayxj5,PRODUCTION,2024-11-06T07:06:20.000Z,no,junglee_games,Junglee Games
6pzeps,STAGING,2024-11-06T07:43:15.000Z,no,hyperverge_support_team,HyperVerge Support Team
jwgzw7,STAGING,2024-11-06T07:43:21.000Z,no,hyperverge_support_team,HyperVerge Support Team
jnjsau,STAGING,2024-11-06T08:18:06.000Z,no,hyperverge_support_team,HyperVerge Support Team
ignh5i,STAGING,2024-11-06T08:21:48.000Z,yes,up_sports,UP Sports
zvn3ne,STAGING,2024-11-06T12:02:11.000Z,yes,yuma,Yuma
5dd4vs,STAGING,2024-11-06T12:40:17.000Z,yes,n_3_xt,n3xt
onn03i,STAGING,2024-11-06T23:01:53.000Z,no,sabi,Sabi 
cjmvr4,STAGING,2024-11-07T06:32:29.000Z,no,hyperverge_integrations_team,HyperVerge Integrations Team
n21qoh,STAGING,2024-11-07T06:46:32.000Z,no,poonawallafinc,poonawallafinc
vxm3q6,PRODUCTION,2024-11-07T08:00:01.000Z,no,vance,Vance
hc6n63,STAGING,2024-11-07T11:16:31.000Z,no,ab_mfb_nigeria,AB MFB Nigeria 
qusvqb,PRODUCTION,2024-11-07T16:50:48.000Z,no,airtel_payments_bank_retail,Airtel Payments Bank - Retail
kq9mwb,STAGING,2024-11-08T03:42:59.000Z,yes,hfs,HFS
jw91uw,PRODUCTION,2024-11-08T07:10:11.000Z,no,splitar,Bvndle
059fp5,STAGING,2024-11-08T08:18:37.000Z,no,hyperverge_support_team,HyperVerge Support Team
qyby50,PRODUCTION,2024-11-08T08:47:48.000Z,no,kredivo_phl,Kredivo PHL
ciqxrv,STAGING,2024-11-08T11:29:32.000Z,yes,wezboone,Wezboone
izck2v,STAGING,2024-11-08T11:43:17.000Z,no,cams_investors,CAMS Investors
anwkqo,STAGING,2024-11-08T12:20:37.000Z,yes,drex,Drex
cy92c6,PRODUCTION,2024-11-08T12:42:54.000Z,no,bigul,Bigul
jvewyq,STAGING,2024-11-11T05:46:24.000Z,no,lip_indonesia,LIP Indonesia
3v3gse,STAGING,2024-11-11T09:50:35.000Z,no,hyperverge_engineering_team,HyperVerge Engineering Team
t73191,STAGING,2024-11-11T10:36:31.000Z,no,united_india_insurance,United India Insurance
k2ozfk,PRODUCTION,2024-11-11T11:31:46.000Z,no,vodafone,Vodafone
j6ntw2,PRODUCTION,2024-11-11T12:54:09.000Z,no,vivriti_capital,Vivriti Capital
7x29q2,STAGING,2024-11-12T08:45:41.000Z,no,zokudo,zokudo
1kp093,STAGING,2024-11-12T12:46:19.000Z,yes,zinc,Zinc
3sbhn5,STAGING,2024-11-12T12:53:08.000Z,yes,zinc,Zinc
wj3a5e,STAGING,2024-11-13T06:14:57.000Z,yes,ovo,OVO
c1rh0f,STAGING,2024-11-13T07:06:39.000Z,yes,cloud_talk,CloudTalk
invraw,PRODUCTION,2024-11-13T07:53:39.000Z,no,9pay,9Pay
dxiqa1,STAGING,2024-11-13T08:23:40.000Z,no,vodafone,Vodafone
hvd947,PRODUCTION,2024-11-13T09:04:35.000Z,no,jar,Jar
g5j2ua,STAGING,2024-11-13T09:37:57.000Z,no,hyperverge_integrations_team,HyperVerge Integrations Team
0gr9w9,STAGING,2024-11-13T09:40:24.000Z,no,HV,HyperVerge
ddcye7,STAGING,2024-11-13T10:22:52.000Z,yes,npf_mfb,NPF MFB.
3pwl8l,STAGING,2024-11-13T12:15:30.000Z,yes,resonus,Resonus
zzm9lo,STAGING,2024-11-14T04:32:23.000Z,yes,one_top_network,One top Network
2eqwiz,STAGING,2024-11-14T08:08:31.000Z,no,fino_payments_bank,Fino Payments Bank
n19zsu,STAGING,2024-11-14T09:17:37.000Z,no,plum,Plum
n6ben1,STAGING,2024-11-14T09:29:21.000Z,no,magma_hdi,Magma HDI - CKYC (Upload + Download)
8jr52m,STAGING,2024-11-14T09:29:29.000Z,no,magma_hdi,Magma HDI - CKYC (Upload + Download)
slet7p,STAGING,2024-11-14T09:29:36.000Z,no,magma_hdi,Magma HDI - CKYC (Upload + Download)
gzycqw,PRODUCTION,2024-11-14T09:57:10.000Z,no,blive,Blive
iu47m1,STAGING,2024-11-14T12:35:05.000Z,no,hyperverge_production_systems,HyperVerge Production Systems
3zudvr,PRODUCTION,2024-11-15T02:47:29.000Z,no,9pay,9Pay
l0ercs,STAGING,2024-11-15T05:27:07.000Z,yes,apollo_finvest,Apollo Finvest
36uhtn,STAGING,2024-11-15T07:13:27.000Z,no,yulu_bikes,Yulu Bikes
7kpwa2,STAGING,2024-11-15T08:32:56.000Z,yes,tata_nexarc,Tata Nexarc
xgq2iz,STAGING,2024-11-15T09:13:21.000Z,no,entitled_solutions_private_limited,Entitled Solutions Private Limited
7narxp,STAGING,2024-11-15T09:42:00.000Z,yes,akbar_travels,Akbar Travels
n368a9,STAGING,2024-11-15T12:58:10.000Z,yes,adarsh_co_operative_urban_bank,Adarsh Co-operative Urban Bank
stwnot,PRODUCTION,2024-11-18T05:02:41.000Z,no,magma_hdi,Magma HDI - CKYC (Upload + Download)
hcq71h,PRODUCTION,2024-11-18T05:02:52.000Z,no,magma_hdi,Magma HDI - CKYC (Upload + Download)
xmzkpl,PRODUCTION,2024-11-18T05:21:25.000Z,no,united_india_insurance,United India Insurance
36k6a2,PRODUCTION,2024-11-18T06:11:15.000Z,no,pay_u,PayU
1ibjcj,PRODUCTION,2024-11-18T08:41:34.000Z,no,pay_u,PayU
s8s236,STAGING,2024-11-18T09:52:42.000Z,yes,paysharp_pvt_ltd,Paysharp Pvt Ltd
dox2j0,PRODUCTION,2024-11-18T10:23:12.000Z,no,entitled_solutions_private_limited,Entitled Solutions Private Limited
xdpcby,STAGING,2024-11-18T10:34:25.000Z,yes,micro_nsure,Micro Nsure
mcjt74,STAGING,2024-11-19T06:14:17.000Z,no,sbi_mutual_funds,SBI Mutual Funds
j0xkbc,PRODUCTION,2024-11-19T06:22:06.000Z,yes,delta_pe,DeltaPe
97b9e9,STAGING,2024-11-19T08:38:30.000Z,yes,navadhan_kyc,Navadhan - KYC
yk50oq,PRODUCTION,2024-11-19T10:06:24.000Z,no,pay_u,PayU
xdjd9d,PRODUCTION,2024-11-19T10:06:54.000Z,no,pay_u,PayU
s5kkme,STAGING,2024-11-19T10:08:04.000Z,no,pay_u,PayU
fr2kho,STAGING,2024-11-19T11:16:54.000Z,yes,rxil,RXIL
h3xsi0,STAGING,2024-11-19T12:21:38.000Z,no,sbi_mf,SBI MF
8s6bs9,STAGING,2024-11-20T02:51:16.000Z,yes,hsbc_indonesia,HSBC Indonesia
5unpme,PRODUCTION,2024-11-20T05:49:52.000Z,no,smart_coin,SmartCoin
8v294l,STAGING,2024-11-20T05:51:28.000Z,yes,deniz_bank,Deniz Bank
wmjpwg,STAGING,2024-11-20T06:20:31.000Z,no,pay_u,PayU
jzibmi,PRODUCTION,2024-11-20T06:20:52.000Z,no,pay_u,PayU
opyg7r,PRODUCTION,2024-11-20T06:21:33.000Z,no,pay_u,PayU
q00tsm,PRODUCTION,2024-11-20T06:21:57.000Z,no,pay_u,PayU
y6rypk,STAGING,2024-11-20T06:33:35.000Z,yes,feo_io,Feo.io
ib3m8g,STAGING,2024-11-20T07:36:30.000Z,no,groww,Groww
3xki56,STAGING,2024-11-20T09:33:55.000Z,no,vivriti_capital,Vivriti Capital
36adxo,STAGING,2024-11-20T09:44:36.000Z,no,united_india_insurance,United India Insurance
ytjqlt,STAGING,2024-11-20T12:13:59.000Z,no,my_flot,MyFlot
8ufski,STAGING,2024-11-20T13:06:19.000Z,no,scripbox,Scripbox
w68v43,STAGING,2024-11-20T13:07:50.000Z,no,ranwa_rummy,Ranwa Rummy
knsrcn,PRODUCTION,2024-11-20T13:30:31.000Z,no,cheq,Cheq
ij03bs,STAGING,2024-11-21T04:13:10.000Z,no,peek_up_pay,PeekUp Pay
c9zk2v,STAGING,2024-11-21T10:12:08.000Z,no,tata_capital,Tata Capital
f4gynf,PRODUCTION,2024-11-21T13:55:49.000Z,no,oona_idn,Oona Indonesia
9i8uuu,STAGING,2024-11-21T15:52:25.000Z,no,chola_finance,Chola Finance
lvm2yf,PRODUCTION,2024-11-21T15:52:45.000Z,no,chola_finance,Chola Finance
p49hiy,STAGING,2024-11-21T19:45:07.000Z,no,fatakpay,FatakPay
fut7vq,STAGING,2024-11-22T11:42:43.000Z,yes,zitics,Zitics
yt2j3o,STAGING,2024-11-22T12:13:52.000Z,no,hyperverge_internal_bixelabs_testing,hyperverge_internal_bixelabs_testing
5h6rta,STAGING,2024-11-25T05:41:40.000Z,no,hyperverge_ai_team,HyperVerge AI Team
kitejg,STAGING,2024-11-25T06:16:21.000Z,no,royal_sundaram,Royal Sundaram
fvtl2k,STAGING,2024-11-25T08:30:35.000Z,no,alt_graaf,altGraaf
qhraq5,STAGING,2024-11-25T08:30:47.000Z,no,alt_graaf,altGraaf
g2ie2n,PRODUCTION,2024-11-25T11:55:08.000Z,no,zebu_share_and_wealth_managements_pvt_ltd,Zebu Share and Wealth Managements Pvt. Ltd.
4nxl72,STAGING,2024-11-25T12:19:39.000Z,no,poonawallafinc,poonawallafinc
rcuph6,STAGING,2024-11-26T07:52:43.000Z,yes,au_bank,AU Bank _
p5xljt,PRODUCTION,2024-11-27T07:37:15.000Z,no,royal_sundaram,Royal Sundaram
sllz22,PRODUCTION,2024-11-27T08:46:18.000Z,no,united_india_insurance,United India Insurance
xkgarh,PRODUCTION,2024-11-27T08:54:18.000Z,no,propftx,Propftx
vhwa6g,PRODUCTION,2024-11-27T09:12:31.000Z,yes,giggles,Giggles
nn3z4a,STAGING,2024-11-27T09:56:18.000Z,no,trackon,Trackon
vgyvff,PRODUCTION,2024-11-27T13:32:49.000Z,yes,fingertip,Fingertip
207as0,STAGING,2024-11-27T13:32:58.000Z,yes,roofi,Roofi
b5kal9,STAGING,2024-11-27T16:16:24.000Z,no,id_vend,IDVend
2uo7l3,STAGING,2024-11-28T05:58:42.000Z,yes,vietnam_maritime_commercial_joint_stock_bank,Vietnam Maritime Commercial Joint Stock Bank
jts6v5,STAGING,2024-11-28T12:45:34.000Z,no,hero_fincorp,Hero Fincorp
vesnca,PRODUCTION,2024-11-28T12:45:58.000Z,no,hero_fincorp,Hero Fincorp
2jswzt,PRODUCTION,2024-11-28T13:07:25.000Z,no,sayyam_investments,Sayyam Investments
l82xnx,STAGING,2024-11-28T18:25:09.000Z,no,smart_coin,SmartCoin
v4jolr,STAGING,2024-11-29T04:18:26.000Z,no,hyperverge_production_systems,HyperVerge Production Systems
tait6v,STAGING,2024-11-29T04:19:19.000Z,no,hyperverge_production_systems,HyperVerge Production Systems
2kinvh,STAGING,2024-11-29T04:19:47.000Z,no,hyperverge_production_systems,HyperVerge Production Systems
t43ncs,STAGING,2024-11-29T07:59:01.000Z,yes,tensor_logistics_private_limited,TENSOR LOGISTICS PRIVATE LIMITED
ktahwf,STAGING,2024-11-29T09:28:22.000Z,yes,club_mahindra_holidays,Club Mahindra Holidays
5fuy02,STAGING,2024-11-29T11:34:56.000Z,no,piramal,Piramal
ohqo2r,STAGING,2024-11-29T12:16:35.000Z,no,go_kiwi,Go Kiwi
o6t1o4,STAGING,2024-12-02T06:21:22.000Z,yes,moneyart,Moneyart
4hd88h,PRODUCTION,2024-12-02T06:44:53.000Z,yes,credvest,Credvest
1z13ni,STAGING,2024-12-02T10:05:17.000Z,yes,power_up_money,PowerUp Money
qg3ogr,STAGING,2024-12-02T11:15:27.000Z,no,stable_money_nb,Stable Money - NB
g0lo99,PRODUCTION,2024-12-02T13:31:08.000Z,no,ecstasy_nigeria,Ecstasy Nigeria. 
v5lhq2,STAGING,2024-12-02T18:10:48.000Z,yes,alliance_broadband,Alliance Broadband
t4i72f,STAGING,2024-12-03T09:08:50.000Z,yes,gameskraft,Gameskraft
st5tby,STAGING,2024-12-03T09:42:37.000Z,no,refyne,Refyne
tdlzwt,STAGING,2024-12-03T14:52:39.000Z,no,oval_integrated_service_limited,Oval Integrated Service Limited.
crn238,STAGING,2024-12-03T16:53:02.000Z,no,internshala,Internshala
cf0o8o,STAGING,2024-12-04T07:26:32.000Z,no,sbi_general_insurance,SBI General Insurance
c89ped,STAGING,2024-12-04T07:28:59.000Z,no,hyperverge_integrations_team,HyperVerge Integrations Team
5umlfx,STAGING,2024-12-04T07:30:16.000Z,no,kuhoo_nbfc,Kuhoo_NBFC
8dhvoe,PRODUCTION,2024-12-04T09:22:28.000Z,no,sbi_general_insurance,SBI General Insurance
ora2wu,STAGING,2024-12-04T10:16:32.000Z,no,sbi_mf,SBI MF
ncsef0,STAGING,2024-12-04T11:51:23.000Z,no,cred,CRED
qz2ztz,PRODUCTION,2024-12-04T11:51:42.000Z,no,cred,CRED
8z5j2v,STAGING,2024-12-05T03:41:04.000Z,yes,mai_money,MaiMoney
8njb8r,STAGING,2024-12-05T07:15:28.000Z,yes,real_mart,Real Mart
sym9lq,PRODUCTION,2024-12-05T09:34:47.000Z,no,zokudo,zokudo
mfprzu,STAGING,2024-12-05T10:01:35.000Z,no,poonawallafincorp_com,poonawallafincorp.com
l0r0w2,STAGING,2024-12-05T10:01:57.000Z,no,poonawallafincorp_com,poonawallafincorp.com
l06xe4,PRODUCTION,2024-12-05T10:04:53.000Z,no,poonawallafincorp_com,poonawallafincorp.com
3zgd6g,PRODUCTION,2024-12-05T10:05:04.000Z,no,poonawallafincorp_com,poonawallafincorp.com
8vkkc6,STAGING,2024-12-05T10:09:39.000Z,no,hero_fincorp,Hero Fincorp
673lr9,STAGING,2024-12-05T10:26:48.000Z,no,kuhoo_nbfc,Kuhoo_NBFC
1fs6se,STAGING,2024-12-05T10:27:02.000Z,no,kuhoo_nbfc,Kuhoo_NBFC
h3nfyd,PRODUCTION,2024-12-06T05:35:57.000Z,yes,fixerra,Fixerra
zyjqlf,STAGING,2024-12-06T08:45:52.000Z,yes,fincart,Fincart
z99sbm,STAGING,2024-12-10T07:10:23.000Z,yes,mobixpress,Mobixpress
p52j7f,STAGING,2024-12-10T08:56:50.000Z,no,swiggy,Swiggy
bvpiz6,STAGING,2024-12-10T09:23:16.000Z,yes,orbitech,orbitech
w02ppv,STAGING,2024-12-10T09:38:22.000Z,yes,orbitech,orbitech
8d7423,STAGING,2024-12-10T10:27:17.000Z,no,united_india_insurance,United India Insurance
fn46er,STAGING,2024-12-10T10:27:51.000Z,yes,hinduja_leyland_f_inance,Hinduja Leyland FInance
jb7npb,STAGING,2024-12-10T11:37:01.000Z,no,blitz_now,BlitzNow
2pddvh,PRODUCTION,2024-12-11T06:18:47.000Z,no,xn_ventures,XNVentures
3902jj,PRODUCTION,2024-12-11T08:40:51.000Z,yes,orbitech,orbitech
q4zi1m,PRODUCTION,2024-12-11T11:04:01.000Z,no,hyperverge_production_systems,HyperVerge Production Systems
h38cnu,STAGING,2024-12-11T11:11:06.000Z,no,hyperverge_production_systems,HyperVerge Production Systems
bm7vk7,PRODUCTION,2024-12-11T11:12:08.000Z,no,hyperverge_production_systems,HyperVerge Production Systems
k5qb5a,STAGING,2024-12-12T05:45:55.000Z,yes,intract,Intract
r0l3va,STAGING,2024-12-12T05:59:55.000Z,yes,kg_somani,KG Somani
u38p3s,STAGING,2024-12-12T06:21:57.000Z,yes,efl_kyc,EFL - KYC
2e7d3j,STAGING,2024-12-12T06:39:00.000Z,yes,green_ox_india,GreenOxIndia
94vj3g,STAGING,2024-12-12T07:01:18.000Z,yes,aarambh_micro_finance,Aarambh Micro Finance
7pee9u,STAGING,2024-12-12T08:02:37.000Z,no,hyperverge_engineering_team,HyperVerge Engineering Team
bhdve3,STAGING,2024-12-12T08:50:19.000Z,no,zedvance,Zedvance
z545yv,STAGING,2024-12-12T11:43:52.000Z,no,oneebanc_biz,Onebanc Biz
ijdsen,STAGING,2024-12-13T05:17:54.000Z,no,over_haul,Over Haul
h9txeu,PRODUCTION,2024-12-13T05:31:21.000Z,no,india_shelter,India Shelter
xctc92,STAGING,2024-12-13T05:34:59.000Z,no,delta_exchange,Delta Exchange
wp7f75,STAGING,2024-12-13T05:35:33.000Z,no,delta_exchange,Delta Exchange
vb1060,STAGING,2024-12-13T05:36:51.000Z,no,hyperverge_integrations_team,HyperVerge Integrations Team
k6sjh2,STAGING,2024-12-13T06:43:19.000Z,yes,safari_rummy,Safari Rummy
vyicug,STAGING,2024-12-13T09:07:46.000Z,no,pine_labs,Pinelabs
pi5847,STAGING,2024-12-13T11:19:47.000Z,yes,rgg,RGG
lqyfyr,STAGING,2024-12-13T12:36:21.000Z,yes,eskro,Eskro
vapsv3,STAGING,2024-12-13T12:54:01.000Z,no,hyperverge_cyraacs_vapt_documentation_access,hyperverge_cyraacs_vapt_documentation_access
3evqmc,STAGING,2024-12-13T13:25:55.000Z,yes,flyhi_finance,Flyhi Finance
erl9z1,PRODUCTION,2024-12-13T14:20:40.000Z,no,crypto_india,Crypto India
fr00bh,STAGING,2024-12-14T07:27:40.000Z,no,kissht,Kissht
hovli7,STAGING,2024-12-16T04:55:23.000Z,no,stashfin,Stashfin
rv229z,PRODUCTION,2024-12-16T08:37:21.000Z,no,hdfc_securities,HDFC Securities
jiiztp,PRODUCTION,2024-12-16T13:21:18.000Z,no,stashfin,Stashfin
vjii5r,STAGING,2024-12-16T13:33:36.000Z,no,shoonya,Shoonya
3tn6dn,PRODUCTION,2024-12-16T14:33:28.000Z,yes,finle,Finle
lu7qlo,STAGING,2024-12-17T10:30:40.000Z,no,manappuram,Manappuram
f3vodu,PRODUCTION,2024-12-17T10:31:04.000Z,no,manappuram,Manappuram
28l5w4,STAGING,2024-12-17T13:53:38.000Z,no,hyperverge_ai_team,HyperVerge AI Team
c6xf2x,STAGING,2024-12-18T04:59:29.000Z,no,HV,HyperVerge
9qvnw3,PRODUCTION,2024-12-18T09:28:37.000Z,no,kuhoo_nbfc,Kuhoo_NBFC
ez9e98,STAGING,2024-12-18T11:16:49.000Z,yes,test_staging_whitelisting,test_staging_whitelisting
8t7lda,STAGING,2024-12-18T11:17:03.000Z,yes,test_staging_whitelisting,test_staging_whitelisting
72se2t,STAGING,2024-12-18T11:17:07.000Z,yes,test_staging_whitelisting,test_staging_whitelisting
vnvs6r,STAGING,2024-12-18T11:17:12.000Z,yes,test_staging_whitelisting,test_staging_whitelisting
c05i9g,STAGING,2024-12-18T12:57:59.000Z,no,lic,LIC
znnc76,STAGING,2024-12-19T07:03:28.000Z,yes,hyperverge_lcd_hiring_assignment_client,hyperverge_lcd_hiring_assignment_client
mhwx6f,STAGING,2024-12-19T08:52:32.000Z,no,airtel_payments_bank_retail,Airtel Payments Bank - Retail
mqt1ol,STAGING,2024-12-19T09:35:00.000Z,yes,test_staging_whitelisting,test_staging_whitelisting
46r5bc,PRODUCTION,2024-12-19T11:09:50.000Z,no,cred,CRED
rgmli2,STAGING,2024-12-19T12:12:22.000Z,yes,lets_aspire,Letsaspire
23hjut,STAGING,2024-12-20T05:06:02.000Z,no,hyperverge_common_encryption_client,hyperverge_common_encryption_client
qp51yd,PRODUCTION,2024-12-20T05:09:40.000Z,no,hyperverge_common_encryption_client,hyperverge_common_encryption_client
boae89,STAGING,2024-12-20T09:03:58.000Z,yes,tataamc_com,tataamc.com
2bpx4j,STAGING,2024-12-20T13:02:00.000Z,no,manappuram,Manappuram
utunxq,STAGING,2024-12-23T05:54:51.000Z,yes,tekion,Tekion
tbnjpn,STAGING,2024-12-23T06:15:05.000Z,no,chola_finance,Chola Finance
45ofjs,STAGING,2024-12-23T09:39:51.000Z,no,zepto,Zepto
x8t59z,PRODUCTION,2024-12-23T11:42:55.000Z,no,sbi_bank,SBI Bank
ez50pk,PRODUCTION,2024-12-24T03:51:15.000Z,no,360_one,360One
zvw2pd,PRODUCTION,2024-12-24T06:56:25.000Z,no,hero_fincorp,Hero Fincorp
ixybes,STAGING,2024-12-24T07:10:48.000Z,no,hyperverge_integrations_team,HyperVerge Integrations Team
q9rkji,STAGING,2024-12-24T08:35:15.000Z,no,poonawallafincorp_com,poonawallafincorp.com
ai2xvi,PRODUCTION,2024-12-24T08:35:33.000Z,no,poonawallafincorp_com,poonawallafincorp.com
8xumve,PRODUCTION,2024-12-24T10:19:15.000Z,no,scripbox,Scripbox
iselc2,PRODUCTION,2024-12-24T13:44:42.000Z,no,chola_finance,Chola Finance
ip8oiw,STAGING,2024-12-25T07:10:26.000Z,yes,atomi_vietnam,Atomi Vietnam
u3855a,STAGING,2024-12-26T07:05:27.000Z,no,kuvera_cred,Kuvera-CRED
cvhzro,STAGING,2024-12-26T08:19:11.000Z,no,upswing,Upswing 
cbnwsj,STAGING,2024-12-26T10:11:04.000Z,no,hyperverge_product_team,HyperVerge Product Team
98oz8t,PRODUCTION,2024-12-26T10:15:08.000Z,no,shb_finance,SHB Finance
tsqg69,PRODUCTION,2024-12-26T11:56:39.000Z,no,stable_money_nb,Stable Money - NB
biqhvm,STAGING,2024-12-26T12:03:22.000Z,yes,zyngo,Zyngo
8b1o9u,STAGING,2024-12-26T15:46:10.000Z,no,care_insurance,Care Insurance
79reap,STAGING,2024-12-27T07:19:49.000Z,yes,barq,Barq
c8yuna,PRODUCTION,2024-12-27T09:00:59.000Z,yes,wezboone,Wezboone
nr2s4f,PRODUCTION,2024-12-27T09:03:36.000Z,no,manappuram,Manappuram
furupe,STAGING,2024-12-27T12:11:49.000Z,yes,hike,Hike
tdtyb4,STAGING,2024-12-27T16:40:08.000Z,no,billion_loans,Billion Loans
nbr1j9,STAGING,2024-12-28T04:13:20.000Z,yes,air_iq,Air IQ
ntlove,STAGING,2024-12-28T05:10:59.000Z,yes,eth_sign,EthSign
t8gurz,STAGING,2024-12-30T05:17:52.000Z,no,tata_capital,Tata Capital
vocen9,STAGING,2024-12-30T06:00:05.000Z,no,sahaj_retail,Sahaj Retail
mmy411,PRODUCTION,2024-12-30T08:52:55.000Z,no,tata_aia,TATA AIA
88ifa9,STAGING,2024-12-31T09:37:58.000Z,no,swiggy,Swiggy
mm6hg3,PRODUCTION,2024-12-31T09:47:14.000Z,yes,apollo_finvest,Apollo Finvest
ht6k9t,STAGING,2024-12-31T10:11:20.000Z,no,hdfc_amc_partner,HDFC AMC Partner
4pcvy6,STAGING,2024-12-31T11:27:54.000Z,yes,zintlr,Zintlr
pnyrdq,PRODUCTION,2025-01-02T05:45:00.000Z,no,swiggy,Swiggy
zlk1jt,STAGING,2025-01-02T06:51:09.000Z,no,clickpe,Clickpe
v87fuj,STAGING,2025-01-02T11:31:57.000Z,yes,torrance_analytics,Torrance Analytics
37klj9,STAGING,2025-01-02T11:48:51.000Z,yes,insta_cash,InstaCash
ukk7le,STAGING,2025-01-03T08:39:54.000Z,yes,planify,Planify
ckn2vc,STAGING,2025-01-03T10:50:52.000Z,yes,creso,Creso
v0g840,STAGING,2025-01-03T11:38:43.000Z,yes,vidarbha_infotech,Vidarbha Infotech
bs20o0,STAGING,2025-01-06T04:44:53.000Z,yes,dav_fin,DAVFin
bezqnn,STAGING,2025-01-06T08:28:06.000Z,yes,tech_innovations,Tech Innovations
6u92xo,STAGING,2025-01-06T08:49:55.000Z,yes,prudential_health_kyc,Prudential Health KYC
bfplq0,STAGING,2025-01-06T08:53:37.000Z,no,ksf_cred,KSF-CRED
kan87b,STAGING,2025-01-06T08:57:37.000Z,no,ksf_pay_sense,KSF-PaySense
12s5fe,STAGING,2025-01-06T08:59:14.000Z,no,ksf_money_tap,KSF-MoneyTap
pyuukp,STAGING,2025-01-06T09:00:55.000Z,no,ksf_uni,KSF-Uni
hkts71,STAGING,2025-01-06T13:27:45.000Z,yes,stableinr,stableINR
goekwc,STAGING,2025-01-06T13:27:58.000Z,no,stableinr,stableINR
aby1ms,PRODUCTION,2025-01-06T13:38:10.000Z,no,stableinr,stableINR
p3yelz,STAGING,2025-01-06T15:54:30.000Z,no,zomato,Zomato
0p2fwp,STAGING,2025-01-07T04:31:42.000Z,yes,trifactorial,Trifactorial
oyx5ts,STAGING,2025-01-07T08:49:27.000Z,no,hyperverge_integrations_team,HyperVerge Integrations Team
em9eag,STAGING,2025-01-07T08:51:08.000Z,no,hyperverge_integrations_team,HyperVerge Integrations Team
kluike,STAGING,2025-01-07T08:52:11.000Z,no,hyperverge_integrations_team,HyperVerge Integrations Team
azco8y,STAGING,2025-01-07T12:33:38.000Z,no,mudrex,Mudrex
dvwnkq,STAGING,2025-01-07T16:21:04.000Z,no,hyperverge_production_systems,HyperVerge Production Systems
2m5q75,STAGING,2025-01-07T17:50:11.000Z,no,test_prod_ip_whitelisting,test prod ip whitelisting
rzvrn5,PRODUCTION,2025-01-07T17:53:52.000Z,no,test_prod_ip_whitelisting,test prod ip whitelisting
es2z8a,PRODUCTION,2025-01-07T17:56:06.000Z,no,test_prod_ip_whitelisting,test prod ip whitelisting
sh3ptu,STAGING,2025-01-08T03:45:22.000Z,no,icici_mf,ICICI MF
leq0wu,STAGING,2025-01-08T05:48:53.000Z,yes,sera,SERA
mvbxm5,PRODUCTION,2025-01-08T08:56:54.000Z,no,airtel_payments_bank_retail,Airtel Payments Bank - Retail
ag1xjs,STAGING,2025-01-08T09:18:23.000Z,no,poonawallafincorp_com,poonawallafincorp.com
x1kcyv,STAGING,2025-01-08T10:26:06.000Z,no,p_gfy,PGfy
hsi092,STAGING,2025-01-08T18:16:03.000Z,no,poonawallafincorp_com,poonawallafincorp.com
1y0rfr,STAGING,2025-01-09T06:14:39.000Z,no,poonawallafincorp_com,poonawallafincorp.com
xdig5a,STAGING,2025-01-09T06:54:00.000Z,no,swiggy,Swiggy
c7832q,PRODUCTION,2025-01-09T10:41:13.000Z,no,poonawallafincorp_com,poonawallafincorp.com
b0auyx,STAGING,2025-01-09T11:29:26.000Z,no,housing_com,Housing.com
h11qo8,STAGING,2025-01-09T11:29:30.000Z,yes,sj_internal_test,sj internal test
cc6em3,STAGING,2025-01-09T13:53:33.000Z,no,fyers_securities,Fyers Securities
9nfuz2,STAGING,2025-01-10T06:25:23.000Z,no,hyperverge_integrations_team,HyperVerge Integrations Team
7kko6o,STAGING,2025-01-10T06:25:36.000Z,no,hyperverge_integrations_team,HyperVerge Integrations Team
2nr53r,STAGING,2025-01-10T06:25:44.000Z,no,hyperverge_integrations_team,HyperVerge Integrations Team
p6594h,STAGING,2025-01-10T10:45:06.000Z,yes,wayo_logistics,Wayo Logistics
owu3kc,STAGING,2025-01-13T06:27:12.000Z,no,unobank_ph,Unobank Ph
nqa61h,STAGING,2025-01-13T07:10:37.000Z,no,HV,HyperVerge
xf2mlj,STAGING,2025-01-13T07:21:34.000Z,no,werize-dkyc-test,WeRize
mjnmlc,STAGING,2025-01-13T10:07:09.000Z,yes,rxcs,RXCS
gmpdxs,STAGING,2025-01-13T10:50:39.000Z,yes,scale,Scale
vn2ap1,STAGING,2025-01-13T10:54:39.000Z,yes,digi_tech,DigiTech
0isx3r,STAGING,2025-01-13T11:00:15.000Z,yes,ledger_pe,LedgerPe
btvbui,STAGING,2025-01-13T11:45:18.000Z,yes,setel,Setel
30xy4b,PRODUCTION,2025-01-13T11:46:03.000Z,no,aditya_birla_sun_life_insurance,Aditya Birla Sun Life Insurance
z95jq8,STAGING,2025-01-13T12:51:34.000Z,no,HV,HyperVerge
cfx9i2,STAGING,2025-01-13T12:52:03.000Z,no,HV,HyperVerge
vivemk,STAGING,2025-01-13T13:12:27.000Z,no,HV,HyperVerge
7xxsqe,STAGING,2025-01-13T13:23:49.000Z,yes,doifoo,Doifoo
udn0fd,PRODUCTION,2025-01-15T05:21:04.000Z,no,carbon,Carbon
30rab2,STAGING,2025-01-15T07:13:29.000Z,yes,light_voice_sa,Light Voice - SA
fsf3x1,STAGING,2025-01-15T07:25:43.000Z,no,nirmal_bang,Nirmal Bang 
oqyobh,STAGING,2025-01-15T08:19:35.000Z,no,aspire_finance,Aspire Finance
tz8xag,PRODUCTION,2025-01-15T10:27:26.000Z,no,groww,Groww
d9d0wo,PRODUCTION,2025-01-15T10:31:56.000Z,yes,zinc,Zinc
tsrbfy,PRODUCTION,2025-01-15T10:32:10.000Z,yes,zinc,Zinc
hlilzu,STAGING,2025-01-15T11:06:58.000Z,no,airtel_payments_bank_retail,Airtel Payments Bank - Retail
yvdxyy,STAGING,2025-01-15T12:04:14.000Z,no,HV,HyperVerge
hvm6g6,PRODUCTION,2025-01-15T13:41:05.000Z,no,hood,Hood
a5m98r,STAGING,2025-01-15T14:35:35.000Z,no,incred_money,Incred Money
skn4xt,STAGING,2025-01-16T04:06:12.000Z,no,vested_finance,Vested Finance Limited
o9pqen,STAGING,2025-01-16T05:41:32.000Z,yes,vayana_tradexchange,Vayana Tradexchange
9godsv,STAGING,2025-01-16T06:19:58.000Z,no,HV,HyperVerge
shxl79,STAGING,2025-01-16T06:20:13.000Z,no,HV,HyperVerge
xvezhv,STAGING,2025-01-16T09:56:47.000Z,no,hyperverge_integrations_team,HyperVerge Integrations Team
52vn3f,STAGING,2025-01-16T09:57:03.000Z,no,hyperverge_integrations_team,HyperVerge Integrations Team
1xxqhm,STAGING,2025-01-16T10:16:14.000Z,no,HV,HyperVerge
3fg208,STAGING,2025-01-16T10:19:12.000Z,yes,jupiter,Jupiter
wj6ryo,PRODUCTION,2025-01-16T10:22:09.000Z,yes,jupiter,Jupiter
j8j183,STAGING,2025-01-16T10:50:25.000Z,no,HV,HyperVerge
1pjk71,STAGING,2025-01-16T13:13:42.000Z,no,hyperverge_integrations_team,HyperVerge Integrations Team
xer3pe,STAGING,2025-01-16T17:34:16.000Z,yes,hyperverge_conditional_production_access_test_2,hyperverge_conditional_production_access_test_2
5zisl9,STAGING,2025-01-17T01:34:12.000Z,no,bit_delta,BitDelta
jsut9k,STAGING,2025-01-17T05:15:16.000Z,yes,bajaj_mfi,Bajaj MFI
o0ert5,STAGING,2025-01-17T06:07:11.000Z,yes,sj_internal_test_4,sj internal test 4
sn5nqn,STAGING,2025-01-17T09:37:49.000Z,no,hyperverge_integrations_team,HyperVerge Integrations Team
l18eco,STAGING,2025-01-17T09:42:03.000Z,no,home_credit_india,Home Credit India
xp9w9h,STAGING,2025-01-20T06:30:05.000Z,no,permata_bank_idn,Permata Bank IDN
e5t6g1,STAGING,2025-01-20T06:57:22.000Z,yes,1_fi,1Fi
9ssu85,STAGING,2025-01-20T11:45:42.000Z,no,flip_indonesia,Flip_Indonesia
xvjjiv,PRODUCTION,2025-01-21T06:15:47.000Z,no,fiss_digital_insurance_vietnam,FISS Digital Insurance Vietnam 
myi3er,PRODUCTION,2025-01-21T08:57:55.000Z,no,vastu_housing,Vastu Housing
sluakq,STAGING,2025-01-21T10:22:49.000Z,yes,dotpe_capital,DotPe Cappitals
s84mvh,STAGING,2025-01-21T10:58:44.000Z,yes,dream_11_2025,Dream11_2025
43vqu3,STAGING,2025-01-21T11:07:54.000Z,yes,swap_so,SwapSo
9i2gzs,STAGING,2025-01-21T12:25:34.000Z,no,kuvera_cred,Kuvera-CRED
dc9c0e,STAGING,2025-01-21T12:26:08.000Z,no,idfc_first_bank,IDFC First Bank
6k6ros,STAGING,2025-01-22T05:18:09.000Z,no,betterplace,Betterplace
j5f27g,STAGING,2025-01-22T06:00:22.000Z,no,inside_sales_internal,Inside Sales - Internal
c1m0yc,STAGING,2025-01-22T10:06:55.000Z,no,HV,HyperVerge
sn3f8i,STAGING,2025-01-22T12:33:14.000Z,yes,tata_tele,Tata Tele
fw3ryb,STAGING,2025-01-22T12:46:36.000Z,yes,saarthi_ai,Saarthi AI
ocqehl,STAGING,2025-01-22T13:21:50.000Z,yes,falcon_x,FalconX
lu5gjl,STAGING,2025-01-22T13:41:54.000Z,yes,verabadge,Verabadge
5pyvje,STAGING,2025-01-23T06:11:33.000Z,no,module_builder_team,Module Builder Team
qkm0kk,STAGING,2025-01-23T06:43:13.000Z,no,hd_bank,HD Bank
xbq6al,PRODUCTION,2025-01-23T07:48:06.000Z,no,niyo_cards,Niyo
ydg37p,STAGING,2025-01-23T08:39:58.000Z,no,thryve,Thryve
xbu2zc,STAGING,2025-01-23T10:22:23.000Z,no,unitic_exchange,Unitic Exchange
ev6y0a,STAGING,2025-01-23T11:50:43.000Z,no,hyperverge_integrations_team,HyperVerge Integrations Team
yk0swb,STAGING,2025-01-23T14:39:26.000Z,yes,pool,Pool
dskp27,STAGING,2025-01-23T14:52:28.000Z,yes,kaabil_finance,Kaabil Finance
wk25lk,STAGING,2025-01-24T06:28:48.000Z,yes,material_connections,Material Connections
n1cbyd,STAGING,2025-01-24T07:08:18.000Z,no,sbi_life_insurance,SBI Life Insurance
kgxpdu,STAGING,2025-01-24T10:30:46.000Z,yes,v_ospaces,VOspaces
z9t8rr,STAGING,2025-01-24T10:34:17.000Z,no,mindstike_gaming,Mindstike Gaming
3ibd73,STAGING,2025-01-24T11:03:22.000Z,yes,zolve,Zolve
ifullk,STAGING,2025-01-24T11:29:21.000Z,yes,quick_cred_ng,QuickCred_NG
5g7ro7,STAGING,2025-01-24T16:00:43.000Z,yes,quick_cred,QuickCred
iwmhx7,STAGING,2025-01-27T05:27:52.000Z,yes,bajajamc_com,bajajamc.com
iqt5sb,STAGING,2025-01-27T10:36:03.000Z,no,l_t,L&T 
8xfyoj,PRODUCTION,2025-01-27T11:52:53.000Z,no,aspire_finance,Aspire Finance
5n3j56,STAGING,2025-01-28T06:18:18.000Z,no,vahan,Vahan
wmlis3,PRODUCTION,2025-01-28T06:42:34.000Z,no,muthoot_finance,Muthoot Finance
1rktzt,STAGING,2025-01-28T10:36:05.000Z,yes,bivo,Bivo
i25k4n,PRODUCTION,2025-01-29T05:35:14.000Z,no,hyperverge_engineering_team,HyperVerge Engineering Team
bd9uad,PRODUCTION,2025-01-29T09:07:52.000Z,no,32nd_vistas_pvt_ltd,32nd Vistas Pvt Ltd
tz7ozx,STAGING,2025-01-30T05:31:18.000Z,no,hdfc_asset_management_company_limited,HDFC ASSET MANAGEMENT COMPANY LIMITED
srzhig,STAGING,2025-01-30T06:49:51.000Z,yes,iozera,Iozera
o5ono8,PRODUCTION,2025-01-30T09:25:24.000Z,no,my_seller_central,MySellerCentral
8xu0xf,STAGING,2025-01-30T12:42:08.000Z,no,hero_fincorp,Hero Fincorp
hjfl5u,STAGING,2025-01-30T13:42:56.000Z,no,kotak_life_insurance,Kotak Life insurance
sy9xkr,PRODUCTION,2025-02-03T10:00:11.000Z,no,hero_fincorp,Hero Fincorp
ihy5oq,STAGING,2025-02-03T10:26:25.000Z,no,tititada,Tititada
59foq7,PRODUCTION,2025-02-03T10:29:39.000Z,no,tititada,Tititada
biizep,STAGING,2025-02-03T12:16:21.000Z,no,hyperverge_lcd_hiring_assignment_client_feb_3_25,hyperverge_lcd_hiring_assignment_client_feb_3_25
uic2k7,PRODUCTION,2025-02-03T12:46:39.000Z,no,cred,CRED
1vxw8t,STAGING,2025-02-04T05:50:35.000Z,yes,click_my_loan,ClickMyLoan
wc3q2k,STAGING,2025-02-04T06:07:36.000Z,yes,kshema,Kshema
apm2gm,STAGING,2025-02-04T06:13:34.000Z,no,gojek_idn,Gojek IDN
cjm3p4,STAGING,2025-02-04T08:25:01.000Z,yes,delemate,Delemate
iru833,PRODUCTION,2025-02-04T09:02:47.000Z,no,hero_fincorp,Hero Fincorp
qdcx8g,STAGING,2025-02-04T09:12:36.000Z,no,niva_bupa,Niva Bupa
5d5bjy,PRODUCTION,2025-02-04T11:10:50.000Z,no,united_india_insurance,United India Insurance
xla6c4,STAGING,2025-02-04T11:19:15.000Z,yes,trade_pe_tech_private_limited,TradePe Tech Private Limited
5l655p,STAGING,2025-02-05T05:51:23.000Z,yes,abfl,ABFL 
ld3bvz,STAGING,2025-02-05T09:28:55.000Z,no,hero_fincorp,Hero Fincorp
ndqeiw,STAGING,2025-02-06T04:36:07.000Z,no,edelweissgi,EdelweissGI
vbz9jh,STAGING,2025-02-06T10:29:07.000Z,yes,dsp_finance,DSP Finance
hzlpn3,STAGING,2025-02-06T10:53:33.000Z,no,cred,CRED
5u6sp3,STAGING,2025-02-07T05:00:06.000Z,no,centreax_uno,Centreax + UNO
pxtv1d,PRODUCTION,2025-02-07T06:04:58.000Z,yes,findi,Findi
s545et,PRODUCTION,2025-02-07T07:50:43.000Z,no,9pay,9Pay
t5xnu0,STAGING,2025-02-07T08:49:40.000Z,no,cams_pay,CAMS PAY
gjp665,PRODUCTION,2025-02-07T08:51:54.000Z,no,cams_pay,CAMS PAY
ysoxlr,PRODUCTION,2025-02-07T09:14:17.000Z,no,fin_os_vietnam,FinOS Vietnam
d02ijc,STAGING,2025-02-07T10:07:07.000Z,no,dhan,Dhan
ri70y4,STAGING,2025-02-07T10:12:21.000Z,no,henri_halim_idn_cp,Henri Halim - IDN CP
2npru9,PRODUCTION,2025-02-07T10:57:25.000Z,no,fatakpay,FatakPay
774an7,PRODUCTION,2025-02-07T11:47:14.000Z,no,betterplace,Betterplace
5m5fce,STAGING,2025-02-10T05:43:12.000Z,no,sumisho_motor_finance,Sumisho Motor Finance
v48rip,STAGING,2025-02-10T07:55:41.000Z,no,providus_bank,Providus Bank 
lo1dj2,STAGING,2025-02-10T08:47:51.000Z,no,indra_cipta,Indra Cipta
lj68t6,STAGING,2025-02-10T11:09:39.000Z,no,choice_tech_labs,Choice Tech Labs
4pox17,PRODUCTION,2025-02-10T11:14:21.000Z,no,supernan,Supernan
kuwu30,PRODUCTION,2025-02-10T14:46:05.000Z,no,zepto,Zepto
z99yfn,STAGING,2025-02-11T07:04:40.000Z,no,HV,HyperVerge
8ixo68,PRODUCTION,2025-02-11T08:28:05.000Z,yes,swap_so,SwapSo
6unsst,STAGING,2025-02-11T08:46:31.000Z,yes,quicklly,Quicklly
k5bwi2,STAGING,2025-02-11T12:00:31.000Z,yes,bima_kavach,BimaKavach
jy3979,STAGING,2025-02-12T05:51:58.000Z,yes,judson_test,judsonTest
e654m7,STAGING,2025-02-12T09:22:38.000Z,no,hyperverge_engineering_team,HyperVerge Engineering Team
9n6pot,STAGING,2025-02-12T11:28:09.000Z,no,choice_tech_labs,Choice Tech Labs
19um92,STAGING,2025-02-12T11:55:18.000Z,yes,religare_com,religare.com
df1mq5,STAGING,2025-02-13T05:36:36.000Z,no,c_edge,C-Edge
f9uqm9,STAGING,2025-02-13T06:01:54.000Z,yes,hemmings,Hemmings
zmz3p6,PRODUCTION,2025-02-13T06:15:44.000Z,no,blitz_now,BlitzNow
kxov9w,PRODUCTION,2025-02-13T09:45:56.000Z,no,go_kiwi,Go Kiwi
8wsxid,PRODUCTION,2025-02-14T04:19:50.000Z,no,manappuram,Manappuram
fpsc7t,STAGING,2025-02-14T07:09:20.000Z,no,zaggle_prepaid_ocean_services_ltd,Zaggle Prepaid Ocean Services Ltd
4xfshr,STAGING,2025-02-14T12:44:43.000Z,yes,blink_money,Blink Money
kcrcbu,STAGING,2025-02-14T13:24:59.000Z,no,indiabit,Indiabit
0is9vk,STAGING,2025-02-17T04:18:58.000Z,yes,sfvn_vietnam,SFVN - Vietnam
n6g68c,STAGING,2025-02-17T04:19:29.000Z,no,hyperverge_hyperdrive_demo_client,hyperverge_hyperdrive_demo_client
8la6q0,STAGING,2025-02-17T09:15:02.000Z,no,fibmesh,Fibmesh
w1qwq4,STAGING,2025-02-17T09:36:20.000Z,no,tata_capital,Tata Capital
cuixsa,PRODUCTION,2025-02-17T09:36:32.000Z,no,tata_capital,Tata Capital
rsan97,PRODUCTION,2025-02-17T13:17:06.000Z,yes,dotpe_capital,DotPe Cappitals
ky16qi,STAGING,2025-02-17T13:37:51.000Z,no,et_money,ET Money
7qm99e,STAGING,2025-02-18T05:22:37.000Z,no,l_t,L&T 
d3ohkk,STAGING,2025-02-18T06:14:28.000Z,yes,rummy_verse,RummyVerse
rgowm1,PRODUCTION,2025-02-18T06:18:59.000Z,no,aventus_-_kenya,Aventus - Kenya
o2njqh,STAGING,2025-02-18T06:45:48.000Z,no,icici_lombard_agent_onboarding_flow_journey,ICICI Lombard Agent Onboarding Flow Journey
6x0bw7,STAGING,2025-02-18T08:33:42.000Z,no,groww,Groww
iuwjb6,STAGING,2025-02-18T09:02:26.000Z,yes,win_zo,winZO 
39mjgu,STAGING,2025-02-18T09:45:54.000Z,no,stockedge_com,stockedge.com
0qmbni,STAGING,2025-02-18T09:51:53.000Z,yes,bachatt_app,bachatt.app
yufk8w,STAGING,2025-02-19T09:54:31.000Z,no,hdfcfund_com,hdfcfund.com
3umnlb,STAGING,2025-02-19T11:18:18.000Z,yes,hushmingle,Hushmingle
sobs2c,STAGING,2025-02-19T12:38:03.000Z,yes,ksf_paytm,KSF-Paytm
8et5na,STAGING,2025-02-19T12:43:31.000Z,no,manashree_insurance,Manashree Insurance
9f9o33,STAGING,2025-02-20T08:04:14.000Z,no,edelweissgi,EdelweissGI
j75mjh,STAGING,2025-02-20T10:27:39.000Z,yes,zypp_electric,Zypp Electric
mn6qim,STAGING,2025-02-20T13:25:59.000Z,yes,panchayat,Panchayat
bcpirv,STAGING,2025-02-21T09:07:27.000Z,no,hinduja_group,Hinduja Group
5v22ud,STAGING,2025-02-24T07:25:12.000Z,yes,astrotalk,Astrotalk
5rm4ht,STAGING,2025-02-24T07:49:42.000Z,no,momoney,momoney
kfbymh,STAGING,2025-02-24T11:49:15.000Z,no,ventura_1,Ventura1
vebb4a,STAGING,2025-02-24T18:51:29.000Z,no,union_bank,Union Bank 
cijqr5,PRODUCTION,2025-02-25T06:33:32.000Z,no,hsbc,HSBC
8tcct2,STAGING,2025-02-25T09:39:29.000Z,yes,lendo_credit,Lendo Credit
g72r60,STAGING,2025-02-25T09:59:56.000Z,yes,vundee,Vundee
wggfhd,PRODUCTION,2025-02-25T12:51:09.000Z,no,ksf_money_tap,KSF-MoneyTap
z8l1k3,STAGING,2025-02-25T13:59:41.000Z,no,metaspace_labs_information_technology_llc,Floxy Labs Informtion Technology LLC
vnvhzj,STAGING,2025-02-25T17:44:18.000Z,no,tax_nodes,Tax Nodes
45z0me,PRODUCTION,2025-02-26T04:01:09.000Z,no,id_vend,IDVend
ydauak,PRODUCTION,2025-02-26T06:54:51.000Z,no,koin_bx,KoinBX
j07rip,STAGING,2025-02-26T07:10:59.000Z,yes,edufund,edufund
whgce4,STAGING,2025-02-26T07:18:30.000Z,no,assetplus_io,assetplus.io
q15usf,STAGING,2025-02-26T10:51:24.000Z,yes,kotak_amc,kotak amc
i12aq7,STAGING,2025-02-26T11:54:46.000Z,no,HV,HyperVerge
htrri5,STAGING,2025-02-26T12:12:53.000Z,yes,paramountmail,Paramountmail
6zuant,STAGING,2025-02-27T03:40:37.000Z,no,unobank_ph,Unobank Ph
9auv8v,STAGING,2025-02-27T04:29:44.000Z,no,chola_finance,Chola Finance
o9wl5j,STAGING,2025-02-27T04:44:39.000Z,no,funds_india,FundsIndia
ryd5wi,STAGING,2025-02-27T05:01:55.000Z,no,tucows_inc,Tucows Inc.
0i17a4,PRODUCTION,2025-02-27T06:22:34.000Z,no,cred,CRED
fx4uyy,PRODUCTION,2025-02-28T04:49:11.000Z,no,tax_nodes,Tax Nodes
fpglp9,PRODUCTION,2025-02-28T04:55:32.000Z,no,werize-dkyc-test,WeRize
3tzw53,STAGING,2025-02-28T08:52:02.000Z,no,posivapp,Posivapp
74k2xh,STAGING,2025-02-28T09:41:36.000Z,no,united_india_insurance,United India Insurance
x3pgyr,STAGING,2025-02-28T12:40:31.000Z,yes,veena_expert_vault,Veena Expert Vault 
1irvyp,STAGING,2025-02-28T17:17:14.000Z,no,1_fi_in,1fi.in
nkniko,PRODUCTION,2025-03-03T07:50:32.000Z,no,poonawallafincorp_com,poonawallafincorp.com
3am9oi,STAGING,2025-03-03T09:16:07.000Z,no,apollo_finvest,Apollo Finvest
swsa7f,STAGING,2025-03-03T12:08:37.000Z,no,personal_collection_phl,Personal Collection- PHL
7mqg5o,STAGING,2025-03-03T13:54:08.000Z,yes,bharat_co_operative_bank_mumbai_ltd,Bharat Co-operative Bank (Mumbai) Ltd.
74px30,STAGING,2025-03-03T15:08:56.000Z,yes,railyapp,Railyapp
mwspuv,STAGING,2025-03-05T09:46:37.000Z,yes,branch_x,branchX
lnssp2,STAGING,2025-03-05T11:24:13.000Z,yes,crypto_wala,CryptoWala
2wugbc,STAGING,2025-03-05T13:00:06.000Z,no,cred,CRED
7oo2hh,STAGING,2025-03-05T13:21:55.000Z,no,phonepe_private_limited,Phonepe Private Limited
3zaw8h,STAGING,2025-03-05T13:33:14.000Z,yes,impactica,Impactica
0hamt5,STAGING,2025-03-05T14:12:38.000Z,yes,saulikh,Saulikh
qrquh6,STAGING,2025-03-05T14:19:20.000Z,yes,zoral,Zoral
p02eka,STAGING,2025-03-05T16:59:33.000Z,no,hyperverge_integrations_team,HyperVerge Integrations Team
0vju75,STAGING,2025-03-06T07:27:16.000Z,yes,blocksmith,Blocksmith
9rtdvn,PRODUCTION,2025-03-06T08:56:04.000Z,no,shoonya,Shoonya
qp8vhf,STAGING,2025-03-06T10:57:27.000Z,no,ltfs,LTFS
gqi47v,PRODUCTION,2025-03-06T10:57:53.000Z,no,ltfs,LTFS
23usfh,PRODUCTION,2025-03-06T12:19:08.000Z,no,vivriti_capital,Vivriti Capital
e2mpai,STAGING,2025-03-06T12:52:15.000Z,yes,admf_gamebite_war_private_limited,ADMF GAMEBITE WAR PRIVATE LIMITED
42v9gi,STAGING,2025-03-07T06:43:21.000Z,no,angel_one,AngelOne
1uylc3,PRODUCTION,2025-03-07T06:43:37.000Z,no,angel_one,AngelOne
kno6a7,STAGING,2025-03-07T07:01:50.000Z,no,ksf_pay_tm,KSF-PayTM
jjqxia,PRODUCTION,2025-03-07T08:36:38.000Z,no,groww,Groww
4mvtl5,PRODUCTION,2025-03-10T09:32:10.000Z,no,hdfc_life_pension,HDFC Life Pension
sy09fv,STAGING,2025-03-11T08:01:15.000Z,yes,gmac_examity,GMAC - Examity
2ze50q,STAGING,2025-03-11T09:56:00.000Z,yes,aaron_bux,Aaron Bux
57if8v,STAGING,2025-03-11T11:13:20.000Z,yes,pia,PIA
k7sbtc,PRODUCTION,2025-03-11T14:01:37.000Z,no,HV,HyperVerge
ywsqes,STAGING,2025-03-12T05:39:41.000Z,no,sscgi,SSCGI
cerm3o,STAGING,2025-03-12T07:04:31.000Z,yes,nest_india_pvt_limited,Nest India Pvt Limited
lfvs4l,PRODUCTION,2025-03-12T12:16:59.000Z,no,united_india_insurance,United India Insurance
r9unsp,PRODUCTION,2025-03-12T13:51:09.000Z,no,travferr,Travferr
fprwf7,STAGING,2025-03-13T02:27:25.000Z,no,shb_finance,SHB Finance
jc65s4,STAGING,2025-03-13T06:10:20.000Z,yes,dsp_mf,DSP MF
qjzyj6,STAGING,2025-03-13T06:49:25.000Z,yes,alkimi,Alkimi
6y7kpd,STAGING,2025-03-13T07:00:50.000Z,yes,canararobeco,canararobeco
j12ewa,STAGING,2025-03-13T10:44:31.000Z,yes,coaxlure,Coaxlure
y2kob2,STAGING,2025-03-13T11:53:03.000Z,yes,ziffi_chess,Ziffi Chess
jn9u04,PRODUCTION,2025-03-13T13:01:40.000Z,no,hyperverge_production_systems,HyperVerge Production Systems
opoquw,STAGING,2025-03-13T13:52:24.000Z,no,respo,Respo
if8dn2,STAGING,2025-03-14T06:42:24.000Z,yes,kiara_inc,Kiara Inc
reljct,STAGING,2025-03-14T08:50:45.000Z,no,trade_credit,TradeCredit 
08lnsb,STAGING,2025-03-16T09:14:58.000Z,no,hyperverge_integrations_team,HyperVerge Integrations Team
l7vv4g,STAGING,2025-03-17T05:43:36.000Z,no,muthoot_fincorp,Muthoot Fincorp
llsj9b,STAGING,2025-03-17T05:47:52.000Z,no,finova_capital,Finova Capital
gysohr,PRODUCTION,2025-03-17T08:39:26.000Z,no,manashree_insurance,Manashree Insurance
5owlkw,STAGING,2025-03-17T08:48:07.000Z,no,hero_fincorp,Hero Fincorp
ovw8xl,STAGING,2025-03-17T11:55:05.000Z,yes,big_daddy,Big Daddy
xqr03h,STAGING,2025-03-17T12:04:35.000Z,yes,asbl,ASBL
z21u18,STAGING,2025-03-17T13:47:45.000Z,no,united_india_insurance,United India Insurance
lmp5cm,PRODUCTION,2025-03-18T06:11:12.000Z,no,unitic_exchange,Unitic Exchange
jk5hbd,STAGING,2025-03-18T07:27:20.000Z,no,muthoot_fincorp,Muthoot Fincorp
63x0o6,PRODUCTION,2025-03-18T10:39:09.000Z,no,united_india_insurance,United India Insurance
psx0hb,PRODUCTION,2025-03-18T11:16:27.000Z,no,bajaj_auto_credit,Bajaj Auto Credit
25smr2,STAGING,2025-03-19T09:26:15.000Z,no,kotak_811,Kotak 811
j91cox,STAGING,2025-03-19T10:07:26.000Z,no,vietcombank,Vietcombank
nd5hfq,STAGING,2025-03-19T10:17:35.000Z,no,dexter_internal,dexter internal
8s9doc,STAGING,2025-03-20T06:43:08.000Z,yes,probzin,Probzin
49tujx,PRODUCTION,2025-03-20T06:44:51.000Z,no,galaxy_health_insurance,Galaxy Health Insurance
ljx9dl,PRODUCTION,2025-03-20T08:46:00.000Z,no,hero_fincorp,Hero Fincorp
tstf16,STAGING,2025-03-20T10:16:11.000Z,no,expansion_capital_group,Expansion Capital Group
dwosa2,STAGING,2025-03-20T12:09:18.000Z,yes,kuwy_technology_service_private_limited,KUWY Technology Service Private Limited
sy06ho,STAGING,2025-03-21T10:30:35.000Z,yes,axs_solutions,AXS Solutions
uwzlsy,STAGING,2025-03-24T05:46:06.000Z,no,lic,LIC
6w1yrh,PRODUCTION,2025-03-24T06:49:19.000Z,no,swiggy,Swiggy
rlttmy,STAGING,2025-03-24T08:11:43.000Z,yes,code_prism,CodePrism
talheg,STAGING,2025-03-24T08:20:41.000Z,no,jubilant,Jubilant
gngnvx,PRODUCTION,2025-03-24T09:20:24.000Z,no,yulu_bikes,Yulu Bikes
z2ufgz,PRODUCTION,2025-03-24T10:47:53.000Z,no,workflow_builder_developer_team,Workflow Builder Developer Team
3eqtvb,STAGING,2025-03-24T13:02:21.000Z,no,truecaller,Truecaller
2efz3c,PRODUCTION,2025-03-24T13:02:34.000Z,no,truecaller,Truecaller
uj39xb,STAGING,2025-03-24T14:12:34.000Z,yes,phillip_capital,PhillipCapital
qbhozw,PRODUCTION,2025-03-25T05:46:25.000Z,no,balic,BALIC
yu8q1f,STAGING,2025-03-25T06:36:56.000Z,no,HV,HyperVerge
puryjk,STAGING,2025-03-25T06:55:35.000Z,no,chola_finance,Chola Finance
xekc0h,STAGING,2025-03-25T07:09:15.000Z,no,centreax_uno,Centreax + UNO
jycvtp,PRODUCTION,2025-03-25T09:51:58.000Z,no,poonawallafincorp_com,poonawallafincorp.com
kebec9,PRODUCTION,2025-03-25T11:26:20.000Z,yes,jubilant,Jubilant
gzbm8k,STAGING,2025-03-26T06:12:58.000Z,no,zokudo,zokudo
8sxja8,STAGING,2025-03-26T06:22:36.000Z,no,ltfs,LTFS
auorm8,STAGING,2025-03-26T06:52:37.000Z,no,choice_tech_labs,Choice Tech Labs
ptu5d9,STAGING,2025-03-26T09:58:30.000Z,no,prod_test_1,prod test 12
nn6mhy,STAGING,2025-03-27T05:58:15.000Z,no,s_ib,S&IB
2edqpj,STAGING,2025-03-27T09:32:32.000Z,yes,biome,Biome
r0ozly,STAGING,2025-03-27T11:13:19.000Z,yes,telugu_matchmakers,Telugu Matchmakers
5f67bg,STAGING,2025-03-27T14:31:23.000Z,yes,sanjog_matrimony,Sanjog Matrimony
yvtqyj,STAGING,2025-03-27T15:04:30.000Z,yes,stv,STV
xqfk37,PRODUCTION,2025-03-28T06:23:18.000Z,no,getaugie,GetAugie
pk1cfk,PRODUCTION,2025-03-28T09:34:59.000Z,no,ksf_cred,KSF-CRED
bt394u,STAGING,2025-03-28T12:09:30.000Z,yes,collab_space,CollabSpace
sqae2e,STAGING,2025-03-28T15:43:50.000Z,no,invsify,Invsify
1dgqfp,STAGING,2025-03-31T16:41:22.000Z,no,kapitus,Kapitus
2d5wkm,STAGING,2025-04-01T07:09:20.000Z,no,seracle,Seracle
tcam7n,PRODUCTION,2025-04-01T10:35:00.000Z,no,nirmal_bang,Nirmal Bang 
825ou0,PRODUCTION,2025-04-01T11:33:56.000Z,no,chola_finance,Chola Finance
khvn0l,STAGING,2025-04-02T04:09:58.000Z,yes,duit_digital,Duit Digital
30i2gu,STAGING,2025-04-02T04:48:51.000Z,no,chola_finance,Chola Finance
z8ey8p,PRODUCTION,2025-04-02T05:53:54.000Z,no,payoneer_nb,Payoneer - NB
1ap39o,STAGING,2025-04-02T06:35:06.000Z,yes,castler,Castler
x3t1yv,STAGING,2025-04-02T07:55:27.000Z,yes,oroboro,Oroboro
hlntkc,STAGING,2025-04-02T09:29:11.000Z,no,pay_u,PayU
2kzocf,STAGING,2025-04-02T10:36:57.000Z,yes,dispatch_network,Dispatch Network
3t9jlj,PRODUCTION,2025-04-02T10:47:54.000Z,no,loan_digit,LoanDigit
8pal71,STAGING,2025-04-02T10:53:55.000Z,no,northern_arc_capital,Northern Arc Capital
wawpct,STAGING,2025-04-02T12:36:29.000Z,no,mirae_asset_securities,Mirae Asset Securities
0gmfs1,STAGING,2025-04-02T13:18:32.000Z,no,porter,Porter
dvfnw8,PRODUCTION,2025-04-03T06:29:52.000Z,yes,nirmal_bang,Nirmal Bang 
c915ku,PRODUCTION,2025-04-03T07:25:05.000Z,yes,nirmal_bang,Nirmal Bang 
igx12x,PRODUCTION,2025-04-03T08:08:22.000Z,yes,juleo,Juleo
2xhxwn,STAGING,2025-04-03T08:38:32.000Z,no,transcorp_india,Transcorp India
b4jds4,PRODUCTION,2025-04-03T12:12:35.000Z,no,dezerv,Dezerv
0f2ode,STAGING,2025-04-04T07:16:58.000Z,no,vrisha_fintech_private_limited,Vrisha Fintech Private Limited
p520jy,STAGING,2025-04-04T09:51:52.000Z,no,almondz_nb,Almondz - NB
svxdaa,STAGING,2025-04-07T05:01:33.000Z,yes,zenwork,Zenwork
j6mt5r,STAGING,2025-04-07T05:45:11.000Z,no,aspire_finance,Aspire Finance
noeb3w,STAGING,2025-04-07T06:56:58.000Z,yes,varthana,Varthana
6drcbg,STAGING,2025-04-07T08:33:23.000Z,yes,stock_hut,StockHut 
qtxs6b,STAGING,2025-04-07T10:53:50.000Z,no,unobank_ph,Unobank Ph
ubr0i6,STAGING,2025-04-07T10:54:13.000Z,no,unobank_ph,Unobank Ph
gs2oe9,STAGING,2025-04-07T11:09:44.000Z,no,c_edge,C-Edge
tzldob,PRODUCTION,2025-04-07T13:16:15.000Z,no,unobank_ph,Unobank Ph
xmpm0i,STAGING,2025-04-08T06:51:55.000Z,no,zeffo_icici_amc_gift_card,Zeffo - ICICI AMC Gift Card
bxgln9,STAGING,2025-04-08T08:35:35.000Z,no,hero_fincorp,Hero Fincorp
kwknss,STAGING,2025-04-08T08:44:36.000Z,no,hacker_earth,Hacker Earth
9l4xo7,STAGING,2025-04-08T09:59:13.000Z,yes,achiievers_equities,Achiievers Equities
8f2mej,PRODUCTION,2025-04-08T10:26:40.000Z,no,rainbow_fintech,Rainbow Fintech 
ahizp2,STAGING,2025-04-08T11:44:01.000Z,yes,astra_education,Astra Education
hmwljj,STAGING,2025-04-09T10:45:48.000Z,no,geojit_financial,Geojit Financial
t8mck0,STAGING,2025-04-09T13:42:06.000Z,no,ola,Ola Wallet
xyjqwd,STAGING,2025-04-09T20:14:13.000Z,yes,inox,INOX
i0nsc3,PRODUCTION,2025-04-10T03:08:23.000Z,yes,micelio,Micelio
48czp1,STAGING,2025-04-10T06:43:36.000Z,no,zokudo,zokudo
a7ahwm,PRODUCTION,2025-04-10T09:49:51.000Z,no,vidyut_tech,vidyut tech
cp3vxg,STAGING,2025-04-10T11:19:35.000Z,no,apnamart,Apnamart
t9u8q7,PRODUCTION,2025-04-10T11:19:45.000Z,no,apnamart,Apnamart
tywix8,STAGING,2025-04-11T04:20:26.000Z,no,ind_money,INDMoney
3vcwch,PRODUCTION,2025-04-11T04:20:37.000Z,no,ind_money,INDMoney
5272xs,STAGING,2025-04-14T10:24:24.000Z,no,ltfs,LTFS
fpzinm,PRODUCTION,2025-04-15T07:23:47.000Z,no,ksf_pay_tm,KSF-PayTM
cu8nu5,PRODUCTION,2025-04-15T09:06:12.000Z,no,fair_money_nigeria,FairMoney - Nigeria
3lediq,STAGING,2025-04-15T09:58:58.000Z,yes,sahyog_jeevan,Sahyog Jeevan
64bhow,STAGING,2025-04-15T10:47:54.000Z,yes,profit_trade,Profit Trade
xvia09,STAGING,2025-04-15T15:32:32.000Z,yes,growth_boosters_business_intermediaries_limited,Growth Boosters Business Intermediaries Limited
vybmti,PRODUCTION,2025-04-16T07:13:01.000Z,no,hero_fincorp,Hero Fincorp
98larc,STAGING,2025-04-16T07:33:24.000Z,yes,outreach_money,Outreach Money
djwmyk,STAGING,2025-04-16T09:57:43.000Z,no,rev_21_labs_inc,Rev21 Labs Inc.
ucaew2,STAGING,2025-04-16T17:45:45.000Z,yes,payzeep,Payzeep`
n6dacj,STAGING,2025-04-17T05:11:00.000Z,no,koin_park_nb,KoinPark NB
kg01ic,STAGING,2025-04-17T05:15:07.000Z,yes,yanmar,Yanmar
az16na,STAGING,2025-04-17T07:44:12.000Z,yes,exact_match,Exact Match
dx87qn,STAGING,2025-04-17T07:58:17.000Z,yes,cab_me,CabMe
kne8ek,STAGING,2025-04-17T08:46:39.000Z,yes,fusion_finance,Fusion Finance
hdyeem,STAGING,2025-04-17T09:17:26.000Z,yes,find_humsafar,FindHumsafar
6f58ki,PRODUCTION,2025-04-17T09:23:37.000Z,yes,ardent_capital,Ardent Capital
5gcoxj,STAGING,2025-04-17T09:27:52.000Z,yes,gplay_hyperkyc_testing,Google Play HyperKYC Testing
0rg6am,STAGING,2025-04-17T11:10:26.000Z,yes,axponent,Axponent
sc85p2,STAGING,2025-04-22T07:00:43.000Z,yes,cashtree_finance_pvt_ltd,Cashtree Finance Pvt Ltd
ekywxb,STAGING,2025-04-22T10:13:34.000Z,no,HV,HyperVerge
sgfr8y,STAGING,2025-04-22T11:39:57.000Z,yes,trifler,Trifler
538ueb,STAGING,2025-04-22T11:55:02.000Z,no,wahed_invest_llc,Wahed Invest LLC
xiesba,STAGING,2025-04-22T12:09:34.000Z,no,pine_labs,Pinelabs
ppi1hz,STAGING,2025-04-22T14:00:35.000Z,no,finnable,Finnable
p0875p,STAGING,2025-04-23T05:47:39.000Z,no,dollarpe,DollarPe
8abd9w,PRODUCTION,2025-04-23T06:06:11.000Z,no,hd_bank,HD Bank
2xsdpl,PRODUCTION,2025-04-23T06:07:09.000Z,yes,hd_bank,HD Bank
ctcupw,STAGING,2025-04-23T06:10:47.000Z,no,karnataka_bank,Karnataka Bank
n5b7wb,STAGING,2025-04-23T06:22:42.000Z,yes,shinan_bank,Shinan Bank
4qffwt,STAGING,2025-04-23T07:51:26.000Z,yes,smartstaff,Smartstaff
o9gmzt,STAGING,2025-04-23T07:55:10.000Z,no,battle_bucks,BattleBucks
ogsezh,STAGING,2025-04-23T15:54:53.000Z,no,east_west_bank_phl,EastWest Bank PHL
0589rp,STAGING,2025-04-23T16:16:21.000Z,no,phl_telehealth,PHL Telehealth
xm6o66,STAGING,2025-04-24T07:08:33.000Z,yes,suman_krishnakumar,Marriage Smile
brb968,STAGING,2025-04-24T08:32:25.000Z,yes,secure_pay,SecurePay
dlasd8,STAGING,2025-04-24T10:04:54.000Z,yes,ht_digital,HT Digital
6bha1x,STAGING,2025-04-24T10:38:50.000Z,no,hsbc_phl,HSBC PHL
5cbzmx,STAGING,2025-04-24T11:48:59.000Z,no,go_yubi,Go Yubi
rz35qe,STAGING,2025-04-24T11:57:50.000Z,no,dezerv,Dezerv
y3h4s6,PRODUCTION,2025-04-24T11:57:59.000Z,no,dezerv,Dezerv
oa2vfy,PRODUCTION,2025-04-24T12:36:46.000Z,no,elastic_devs,Elastic Devs
3ze9qf,STAGING,2025-04-24T13:23:06.000Z,yes,murthy_testing,Murthy - Testing
ocgew2,STAGING,2025-04-25T06:51:19.000Z,yes,thryve_earth,Thryve.Earth
10muot,STAGING,2025-04-25T06:53:14.000Z,no,devmani_traders_pvt_ltd,Devmani Traders Pvt. Ltd.
y45oqf,STAGING,2025-04-25T06:54:28.000Z,yes,one_assist, OneAssist 
uyls72,PRODUCTION,2025-04-25T08:53:38.000Z,no,united_india_insurance,United India Insurance
c6kxw7,STAGING,2025-04-25T10:36:02.000Z,yes,bounce_share,Bounce Share
o50xz3,STAGING,2025-04-25T11:34:26.000Z,yes,rampnow,Rampnow
nw359w,PRODUCTION,2025-04-28T08:15:55.000Z,no,vodafone,Vodafone
5yuurp,STAGING,2025-04-28T11:02:13.000Z,yes,destination_drives,Destination Drives
ok8lq4,STAGING,2025-04-28T11:06:01.000Z,yes,arth_gyan,ArthGyan
3wjxm0,STAGING,2025-04-28T12:16:17.000Z,no,connecto_live,Connecto.live
vrrpap,STAGING,2025-04-28T13:27:10.000Z,yes,innoviti,Innoviti
4q7rzm,PRODUCTION,2025-04-28T16:12:38.000Z,no,aspire_finance,Aspire Finance
falnss,PRODUCTION,2025-04-29T06:31:27.000Z,no,zokudo,zokudo
hwxa3v,STAGING,2025-04-29T06:54:02.000Z,no,aeroflex_finance_private_limited,Aeroflex Finance Private Limited
yf9atv,STAGING,2025-04-29T11:25:32.000Z,no,swiggy,Swiggy
2fmv1k,STAGING,2025-04-29T12:00:50.000Z,yes,dodo_web_3,Dodo Web3
bks2mk,STAGING,2025-04-29T12:04:21.000Z,yes,shinahn_bank,Shinahn Bank
duvy1w,STAGING,2025-04-30T06:41:42.000Z,yes,u_drivo,UDrivo
q4q46t,STAGING,2025-04-30T11:32:15.000Z,yes,grab_in,Grab.in
50bg9e,STAGING,2025-05-02T08:01:54.000Z,yes,navadhan_is,Navadhan - IS
ts6eke,STAGING,2025-05-02T08:03:04.000Z,yes,sample_junction,SampleJunction
musyk7,STAGING,2025-05-02T09:14:47.000Z,yes,koushik_testing_wealth_tech_demo,Koushik - Testing Wealth tech demo
3ifcai,PRODUCTION,2025-05-02T11:07:36.000Z,no,ksf_pay_sense,KSF-PaySense
cw6z3b,STAGING,2025-05-05T05:38:26.000Z,yes,121_mapping,121mapping
euv17g,STAGING,2025-05-05T08:20:34.000Z,yes,work_well,WorkWell
oka1kc,STAGING,2025-05-05T08:31:15.000Z,yes,eden,Eden
cr06rz,STAGING,2025-05-06T06:23:29.000Z,no,45_group,45 Group
8xqti2,STAGING,2025-05-06T06:25:20.000Z,yes,go_zendit, GoZendit
cwz9b6,STAGING,2025-05-06T06:26:32.000Z,yes,sroy_group, SROY group
he0un7,STAGING,2025-05-06T06:50:07.000Z,no,hero_fincorp,Hero Fincorp
c0ocx4,PRODUCTION,2025-05-06T07:21:49.000Z,no,hyperverge_production_systems,HyperVerge Production Systems
20rhen,STAGING,2025-05-06T07:25:50.000Z,no,hyper_verge_pe_team,HyperVerge PE Team
52c40h,STAGING,2025-05-06T07:27:22.000Z,yes,cypher_labs,CypherLabs
sixtx5,STAGING,2025-05-06T07:40:44.000Z,no,hyperverge_production_systems,HyperVerge Production Systems
f3p56r,STAGING,2025-05-06T09:03:33.000Z,yes,vanguard_games_ltd,Vanguard Games Ltd.
b5a71b,STAGING,2025-05-06T09:44:44.000Z,no,poonawallafincorp_com,poonawallafincorp.com
bk1ueq,STAGING,2025-05-06T09:49:42.000Z,yes,bizlin,Bizlin
t56d58,STAGING,2025-05-06T12:54:44.000Z,no,blitz_now,BlitzNow
f0ezuq,STAGING,2025-05-07T09:56:52.000Z,no,shoonya,Shoonya
wn1av7,STAGING,2025-05-07T13:33:29.000Z,no,wealth_tech_demo_account,Wealth Tech Demo Account
ya8vhz,STAGING,2025-05-08T10:08:40.000Z,no,hyperverge_engineering_team,HyperVerge Engineering Team
u53362,STAGING,2025-05-08T11:36:56.000Z,yes,naman_finance,Naman Finance
83xinl,STAGING,2025-05-09T05:59:00.000Z,no,hyperverge_engineering_platform_team_testing_client,hyperverge_engineering_platform_team_testing_client
2ov2or,STAGING,2025-05-09T07:43:54.000Z,yes,akshay_chaudhar_capvirgo_co_in,akshay.chaudhar@capvirgo.co.in
h46wu9,STAGING,2025-05-09T07:49:05.000Z,yes,gudz_in,Gudz.in
ssdg7q,PRODUCTION,2025-05-09T11:59:04.000Z,no,pine_labs,Pinelabs
ttun38,STAGING,2025-05-12T04:27:37.000Z,no,muthoot_microfin,Muthoot Microfin
iw2yqm,PRODUCTION,2025-05-12T09:09:44.000Z,no,shb_finance,SHB Finance
jeu1ag,STAGING,2025-05-12T11:41:26.000Z,yes,spyne_ai,Spyne.ai
g5zazp,PRODUCTION,2025-05-12T13:11:23.000Z,no,ab_mfb_nigeria,AB MFB Nigeria 
piukof,PRODUCTION,2025-05-12T18:07:28.000Z,no,fixerra,Fixerra
ak1qtf,STAGING,2025-05-13T07:18:07.000Z,yes,helios_global,Helios Global
11nwhc,STAGING,2025-05-13T07:18:53.000Z,yes,i_rage,iRage
6it3l9,STAGING,2025-05-13T08:05:55.000Z,no,kotak_life_insurance,Kotak Life insurance
jffauz,STAGING,2025-05-13T10:33:58.000Z,no,shoonya,Shoonya
kyn9vz,PRODUCTION,2025-05-13T12:30:29.000Z,no,shriram_finance,Shriram Finance
2mm10j,PRODUCTION,2025-05-14T10:53:02.000Z,no,aeroflex_finance_private_limited,Aeroflex Finance Private Limited
5d01wy,STAGING,2025-05-14T11:06:53.000Z,no,manappuram,Manappuram
52k16s,PRODUCTION,2025-05-14T12:15:27.000Z,no,HV,HyperVerge
ct4wfd,STAGING,2025-05-15T08:10:04.000Z,no,pay_pay,PayPay
66sk4i,STAGING,2025-05-15T12:06:45.000Z,no,stashfin,Stashfin
ubv8rb,PRODUCTION,2025-05-15T12:07:58.000Z,no,muthoot_fincorp,Muthoot Fincorp
cpax2a,STAGING,2025-05-15T12:11:15.000Z,no,muthoot_fincorp,Muthoot Fincorp
z9tpkg,STAGING,2025-05-16T09:06:59.000Z,no,api_mall,API Mall
dc4kli,STAGING,2025-05-16T10:34:22.000Z,yes,taashee,Taashee
bavsmo,PRODUCTION,2025-05-17T08:41:22.000Z,no,finnable,Finnable
19nra0,STAGING,2025-05-18T11:08:59.000Z,yes,uacrs,UACRS
423zs2,STAGING,2025-05-19T06:18:42.000Z,no,aye_finance,Aye Finance 
1v612z,STAGING,2025-05-19T08:20:51.000Z,no,sbi_hackathon,SBI Hackathon
54q2u0,STAGING,2025-05-19T10:00:05.000Z,no,credit_access_life_insurance,CreditAccess Life Insurance
tt52pm,PRODUCTION,2025-05-19T13:07:38.000Z,no,hyperverge_production_systems,HyperVerge Production Systems
h54wmm,STAGING,2025-05-20T07:48:26.000Z,no,credit_sea,CreditSea
4kapia,STAGING,2025-05-20T08:02:11.000Z,yes,lunarshift,Lunarshift
2vkied,STAGING,2025-05-20T10:04:14.000Z,no,decmeds,Decmeds
s6t2xd,STAGING,2025-05-20T10:50:27.000Z,yes,alps_ph_gsis,Alps PH - GSIS
icwjnb,STAGING,2025-05-21T10:22:02.000Z,yes,goforpolicy_insurance,Goforpolicy Insurance
qgxjog,STAGING,2025-05-22T07:08:15.000Z,no,pay_u,PayU
ytbkz1,STAGING,2025-05-22T11:45:14.000Z,yes,sourceably,Sourceably
1pgi7w,STAGING,2025-05-23T06:15:48.000Z,yes,sama_insurance,Sama Insurance
rdgyv4,STAGING,2025-05-23T06:50:02.000Z,yes,conjunctions,Conjunctions
9qdrn8,STAGING,2025-05-23T07:32:44.000Z,no,in_cred_finance,InCred Finance
d80l1d,PRODUCTION,2025-05-23T08:56:20.000Z,no,light_finance,Light Finance
19ct6g,STAGING,2025-05-23T09:45:45.000Z,no,poonawallafincorp_com,poonawallafincorp.com
blaf2p,STAGING,2025-05-23T10:22:18.000Z,no,hero_fincorp,Hero Fincorp
4jh065,PRODUCTION,2025-05-23T11:54:29.000Z,no,poonawallafincorp_com,poonawallafincorp.com
d9sezv,STAGING,2025-05-23T12:55:36.000Z,no,tide,Tide
cj07h8,STAGING,2025-05-24T16:42:55.000Z,no,hdfc_amc_partner,HDFC AMC Partner
0h2gf5,STAGING,2025-05-26T05:45:16.000Z,no,united_india_insurance,United India Insurance
g4ocya,STAGING,2025-05-26T06:17:53.000Z,no,airtel_payments_bank_retail,Airtel Payments Bank - Retail
3ntmxi,PRODUCTION,2025-05-26T06:18:12.000Z,no,airtel_payments_bank_retail,Airtel Payments Bank - Retail
v81i6s,STAGING,2025-05-26T10:24:24.000Z,yes,digilocker_testing_client,Digilocker Testing Client
3p9tiy,STAGING,2025-05-26T12:08:54.000Z,no,ksf_bharat_pe,KSF-BharatPe
iwjidl,STAGING,2025-05-26T12:28:54.000Z,no,federal_bank,Federal Bank 
s4aezd,STAGING,2025-05-27T05:23:46.000Z,no,dragon_capital,Dragon Capital
p3pdnx,STAGING,2025-05-27T05:28:46.000Z,yes,lp_bank,LPBank
wce1w4,STAGING,2025-05-27T05:47:43.000Z,no,ind_money,INDMoney
genrcz,STAGING,2025-05-27T07:13:03.000Z,no,flip_indonesia,Flip_Indonesia
x0egin,PRODUCTION,2025-05-27T11:13:19.000Z,no,kuvera_cred,Kuvera-CRED
ttqf2l,STAGING,2025-05-28T07:19:35.000Z,no,icicipruamc,ICICI AMC Channel Business
path1p,STAGING,2025-05-28T07:19:43.000Z,no,icicipruamc,ICICI AMC Channel Business
lzpzzy,STAGING,2025-05-28T07:19:48.000Z,no,icicipruamc,ICICI AMC Channel Business
ywzh2g,PRODUCTION,2025-05-28T07:26:36.000Z,no,icicipruamc,ICICI AMC Channel Business
9jnxc4,PRODUCTION,2025-05-29T13:16:20.000Z,no,my_flot,MyFlot
j4iag3,STAGING,2025-05-30T06:31:43.000Z,yes,credi_linq_ai,CrediLinq.ai
dpl5il,PRODUCTION,2025-05-30T10:09:13.000Z,yes,sama_insurance,Sama Insurance
30zg5q,PRODUCTION,2025-06-02T05:29:24.000Z,no,smart_coin,SmartCoin
x8y8na,STAGING,2025-06-02T05:49:04.000Z,no,zokudo,zokudo
pct0wb,STAGING,2025-06-02T06:37:35.000Z,no,manappuram,Manappuram
uvqj15,STAGING,2025-06-02T16:16:53.000Z,no,ltfs,LTFS
ilrxf8,PRODUCTION,2025-06-03T02:10:01.000Z,no,manappuram,Manappuram
pd2htx,STAGING,2025-06-03T07:26:55.000Z,no,super_bank,SuperBank
ltnxel,PRODUCTION,2025-06-03T07:27:44.000Z,no,super_bank,SuperBank
qm6l9j,STAGING,2025-06-03T12:04:12.000Z,no,zokudo,zokudo
majuoh,STAGING,2025-06-04T06:32:25.000Z,no,united_india_insurance,United India Insurance
vtn86w,STAGING,2025-06-04T07:04:20.000Z,no,super_bank,SuperBank
3spvlb,STAGING,2025-06-04T11:45:40.000Z,no,asirvad_finance,Asirvad Finance
1jm6m7,PRODUCTION,2025-06-05T04:42:08.000Z,no,super_bank,SuperBank
1p3nyf,STAGING,2025-06-05T09:54:28.000Z,yes,beatroute,Beatroute
rrv6rv,PRODUCTION,2025-06-05T11:08:48.000Z,no,karncy,Karncy
2nuufy,STAGING,2025-06-05T12:05:29.000Z,yes,tcs_federal,TCS-Federal
4mn0ck,PRODUCTION,2025-06-06T09:17:20.000Z,yes,admf_gamebite_war_private_limited,ADMF GAMEBITE WAR PRIVATE LIMITED
3wxwwq,PRODUCTION,2025-06-06T11:27:35.000Z,yes,admf_gamebite_war_private_limited,ADMF GAMEBITE WAR PRIVATE LIMITED
4405zn,STAGING,2025-06-09T05:28:24.000Z,no,unobank_ph,Unobank Ph
j0ncmz,STAGING,2025-06-09T11:11:41.000Z,no,swiggy,Swiggy
5bcakk,PRODUCTION,2025-06-09T11:51:28.000Z,no,cams,CAMS
dfkotj,STAGING,2025-06-10T06:24:52.000Z,yes,meesho,Meesho
qvorel,STAGING,2025-06-10T13:37:36.000Z,yes,satin_credit_care_mfi,Satin Credit Care - MFI
5jpv1r,STAGING,2025-06-10T17:20:04.000Z,yes,sparkle_microfinance_bank,Sparkle Microfinance Bank
o35kps,STAGING,2025-06-11T06:14:56.000Z,no,icici_bank,ICICI Bank
elyewd,STAGING,2025-06-11T06:59:50.000Z,no,circle,Circle
2a7iny,STAGING,2025-06-11T10:03:33.000Z,no,hyperverge_integrations_team,HyperVerge Integrations Team
e4dmzi,PRODUCTION,2025-06-11T11:48:33.000Z,yes,admf_gamebite_war_private_limited,ADMF GAMEBITE WAR PRIVATE LIMITED
7bx0lm,STAGING,2025-06-12T04:32:44.000Z,no,dragon_capital,Dragon Capital
ns819c,STAGING,2025-06-12T04:32:52.000Z,no,dragon_capital,Dragon Capital
p7d5fh,STAGING,2025-06-12T04:33:02.000Z,no,dragon_capital,Dragon Capital
w4sgzc,STAGING,2025-06-12T04:33:23.000Z,no,dragon_capital,Dragon Capital
5yli7k,STAGING,2025-06-12T06:41:50.000Z,no,super_bank,SuperBank
xbp87l,STAGING,2025-06-12T07:16:05.000Z,no,junglee_games,Junglee Games
4v2651,STAGING,2025-06-12T08:01:48.000Z,no,airtel_payments_bank_retail,Airtel Payments Bank - Retail
70r2hf,PRODUCTION,2025-06-12T11:04:23.000Z,yes,destination_drives,Destination Drives
d6izzs,STAGING,2025-06-13T05:49:35.000Z,yes,sj_internal_test_4,sj internal test 4
3jj5te,STAGING,2025-06-13T06:06:15.000Z,no,HV,HyperVerge
ymx2xm,STAGING,2025-06-13T11:31:06.000Z,no,kotak_811,Kotak 811
unt416,PRODUCTION,2025-06-13T12:29:41.000Z,no,apollo_finvest,Apollo Finvest
ta5kzy,STAGING,2025-06-16T02:31:07.000Z,no,shb_finance,SHB Finance
snmq4d,PRODUCTION,2025-06-16T03:15:10.000Z,no,trade_credit,TradeCredit 
plxfby,STAGING,2025-06-16T05:17:03.000Z,no,poonawallafincorp_com,poonawallafincorp.com
lffxzq,STAGING,2025-06-16T06:30:14.000Z,no,hdfc_amc_partner,HDFC AMC Partner
7xp45m,STAGING,2025-06-16T10:40:17.000Z,no,icicipruamc,ICICI AMC Channel Business
t40axe,PRODUCTION,2025-06-16T13:13:53.000Z,no,head_digital_works,Head Digital Works
4ri3hy,PRODUCTION,2025-06-16T13:33:51.000Z,no,mpokket_2023,Mpokket 2023
r3tarm,PRODUCTION,2025-06-16T15:01:31.000Z,yes,click_my_loan,ClickMyLoan
55zgf8,PRODUCTION,2025-06-16T18:03:15.000Z,no,ltfs,LTFS
zszn4o,PRODUCTION,2025-06-17T06:03:43.000Z,no,HV,HyperVerge
qtfum5,PRODUCTION,2025-06-17T08:43:30.000Z,no,koin_park_nb,KoinPark NB
ofdm0z,STAGING,2025-06-17T10:32:22.000Z,no,hello_wable,HelloWable
vy9hed,STAGING,2025-06-17T10:33:03.000Z,no,hello_wable,HelloWable
39t21k,STAGING,2025-06-17T10:33:07.000Z,no,hello_wable,HelloWable
zhr7fl,STAGING,2025-06-17T10:38:24.000Z,no,bajaj_securities,Bajaj Securities 
o9l3gk,STAGING,2025-06-17T20:16:37.000Z,no,e_xchange_1,eXchange1
hti1ds,STAGING,2025-06-18T06:55:33.000Z,no,coinsbit,Coinsbit
lqe728,PRODUCTION,2025-06-18T09:58:42.000Z,no,fyp_money,FYP Money
a5s2hi,PRODUCTION,2025-06-18T10:45:55.000Z,no,bajaj_securities,Bajaj Securities 
zu821q,STAGING,2025-06-19T09:29:59.000Z,no,credit_access_life_insurance,CreditAccess Life Insurance
3st1ib,STAGING,2025-06-19T11:20:52.000Z,yes,sj_test_127,sj test 127
0lsbdj,STAGING,2025-06-19T14:02:08.000Z,no,one_percent,One Percent
z613wq,PRODUCTION,2025-06-20T06:57:49.000Z,no,credit_sea,CreditSea
b575ll,STAGING,2025-06-20T07:43:24.000Z,no,ram_fincorp,Ram Fincorp
zvfg6m,STAGING,2025-06-20T09:44:54.000Z,no,home_credit_india,Home Credit India
qlcete,PRODUCTION,2025-06-20T11:07:33.000Z,no,hyperverge_production_systems,HyperVerge Production Systems
41qk8g,STAGING,2025-06-20T13:53:14.000Z,no,fusion_finance_pvt_ltd,Fusion Finance Pvt Ltd
8hqjjb,STAGING,2025-06-23T12:08:14.000Z,no,sterling_bank,SterlingBank
b52buf,STAGING,2025-06-23T12:24:15.000Z,no,sterling_bank,SterlingBank
v1vfer,STAGING,2025-06-23T12:26:33.000Z,no,HV,HyperVerge
z3arfz,PRODUCTION,2025-06-24T03:37:56.000Z,no,shb_finance,SHB Finance
6uw1o2,STAGING,2025-06-24T05:30:16.000Z,no,pay_u,PayU
enwczd,STAGING,2025-06-24T07:26:39.000Z,yes,gameskraft,Gameskraft
077ubg,STAGING,2025-06-24T08:16:43.000Z,yes,hv_internal_onboarding,HVInternalOnboarding
yg3jtb,STAGING,2025-06-24T09:55:54.000Z,no,thetopclassentertainment,thetopclassentertainment
2nbjen,PRODUCTION,2025-06-24T12:25:53.000Z,no,hyperverge_production_systems,HyperVerge Production Systems
pfkjoi,PRODUCTION,2025-06-25T12:54:23.000Z,no,billion_loans,Billion Loans
7ag6vt,STAGING,2025-06-26T03:55:23.000Z,no,shb_finance,SHB Finance
rvreae,PRODUCTION,2025-06-26T03:55:39.000Z,no,shb_finance,SHB Finance
3vfnb7,PRODUCTION,2025-06-26T07:19:07.000Z,yes,lip_indonesia,LIP Indonesia
pdhhj0,STAGING,2025-06-26T09:38:50.000Z,no,one_md,OneMD
lia8g0,STAGING,2025-06-27T13:26:01.000Z,no,hyperverge_support_team,HyperVerge Support Team
c7vre6,STAGING,2025-06-28T13:54:31.000Z,no,union_bank,Union Bank 
e17fri,STAGING,2025-06-30T06:25:09.000Z,no,adityabirlacapital_ltd,adityabirlacapital Ltd
k9erlq,PRODUCTION,2025-06-30T07:09:52.000Z,no,lic,LIC
at45ca,STAGING,2025-06-30T08:09:56.000Z,no,cams,CAMS
0znos0,PRODUCTION,2025-06-30T09:26:38.000Z,no,tata_capital,Tata Capital
n74jwp,STAGING,2025-06-30T15:42:53.000Z,no,poonawallafincorp_com,poonawallafincorp.com
dh0y0p,PRODUCTION,2025-06-30T16:43:06.000Z,no,battle_bucks,BattleBucks
4sucij,STAGING,2025-07-01T02:46:55.000Z,no,shb_finance,SHB Finance
hgn6y2,PRODUCTION,2025-07-01T02:47:17.000Z,no,shb_finance,SHB Finance
ws0h7r,PRODUCTION,2025-07-01T10:17:16.000Z,no,vodafone,Vodafone
dzfop8,STAGING,2025-07-02T10:24:21.000Z,no,royal_group_wing_bank_cambodia,Royal Group Wing Bank Cambodia
yoop84,STAGING,2025-07-03T07:34:04.000Z,no,hyperverge_engineering_team,HyperVerge Engineering Team
04xdi8,STAGING,2025-07-03T09:28:20.000Z,no,kotak_life_insurance,Kotak Life insurance
zf69uy,PRODUCTION,2025-07-03T10:01:17.000Z,no,hyperverge_production_systems,HyperVerge Production Systems
kuedg9,PRODUCTION,2025-07-03T12:15:31.000Z,no,chola_finance,Chola Finance
y1m0n5,STAGING,2025-07-03T12:46:55.000Z,no,hero_fincorp,Hero Fincorp
kfsd3q,STAGING,2025-07-04T08:17:12.000Z,no,tala_india,Tala - India
xa6qh1,STAGING,2025-07-07T07:28:55.000Z,no,chola_finance,Chola Finance
q255pz,STAGING,2025-07-07T09:12:34.000Z,no,grip,Grip
8z9g8o,STAGING,2025-07-07T09:16:40.000Z,no,bajaj_auto_credit,Bajaj Auto Credit
tx2o93,STAGING,2025-07-07T09:29:12.000Z,no,axio,Axio
g3zy0v,STAGING,2025-07-08T08:40:32.000Z,no,addosser,Addosser
hja9gw,STAGING,2025-07-08T10:08:49.000Z,yes,finfinity,finfinity
ib90ew,PRODUCTION,2025-07-08T10:37:19.000Z,no,unobank_ph,Unobank Ph
suplq8,STAGING,2025-07-08T16:10:52.000Z,no,hdfc_asset_management_company_limited,HDFC ASSET MANAGEMENT COMPANY LIMITED
ejbyso,STAGING,2025-07-09T08:09:40.000Z,yes,lentra,lentra
mn61su,STAGING,2025-07-09T12:25:51.000Z,no,ecg,ECG
ksc9oe,STAGING,2025-07-09T15:40:16.000Z,no,muthoot_fincorp,Muthoot Fincorp
44o4bx,STAGING,2025-07-10T09:14:36.000Z,no,unobank_ph,Unobank Ph
s2mwwr,STAGING,2025-07-10T10:45:10.000Z,yes,ageas_federal_li,Ageas Federal LI
dfvv5w,PRODUCTION,2025-07-10T11:21:03.000Z,no,paytm_first_games,PayTM First Games
1boc5b,STAGING,2025-07-10T12:07:57.000Z,no,suryoday_sfb,SuryodaySFB
8hzlrw,STAGING,2025-07-10T18:16:15.000Z,no,ecg,ECG
jclg90,PRODUCTION,2025-07-11T07:35:52.000Z,yes,marianas_rai_corp,Marianas Rai Corp
qubqg3,PRODUCTION,2025-07-11T08:05:11.000Z,no,home_credit_india,Home Credit India
cndnht,STAGING,2025-07-11T10:44:26.000Z,no,hero_fincorp,Hero Fincorp
87f1p8,STAGING,2025-07-11T11:24:03.000Z,no,indus_ind_insurance,IndusInd Insurance
n514t4,PRODUCTION,2025-07-11T12:05:42.000Z,no,volt_money,Volt Money
5937sd,PRODUCTION,2025-07-14T04:42:30.000Z,no,shriram_finance,Shriram Finance
8d8qr6,STAGING,2025-07-14T06:45:45.000Z,yes,rummy_time,Rummy Time
g4df5n,STAGING,2025-07-14T06:53:03.000Z,no,chola_finance,Chola Finance
hs554b,STAGING,2025-07-14T07:02:17.000Z,yes,gameskraft,Gameskraft
wcbbt4,STAGING,2025-07-14T07:02:35.000Z,yes,gameskraft,Gameskraft
umjz62,PRODUCTION,2025-07-14T07:38:22.000Z,no,flip_indonesia,Flip_Indonesia
ap4oxx,STAGING,2025-07-14T09:00:11.000Z,no,sss_phl,SSS PHL
sbwm1p,STAGING,2025-07-14T10:11:51.000Z,yes,gameskraft,Gameskraft
v9k28n,STAGING,2025-07-14T10:13:01.000Z,yes,gameskraft,Gameskraft
lckqjb,PRODUCTION,2025-07-14T10:13:56.000Z,yes,gameskraft,Gameskraft
2luh2o,STAGING,2025-07-14T10:14:18.000Z,yes,gameskraft,Gameskraft
tjtrzf,PRODUCTION,2025-07-14T10:14:27.000Z,yes,gameskraft,Gameskraft
klk4d7,STAGING,2025-07-14T10:15:07.000Z,yes,gameskraft,Gameskraft
oawti1,STAGING,2025-07-14T10:15:21.000Z,yes,gameskraft,Gameskraft
2c8u2k,PRODUCTION,2025-07-14T10:16:05.000Z,yes,gameskraft,Gameskraft
esay6k,STAGING,2025-07-14T10:16:21.000Z,yes,gameskraft,Gameskraft
t24xdr,PRODUCTION,2025-07-14T10:16:33.000Z,yes,gameskraft,Gameskraft
lr67ll,STAGING,2025-07-14T10:17:06.000Z,yes,gameskraft,Gameskraft
3f2bed,PRODUCTION,2025-07-14T10:17:15.000Z,yes,gameskraft,Gameskraft
xkz97p,STAGING,2025-07-14T10:17:57.000Z,yes,gameskraft,Gameskraft
wsyced,PRODUCTION,2025-07-14T10:18:08.000Z,yes,gameskraft,Gameskraft
w8z7w7,STAGING,2025-07-15T05:55:04.000Z,yes,platform_enablement_session,Platform Enablement Session
lb3grl,STAGING,2025-07-15T07:06:42.000Z,yes,meant_to_be,MeantToBe
o55u5i,STAGING,2025-07-16T11:30:57.000Z,no,tuslarent,Tuslarent
g13qhr,STAGING,2025-07-16T12:00:47.000Z,no,hyperverge_engineering_team,HyperVerge Engineering Team
wjaz0l,PRODUCTION,2025-07-16T12:26:33.000Z,no,home_credit_india,Home Credit India
yeqhsa,STAGING,2025-07-17T06:16:36.000Z,no,in_cred_finance,InCred Finance
l71t2g,STAGING,2025-07-17T06:41:17.000Z,yes,zanroo_idn,Zanroo IDN
n5agvc,STAGING,2025-07-17T07:16:40.000Z,no,hsbc_phl,HSBC PHL
7x0x5y,STAGING,2025-07-17T07:29:02.000Z,no,shb_finance,SHB Finance
hbgyu9,STAGING,2025-07-17T08:58:57.000Z,no,pice_one,pice one
armto3,STAGING,2025-07-17T09:28:46.000Z,no,fe_credit,FE Credit
euw3ua,PRODUCTION,2025-07-17T09:28:49.000Z,no,fe_credit,FE Credit
knkix5,STAGING,2025-07-17T09:30:53.000Z,yes,bit_go,BitGo
agf3rw,STAGING,2025-07-17T10:32:41.000Z,no,hdfc_asset_management_company_limited,HDFC ASSET MANAGEMENT COMPANY LIMITED
9dk7yy,STAGING,2025-07-17T13:11:02.000Z,no,ecg,ECG
tnf5oz,PRODUCTION,2025-07-17T14:18:10.000Z,no,hyperverge_production_systems,HyperVerge Production Systems
xbjy5w,PRODUCTION,2025-07-17T14:23:07.000Z,no,HV,HyperVerge
xt4o0t,STAGING,2025-07-17T14:43:49.000Z,no,aditya_birla_capital_pvt_ltd,Aditya Birla Capital Pvt Ltd
ppzes4,STAGING,2025-07-18T05:27:40.000Z,yes,rummy_time,Rummy Time
k5on57,STAGING,2025-07-18T08:19:33.000Z,yes,amazon,Amazon
d0lboq,PRODUCTION,2025-07-18T08:52:50.000Z,no,hello_wable,HelloWable
tto8ii,PRODUCTION,2025-07-18T08:53:05.000Z,no,hello_wable,HelloWable
ybjd3n,PRODUCTION,2025-07-18T10:01:53.000Z,no,hello_wable,HelloWable
3buq0x,PRODUCTION,2025-07-18T10:28:54.000Z,no,airtel_payments_bank_retail,Airtel Payments Bank - Retail
k0ivuw,PRODUCTION,2025-07-21T10:49:14.000Z,no,shoonya,Shoonya
uf9ns2,STAGING,2025-07-22T06:11:44.000Z,no,axis_bank_credit_cards,Axis bank - Credit Cards
v0df8x,STAGING,2025-07-22T08:07:37.000Z,yes,apollo_finvest,Apollo Finvest
us2jhn,STAGING,2025-07-22T08:15:22.000Z,yes,kredit_pe,Kredit Pe
1ejj1e,STAGING,2025-07-22T10:33:45.000Z,yes,airtel_payments_bank_retail,Airtel Payments Bank - Retail
dxbzv9,STAGING,2025-07-22T13:08:36.000Z,no,icici_securities,ICICI Securities
0z2vv5,STAGING,2025-07-22T13:56:24.000Z,no,the_alternative_bank,The Alternative Bank
cr4fw0,STAGING,2025-07-23T08:19:31.000Z,no,aye_finance,Aye Finance 
ihk4bn,STAGING,2025-07-23T08:51:43.000Z,no,tv_scredit_vkyc,TVScredit VKYC
04hi87,PRODUCTION,2025-07-23T10:03:19.000Z,no,hdfc_asset_management_company_limited,HDFC ASSET MANAGEMENT COMPANY LIMITED
5yaymb,PRODUCTION,2025-07-24T07:40:15.000Z,no,ltfs,LTFS
q07osf,STAGING,2025-07-25T05:48:57.000Z,no,ltfs,LTFS
gz5lg5,STAGING,2025-07-25T07:00:57.000Z,no,hdfc_amc_partner,HDFC AMC Partner
q9rr18,PRODUCTION,2025-07-25T07:12:40.000Z,no,vahan,Vahan
u6srxa,STAGING,2025-07-25T11:04:30.000Z,no,muthoot_fincorp,Muthoot Fincorp
by801s,STAGING,2025-07-25T12:28:54.000Z,no,fedbank,Fedbank
393jfe,STAGING,2025-07-25T15:21:17.000Z,yes,go_money,GoMoney 
7m76np,STAGING,2025-07-26T09:30:02.000Z,no,upsc_union_public_service_commission,UPSC - Union Public Service Commission
gdxdyq,STAGING,2025-07-28T03:57:17.000Z,yes,win_x_masan,WinX (Masan)
6amjvp,PRODUCTION,2025-07-28T07:05:04.000Z,no,thryve,Thryve
6us4ok,STAGING,2025-07-28T10:49:26.000Z,no,shoonya,Shoonya
0k0o5f,STAGING,2025-07-29T05:43:51.000Z,no,unobank_ph,Unobank Ph
zldfw6,STAGING,2025-07-29T08:58:22.000Z,yes,catholic_syrian_bank,Catholic Syrian Bank
u447j0,STAGING,2025-07-29T12:36:51.000Z,no,paytm_money,Paytm Money
qtoayo,STAGING,2025-07-29T17:23:44.000Z,no,bajaj_securities,Bajaj Securities 
ulwuyu,STAGING,2025-07-29T17:24:18.000Z,no,bajaj_securities,Bajaj Securities 
8ej82q,STAGING,2025-07-30T05:54:22.000Z,no,ltfs,LTFS
f0uezs,PRODUCTION,2025-07-30T09:54:20.000Z,no,achiievers_equities,Achiievers Equities
s4rl37,STAGING,2025-07-31T07:40:41.000Z,no,optimus_bank,Optimus Bank
h94dng,STAGING,2025-07-31T08:44:37.000Z,yes,lio_finance,lio finance
ngaxzt,PRODUCTION,2025-07-31T11:31:00.000Z,no,bajaj_securities,Bajaj Securities 
eqeqf1,STAGING,2025-07-31T11:43:52.000Z,no,HV,HyperVerge
kk6izu,STAGING,2025-08-01T12:35:20.000Z,no,smallcase_lamf,Smallcase_LAMF
0ofn8u,STAGING,2025-08-04T04:42:17.000Z,no,una_financial,Una Financial
phgo0e,STAGING,2025-08-04T05:11:33.000Z,yes,mobifone,Mobifone
eaakz0,PRODUCTION,2025-08-04T05:27:01.000Z,no,nuqiwealth_in,nuqiwealth.in
ythl11,PRODUCTION,2025-08-04T06:05:52.000Z,no,ksf_bharat_pe,KSF-BharatPe
uxqqlr,STAGING,2025-08-04T08:45:20.000Z,yes,gibl,GIBL
gc47c2,STAGING,2025-08-04T09:22:36.000Z,no,hyperverge_support_team,HyperVerge Support Team
5ad5dq,STAGING,2025-08-04T11:02:49.000Z,no,tata_capital,Tata Capital
1lo353,STAGING,2025-08-04T11:02:56.000Z,no,tata_capital,Tata Capital
r6dhia,STAGING,2025-08-04T11:20:36.000Z,no,galaxy_pay,Galaxy Pay & Joy
s9z23z,STAGING,2025-08-04T11:21:15.000Z,no,galaxy_pay,Galaxy Pay & Joy
os1qil,STAGING,2025-08-04T11:21:43.000Z,no,tata_capital,Tata Capital
e8rwcl,STAGING,2025-08-04T12:03:37.000Z,no,au_sfb,AU SFB 
1dguao,PRODUCTION,2025-08-05T07:00:07.000Z,no,hyperverge_production_systems,HyperVerge Production Systems
nf44s3,STAGING,2025-08-05T09:18:17.000Z,no,poonawallafincorp_com,poonawallafincorp.com
l00dfp,STAGING,2025-08-05T10:54:09.000Z,no,sterling_bank,SterlingBank
vd0xii,STAGING,2025-08-05T11:19:44.000Z,yes,airtel_payments_bank_retail,Airtel Payments Bank - Retail
qjfcn8,STAGING,2025-08-05T11:20:26.000Z,no,airtel_payments_bank_retail,Airtel Payments Bank - Retail
126trk,STAGING,2025-08-05T11:20:46.000Z,yes,airtel_payments_bank_retail,Airtel Payments Bank - Retail
jiil43,STAGING,2025-08-05T11:21:03.000Z,yes,airtel_payments_bank_retail,Airtel Payments Bank - Retail
ykzi53,STAGING,2025-08-05T11:21:32.000Z,yes,bitzup_exchange_limited,Bitzup Exchange Limited
xsgpbn,STAGING,2025-08-05T11:46:42.000Z,no,light_finance,Light Finance
2p7sz1,STAGING,2025-08-05T13:55:24.000Z,no,pay_u_payments,PayU Payments
8o8p1u,PRODUCTION,2025-08-06T07:23:35.000Z,no,hero_fincorp,Hero Fincorp
8fsx9g,STAGING,2025-08-06T10:33:54.000Z,no,poonawallafincorp_com,poonawallafincorp.com
msqz0t,STAGING,2025-08-06T10:34:05.000Z,no,poonawallafincorp_com,poonawallafincorp.com
mosy9s,STAGING,2025-08-06T10:34:06.000Z,no,poonawallafincorp_com,poonawallafincorp.com
x25qpw,STAGING,2025-08-06T10:34:33.000Z,no,poonawallafincorp_com,poonawallafincorp.com
cffym0,PRODUCTION,2025-08-06T10:43:51.000Z,no,poonawallafincorp_com,poonawallafincorp.com
pubd44,PRODUCTION,2025-08-06T10:44:10.000Z,no,poonawallafincorp_com,poonawallafincorp.com
k136uo,PRODUCTION,2025-08-06T10:44:20.000Z,no,poonawallafincorp_com,poonawallafincorp.com
u2sbuc,STAGING,2025-08-06T12:25:02.000Z,yes,test_kirit_varun,Test Kirit Varun
3n3x8v,STAGING,2025-08-06T17:43:03.000Z,no,union_bank,Union Bank 
dc294o,STAGING,2025-08-06T18:27:08.000Z,yes,finworld_company_limited,Finworld company limited
0bs5j6,STAGING,2025-08-06T18:48:05.000Z,no,online_loans_filipinas_inc_dfi_phl,Online Loans Filipinas Inc (DFI PHL)
pmy9jl,STAGING,2025-08-06T20:45:38.000Z,no,bank_loy_cambodia,BankLoy Cambodia
962zdz,STAGING,2025-08-07T07:30:20.000Z,no,maruti_suzuki,Maruti Suzuki
3plg4h,STAGING,2025-08-07T07:30:49.000Z,no,maruti_suzuki,Maruti Suzuki
frbzwm,PRODUCTION,2025-08-07T09:01:16.000Z,no,shoonya,Shoonya
w0vf02,STAGING,2025-08-08T13:31:39.000Z,no,union_bank,Union Bank 
c4xyy7,PRODUCTION,2025-08-08T14:00:11.000Z,no,iifl_securities,IIFL Securities
zevuhl,STAGING,2025-08-10T17:11:59.000Z,no,unobank_ph,Unobank Ph
b9l15u,STAGING,2025-08-11T14:48:56.000Z,no,hdfc_amc_partner,HDFC AMC Partner
kiz7wa,STAGING,2025-08-11T14:49:04.000Z,no,hdfc_amc_partner,HDFC AMC Partner
bjn3iy,STAGING,2025-08-12T06:50:42.000Z,no,tnex,MSB
kudv95,STAGING,2025-08-12T10:55:44.000Z,yes,winkraft,Winkraft
e568kf,STAGING,2025-08-12T13:14:55.000Z,no,ind_money,INDMoney
di4iiq,STAGING,2025-08-12T16:46:48.000Z,yes,uplyft_capital,Uplyft Capital
zqamg0,STAGING,2025-08-13T08:13:53.000Z,yes,zelthy,Zelthy
oqvcbu,STAGING,2025-08-13T08:15:48.000Z,no,face_tech_my,FaceTech MY
8las2n,PRODUCTION,2025-08-13T11:41:06.000Z,no,bajaj_securities,Bajaj Securities 
acl5q5,PRODUCTION,2025-08-13T13:42:37.000Z,no,union_bank,Union Bank 
6bkxhi,PRODUCTION,2025-08-13T17:39:10.000Z,yes,gameskraft,Gameskraft
vr7mhc,STAGING,2025-08-13T17:44:51.000Z,no,aventus_argentina,Aventus Argentina
f76n50,STAGING,2025-08-14T04:05:30.000Z,yes,srinija_demo_abc,Srinija Demo ABC
5yx7lv,STAGING,2025-08-14T05:36:00.000Z,no,flexi_loans,Flexiloans
99rn6c,STAGING,2025-08-14T07:15:16.000Z,yes,ak_capital_finance,AK Capital Finance
zkc0m7,PRODUCTION,2025-08-14T09:17:27.000Z,no,respo,Respo
ey65f3,PRODUCTION,2025-08-14T10:39:39.000Z,no,sbi_mf,SBI MF
t0wu43,STAGING,2025-08-14T16:19:55.000Z,no,fundkite,fundkite
5lefaf,STAGING,2025-08-18T02:44:57.000Z,no,xl_smart_indonesia,XLSmart Indonesia
mf8hj2,STAGING,2025-08-18T09:05:11.000Z,no,liquibonds,Liquibonds
xa6jcw,STAGING,2025-08-18T09:41:12.000Z,no,hyperverge_integrations_team,HyperVerge Integrations Team
ks6l9m,STAGING,2025-08-18T13:24:03.000Z,no,shriram_finance,Shriram Finance
m0lvgl,STAGING,2025-08-18T15:06:04.000Z,no,poonawallafincorp_com,poonawallafincorp.com
hhkwe6,STAGING,2025-08-19T04:32:09.000Z,no,fin_genie,FinGenie 
2zzefm,PRODUCTION,2025-08-19T05:23:47.000Z,yes,giggles,Giggles
1999xy,PRODUCTION,2025-08-19T06:47:19.000Z,no,bajaj_auto_credit,Bajaj Auto Credit
x5wrws,STAGING,2025-08-19T07:41:03.000Z,no,ltfs,LTFS
szgz3d,PRODUCTION,2025-08-19T09:31:28.000Z,no,hero_fincorp,Hero Fincorp
6ji8ai,PRODUCTION,2025-08-19T09:44:36.000Z,no,zokudo,zokudo
22zefb,PRODUCTION,2025-08-19T09:53:44.000Z,no,zokudo,zokudo
ao2lcv,STAGING,2025-08-19T13:32:58.000Z,yes,dezerv_distribution,Dezerv Distribution
ikaorf,PRODUCTION,2025-08-19T16:54:25.000Z,no,zokudo,zokudo
bg1unj,PRODUCTION,2025-08-19T16:57:45.000Z,no,zokudo,zokudo
50q6v0,PRODUCTION,2025-08-19T16:58:49.000Z,no,zokudo,zokudo
hnneo3,STAGING,2025-08-20T05:33:13.000Z,yes,zoho_finance_private_limited,Zoho Finance Private Limited
kicxff,STAGING,2025-08-20T06:01:22.000Z,yes,verona_club,Verona Club
obxmka,PRODUCTION,2025-08-20T14:06:39.000Z,no,one_percent,One Percent
pqbxsp,STAGING,2025-08-21T14:30:32.000Z,no,powerup_money,Powerup Money
bvydk7,STAGING,2025-08-22T02:53:19.000Z,yes,artajasa,Artajasa
5jv27s,STAGING,2025-08-22T05:31:45.000Z,yes,rupee_redee_india_new,RupeeRedee India New
twhtsj,STAGING,2025-08-22T09:13:09.000Z,yes,gameskraft,Gameskraft
yfsyew,PRODUCTION,2025-08-22T09:13:32.000Z,yes,gameskraft,Gameskraft
c6neir,STAGING,2025-08-22T09:14:12.000Z,yes,gameskraft,Gameskraft
kqwdae,PRODUCTION,2025-08-22T09:14:36.000Z,yes,gameskraft,Gameskraft
ywn09s,STAGING,2025-08-22T09:15:12.000Z,yes,gameskraft,Gameskraft
5zyzxn,PRODUCTION,2025-08-22T09:15:21.000Z,yes,gameskraft,Gameskraft
nwf5og,STAGING,2025-08-22T09:15:57.000Z,yes,gameskraft,Gameskraft
ct7wgr,PRODUCTION,2025-08-22T09:16:05.000Z,yes,gameskraft,Gameskraft
kofsm6,STAGING,2025-08-22T09:16:38.000Z,yes,gameskraft,Gameskraft
g4r97r,PRODUCTION,2025-08-22T09:16:46.000Z,yes,gameskraft,Gameskraft
cv20li,STAGING,2025-08-22T09:17:20.000Z,yes,gameskraft,Gameskraft
oqeilp,PRODUCTION,2025-08-22T09:17:30.000Z,yes,gameskraft,Gameskraft
iaavdc,STAGING,2025-08-22T09:18:01.000Z,yes,gameskraft,Gameskraft
xw5cq9,STAGING,2025-08-22T09:18:37.000Z,yes,gameskraft,Gameskraft
w8hzdr,STAGING,2025-08-22T09:19:45.000Z,yes,rummy_time,Rummy Time
usa7mr,STAGING,2025-08-22T09:39:06.000Z,no,hero_fincorp,Hero Fincorp
yzlgmh,PRODUCTION,2025-08-22T12:57:34.000Z,no,fin_genie,FinGenie 
6pqlfj,STAGING,2025-08-23T00:42:02.000Z,yes,gk_temp,gk temp
xxxtxc,PRODUCTION,2025-08-23T09:18:15.000Z,no,unobank_ph,Unobank Ph
rgitid,PRODUCTION,2025-08-23T09:18:37.000Z,no,unobank_ph,Unobank Ph
9rmowh,STAGING,2025-08-25T05:13:24.000Z,no,hyperverge_integrations_team,HyperVerge Integrations Team
a0yjhp,PRODUCTION,2025-08-25T05:23:21.000Z,no,flexi_loans,Flexiloans
ca4o72,PRODUCTION,2025-08-25T10:43:57.000Z,no,light_finance,Light Finance
1btanb,STAGING,2025-08-26T05:28:49.000Z,no,unobank_ph,Unobank Ph
kgz59x,PRODUCTION,2025-08-26T06:26:06.000Z,no,l_t,L&T 
gtghr1,PRODUCTION,2025-08-27T09:18:56.000Z,no,invsify,Invsify
mbpgs3,STAGING,2025-08-27T09:48:00.000Z,no,mai_money,MaiMoney
b6w98w,PRODUCTION,2025-08-28T03:28:11.000Z,no,zepto,Zepto
sf5ff4,STAGING,2025-08-28T05:51:03.000Z,no,hero_fincorp,Hero Fincorp
a2bnwh,STAGING,2025-08-28T08:37:57.000Z,no,zokudo,zokudo
7nabt0,PRODUCTION,2025-08-29T05:58:50.000Z,no,HV,HyperVerge
tm11zu,PRODUCTION,2025-08-29T05:58:57.000Z,no,HV,HyperVerge
spwh2e,PRODUCTION,2025-08-29T05:59:11.000Z,no,HV,HyperVerge
ubcmy0,PRODUCTION,2025-08-29T05:59:18.000Z,no,HV,HyperVerge
zn8edp,PRODUCTION,2025-08-29T05:59:22.000Z,no,HV,HyperVerge
a37v5t,PRODUCTION,2025-08-29T05:59:24.000Z,no,HV,HyperVerge
8apyjr,PRODUCTION,2025-08-29T05:59:24.000Z,no,HV,HyperVerge
ghdso1,PRODUCTION,2025-08-29T05:59:26.000Z,no,HV,HyperVerge
74mq6t,PRODUCTION,2025-08-29T05:59:34.000Z,no,HV,HyperVerge
8r2phb,PRODUCTION,2025-08-29T05:59:43.000Z,no,HV,HyperVerge
0a73nc,PRODUCTION,2025-08-29T05:59:46.000Z,no,HV,HyperVerge
ltcmsl,PRODUCTION,2025-08-29T06:00:03.000Z,no,HV,HyperVerge
rci6uw,PRODUCTION,2025-08-29T06:00:05.000Z,no,HV,HyperVerge
1qkulc,PRODUCTION,2025-08-29T06:00:09.000Z,no,HV,HyperVerge
pyzpty,PRODUCTION,2025-08-29T06:00:10.000Z,no,HV,HyperVerge
gsse44,PRODUCTION,2025-08-29T06:00:12.000Z,no,HV,HyperVerge
ttw9b7,PRODUCTION,2025-08-29T06:00:13.000Z,no,HV,HyperVerge
wxaj6v,STAGING,2025-08-29T09:44:32.000Z,yes,airtel_payments_bank_retail,Airtel Payments Bank - Retail
sr7xzl,PRODUCTION,2025-08-29T10:35:45.000Z,no,union_bank,Union Bank 
2p0h4k,STAGING,2025-08-29T10:54:42.000Z,no,shoonya,Shoonya
c00qed,STAGING,2025-08-29T11:41:58.000Z,no,zomato,Zomato
vgl1un,STAGING,2025-09-01T05:36:33.000Z,no,aspire_finance,Aspire Finance
4noddd,STAGING,2025-09-01T06:25:34.000Z,yes,nj_invest,NJ Invest
qnqz0s,STAGING,2025-09-01T07:19:48.000Z,no,hyperverge_ai_team,HyperVerge AI Team
7x4x73,PRODUCTION,2025-09-01T12:50:03.000Z,no,ecg,ECG
pvx2kz,STAGING,2025-09-01T13:53:31.000Z,no,mintyn,Mintyn 
z2sv5u,STAGING,2025-09-02T05:27:44.000Z,no,lending_plate,Lending Plate
3tcr3r,PRODUCTION,2025-09-02T05:27:57.000Z,no,lending_plate,Lending Plate
5jc9fw,STAGING,2025-09-03T05:49:28.000Z,no,karza,Karza
02w39k,STAGING,2025-09-03T09:19:49.000Z,yes,five_diamond_screening,Five Diamond Screening
06yvre,STAGING,2025-09-03T10:47:49.000Z,no,hyperverge_production_systems,HyperVerge Production Systems
sram9i,STAGING,2025-09-04T04:29:13.000Z,no,dtk_paytm_idn,DTK Paytm IDN
0ktzr1,STAGING,2025-09-04T07:04:58.000Z,no,stashfin,Stashfin
qqnu5y,STAGING,2025-09-04T08:34:46.000Z,no,hyperverge_production_systems,HyperVerge Production Systems
z4d55r,STAGING,2025-09-04T09:54:31.000Z,no,diziswap,Diziswap
3a5t7y,STAGING,2025-09-04T11:50:22.000Z,no,ind_money,INDMoney
f9xvf4,STAGING,2025-09-04T11:51:35.000Z,no,ind_money,INDMoney
utytcm,STAGING,2025-09-05T04:35:22.000Z,no,paytm_money,Paytm Money
yxalbj,PRODUCTION,2025-09-08T06:52:35.000Z,no,shoonya,Shoonya
qvxioe,STAGING,2025-09-08T06:54:09.000Z,no,united_india_insurance,United India Insurance
z7mfm8,PRODUCTION,2025-09-08T06:54:39.000Z,no,united_india_insurance,United India Insurance
59qnzj,STAGING,2025-09-08T08:52:06.000Z,no,test_prod_ip_whitelisting,test prod ip whitelisting
0ev9ff,STAGING,2025-09-08T11:41:25.000Z,no,tax_nodes,Tax Nodes
a33bl9,PRODUCTION,2025-09-08T11:41:33.000Z,no,tax_nodes,Tax Nodes
lno2j8,PRODUCTION,2025-09-08T14:00:39.000Z,no,shoonya,Shoonya
r0n29w,PRODUCTION,2025-09-09T06:06:23.000Z,no,zokudo,zokudo
1yi6wk,PRODUCTION,2025-09-09T06:06:51.000Z,no,zokudo,zokudo
gikmih,STAGING,2025-09-09T07:36:08.000Z,no,pay_pay,PayPay
w7xza2,STAGING,2025-09-09T10:34:07.000Z,no,one_percent,One Percent
e4f1hf,PRODUCTION,2025-09-09T10:34:20.000Z,no,one_percent,One Percent
8onhel,STAGING,2025-09-09T11:21:24.000Z,no,hyperverge_ai_team,HyperVerge AI Team
4j3se3,STAGING,2025-09-10T05:53:31.000Z,yes,mayank,Siddhi Traders
iosqzv,STAGING,2025-09-10T06:19:19.000Z,no,hero_fincorp,Hero Fincorp
gj9c0i,STAGING,2025-09-10T12:21:25.000Z,yes,aviva_life_insurance_company_india_ltd,Aviva Life Insurance Company India Ltd
3mv12q,STAGING,2025-09-10T12:43:50.000Z,no,siddhi_traders,Siddhi Traders
troj1h,STAGING,2025-09-10T16:36:15.000Z,no,blitz_now,BlitzNow
3u7qfs,PRODUCTION,2025-09-11T07:35:21.000Z,no,hyperverge_production_systems,HyperVerge Production Systems
t769iy,STAGING,2025-09-11T09:20:22.000Z,no,my_flot,MyFlot
tzwhln,STAGING,2025-09-11T11:45:53.000Z,no,union_bank,Union Bank 
bg7nl9,STAGING,2025-09-11T11:46:49.000Z,no,union_bank,Union Bank 
gpxsx1,STAGING,2025-09-11T20:27:55.000Z,no,advancly_ng,Advancly NG
mrfyzp,STAGING,2025-09-11T21:15:40.000Z,no,sterling_bank,SterlingBank
7im7ol,STAGING,2025-09-12T05:39:03.000Z,no,united_india_insurance,United India Insurance
dw487p,STAGING,2025-09-12T08:21:55.000Z,no,finofin_investment_advisory,Finofin Investment Advisory 
036wde,PRODUCTION,2025-09-12T09:10:09.000Z,no,chola_finance,Chola Finance
xzo3k6,STAGING,2025-09-12T10:05:03.000Z,no,HV,HyperVerge
6dwmnk,PRODUCTION,2025-09-16T05:25:54.000Z,no,piramal,Piramal
qpw0cx,STAGING,2025-09-16T11:49:08.000Z,no,tata_capital,Tata Capital
proo37,STAGING,2025-09-17T04:24:46.000Z,no,pay_pay,PayPay
db7apz,STAGING,2025-09-17T04:25:24.000Z,no,pay_pay,PayPay
x4y1la,STAGING,2025-09-17T07:45:11.000Z,no,asirvad_finance,Asirvad Finance
q9gmgz,STAGING,2025-09-17T09:04:28.000Z,no,hyperverge_onboarding_agent_demo,hyperverge onboarding agent demo
py9pac,STAGING,2025-09-17T12:17:34.000Z,no,ltfs,LTFS
i5exgz,PRODUCTION,2025-09-17T12:17:45.000Z,no,ltfs,LTFS
q2tshh,PRODUCTION,2025-09-17T13:47:53.000Z,no,blitz_now,BlitzNow
vpcyoa,STAGING,2025-09-17T22:43:24.000Z,no,hdfc_amc_partner,HDFC AMC Partner
wpyhyd,STAGING,2025-09-17T22:44:12.000Z,no,hdfc_amc_partner,HDFC AMC Partner
x1dn2s,STAGING,2025-09-18T08:41:08.000Z,no,shb_finance,SHB Finance
90t8nj,PRODUCTION,2025-09-18T08:41:15.000Z,no,shb_finance,SHB Finance
36u6kd,PRODUCTION,2025-09-18T11:52:05.000Z,no,aspire_finance,Aspire Finance
58sur6,PRODUCTION,2025-09-19T06:41:34.000Z,no,liquibonds,Liquibonds
qe3s9a,STAGING,2025-09-19T07:17:07.000Z,no,jio_financial_services_ltd,Jio Financial Services Ltd
s9lwmv,PRODUCTION,2025-09-19T08:28:59.000Z,no,pay_pay,PayPay
r5jur7,PRODUCTION,2025-09-19T08:30:01.000Z,no,pay_pay,PayPay
84y90y,PRODUCTION,2025-09-19T11:23:25.000Z,no,ezms,EZMS 
4s50q4,STAGING,2025-09-21T11:53:48.000Z,no,hyperverge_engineering_team,HyperVerge Engineering Team
z5otrw,STAGING,2025-09-22T06:23:43.000Z,no,innovative_retail_concept,Innovative Retail Concept
vdni51,PRODUCTION,2025-09-22T07:08:44.000Z,no,big_daddy,Big Daddy
0uw0d9,STAGING,2025-09-22T07:31:47.000Z,no,tnex,MSB
8uy2xz,STAGING,2025-09-22T07:31:57.000Z,no,tnex,MSB
uph1zw,PRODUCTION,2025-09-22T09:13:44.000Z,no,swiggy,Swiggy
uktxgs,STAGING,2025-09-23T03:03:47.000Z,no,shb_finance,SHB Finance
y1edq3,PRODUCTION,2025-09-23T03:03:54.000Z,no,shb_finance,SHB Finance
lhh2lw,PRODUCTION,2025-09-23T06:38:30.000Z,no,hero_fincorp,Hero Fincorp
fg3dgy,PRODUCTION,2025-09-24T03:38:38.000Z,no,go_yubi,Go Yubi
8xovw5,PRODUCTION,2025-09-24T07:47:39.000Z,no,innovative_retail_concept,Innovative Retail Concept
vd6j6z,STAGING,2025-09-24T08:27:39.000Z,no,cosmic,Cosmic
oq7cji,STAGING,2025-09-24T09:21:33.000Z,no,go_digit,Go Digit
3y3s92,STAGING,2025-09-24T09:47:40.000Z,no,aditya_birla_money,Aditya Birla Money
fhgn1j,PRODUCTION,2025-09-24T10:27:02.000Z,no,powerup_money,Powerup Money
a83bii,STAGING,2025-09-24T13:57:14.000Z,yes,snabbit,snabbit
imj9op,STAGING,2025-09-24T14:23:26.000Z,no,thomas_team,Thomas Team
ibf1w1,PRODUCTION,2025-09-24T14:24:22.000Z,no,thomas_team,Thomas Team
v84hho,STAGING,2025-09-25T05:37:46.000Z,no,HV,HyperVerge
2v003p,STAGING,2025-09-25T07:00:26.000Z,no,apollo_finvest,Apollo Finvest
eoc2c6,STAGING,2025-09-25T07:00:33.000Z,yes,apollo_finvest,Apollo Finvest
9bgejx,STAGING,2025-09-25T10:41:25.000Z,no,fec,FEC
bu1l0z,STAGING,2025-09-25T10:44:01.000Z,no,fe_credit,FE Credit
zaxgkq,STAGING,2025-09-26T06:47:00.000Z,yes,care_pay,CarePay
s34iug,PRODUCTION,2025-09-26T06:47:09.000Z,no,united_india_insurance,United India Insurance
o524bt,STAGING,2025-09-26T10:50:00.000Z,yes,idfc_firstbank,IDFC_FIRSTBANK
6knwl1,PRODUCTION,2025-09-29T08:10:26.000Z,no,hsbc_phl,HSBC PHL
reznau,PRODUCTION,2025-09-29T08:26:54.000Z,no,kotak_life_insurance,Kotak Life insurance
tuz3wo,PRODUCTION,2025-09-29T11:03:21.000Z,yes,apollo_finvest,Apollo Finvest
8onblf,PRODUCTION,2025-09-29T12:26:36.000Z,no,aventus_argentina,Aventus Argentina
n14px2,STAGING,2025-09-30T04:46:19.000Z,no,sporta_technologies,Sporta Technologies
1u6n6s,STAGING,2025-09-30T09:02:08.000Z,no,golden_pi,Golden Pi
xvn9b8,PRODUCTION,2025-09-30T09:25:44.000Z,no,my_flot,MyFlot
uhz89h,PRODUCTION,2025-09-30T12:37:02.000Z,no,aws_testing,AWS - Testing
yflxh5,PRODUCTION,2025-10-01T15:57:09.000Z,no,fyers_securities,Fyers Securities
qg3bnk,STAGING,2025-10-02T05:16:26.000Z,no,pay_pay,PayPay
puob88,STAGING,2025-10-02T05:16:43.000Z,no,pay_pay,PayPay
cilp2d,STAGING,2025-10-02T14:47:17.000Z,no,one_case,OneCase
evrt64,STAGING,2025-10-03T04:43:40.000Z,no,xn_ventures,XNVentures
e8gsx5,STAGING,2025-10-03T04:46:23.000Z,no,mega_wagi,MegaWagi
8cvfbq,PRODUCTION,2025-10-03T05:48:14.000Z,no,face_tech_my,FaceTech MY
z9axy9,PRODUCTION,2025-10-03T15:39:21.000Z,no,indus_ind_insurance,IndusInd Insurance
nw49mx,STAGING,2025-10-06T04:25:47.000Z,no,pay_pay,PayPay
70avwe,STAGING,2025-10-06T07:07:32.000Z,no,hyperverge_integrations_team,HyperVerge Integrations Team
8zix38,STAGING,2025-10-06T08:29:33.000Z,no,in_cred_finance,InCred Finance
mb6ddu,STAGING,2025-10-06T09:19:20.000Z,no,mega_wagi,MegaWagi
is8orz,STAGING,2025-10-06T09:21:18.000Z,no,hyperverge_integrations_team,HyperVerge Integrations Team
8sz90n,STAGING,2025-10-06T11:05:38.000Z,no,ltfs,LTFS
gb8mh2,PRODUCTION,2025-10-06T11:05:50.000Z,no,ltfs,LTFS
dou7r8,STAGING,2025-10-07T04:20:01.000Z,yes,hd_saison,HDSaison
i5dycp,STAGING,2025-10-07T05:40:32.000Z,no,HV,HyperVerge
sc56tj,STAGING,2025-10-07T05:42:40.000Z,no,HV,HyperVerge
3lq241,STAGING,2025-10-07T05:42:57.000Z,no,HV,HyperVerge
k05lop,STAGING,2025-10-07T05:55:30.000Z,no,amar_bank_indonesia,Amar Bank Indonesia
mrvb53,STAGING,2025-10-07T07:06:59.000Z,no,hdfc_amc_partner,HDFC AMC Partner
ad3ols,STAGING,2025-10-07T12:16:57.000Z,yes,cerebellum_academy_private_limited,Cerebellum Academy Private Limited
65usuk,STAGING,2025-10-08T01:55:10.000Z,no,chola_finance,Chola Finance
xvuq8k,STAGING,2025-10-08T05:38:49.000Z,no,tata_capital,Tata Capital
zq3hqq,STAGING,2025-10-08T06:17:09.000Z,yes,prakasam_trial_client,prakasam trial client
abtxvn,STAGING,2025-10-08T11:00:38.000Z,no,personal_collection_phl,Personal Collection- PHL
hdvrjp,STAGING,2025-10-09T09:12:02.000Z,no,motovolt,Motovolt
lx7ban,PRODUCTION,2025-10-09T12:08:12.000Z,no,apollo_finvest,Apollo Finvest
sj8z95,PRODUCTION,2025-10-09T12:08:39.000Z,yes,apollo_finvest,Apollo Finvest
8kr457,STAGING,2025-10-09T13:18:39.000Z,no,home_credit_india,Home Credit India
8ghfw0,PRODUCTION,2025-10-10T06:33:03.000Z,yes,enrich_money,Enrich Money
wv9lby,STAGING,2025-10-10T06:48:21.000Z,yes,jubiliant_foods_ltd,Jubiliant Foods ltd
x92pjd,STAGING,2025-10-10T11:15:09.000Z,no,hyperverge_integrations_team,HyperVerge Integrations Team
j3ss4n,STAGING,2025-10-10T11:16:24.000Z,no,au_sfb,AU SFB 
fdb2gw,STAGING,2025-10-10T14:42:22.000Z,no,fund_kite_poc,Fund Kite POC
jvjq8d,PRODUCTION,2025-10-11T20:09:14.000Z,no,unobank_ph,Unobank Ph
62vpx1,STAGING,2025-10-13T04:54:53.000Z,no,ltfs,LTFS
y1wlka,PRODUCTION,2025-10-14T05:33:43.000Z,yes,apollo_finvest,Apollo Finvest
0hjbzh,PRODUCTION,2025-10-14T06:09:19.000Z,no,poonawallafincorp_com,poonawallafincorp.com
g294ap,STAGING,2025-10-14T07:26:05.000Z,no,hyperverge_integrations_team,HyperVerge Integrations Team
2go8zx,STAGING,2025-10-14T07:49:41.000Z,yes,shriram_life_insurance,Shriram Life Insurance 
lu4k0p,STAGING,2025-10-14T12:14:24.000Z,no,kiwi_general_insurance_limited,Kiwi General Insurance Limited
szi6n8,STAGING,2025-10-14T12:33:41.000Z,no,poonawallafincorp_com,poonawallafincorp.com
bhue6k,PRODUCTION,2025-10-14T12:33:57.000Z,no,poonawallafincorp_com,poonawallafincorp.com
gpr9fe,STAGING,2025-10-14T12:34:34.000Z,no,poonawallafincorp_com,poonawallafincorp.com
e4igt3,STAGING,2025-10-14T12:35:05.000Z,no,poonawallafincorp_com,poonawallafincorp.com
26800e,PRODUCTION,2025-10-14T12:35:17.000Z,no,poonawallafincorp_com,poonawallafincorp.com
pnvw7a,PRODUCTION,2025-10-14T12:35:27.000Z,no,poonawallafincorp_com,poonawallafincorp.com
ws6ldl,PRODUCTION,2025-10-14T13:12:51.000Z,no,siddhi_traders,Siddhi Traders
zfh035,PRODUCTION,2025-10-15T06:57:31.000Z,no,cosmic,Cosmic
gopxtn,STAGING,2025-10-15T07:57:04.000Z,no,hd_bank,HD Bank
bnfj3k,STAGING,2025-10-15T10:28:20.000Z,no,ind_money,INDMoney
7vg8zz,PRODUCTION,2025-10-15T10:28:40.000Z,no,ind_money,INDMoney
0znk65,STAGING,2025-10-15T17:39:45.000Z,yes,jupiter,Jupiter
zc93x0,STAGING,2025-10-16T03:23:22.000Z,yes,masan_consumer_group,Masan Consumer Group
xlzina,PRODUCTION,2025-10-16T08:15:34.000Z,no,cams,CAMS
12bkkk,PRODUCTION,2025-10-16T09:12:30.000Z,no,poonawallafincorp_com,poonawallafincorp.com
g3zhfc,STAGING,2025-10-16T09:13:33.000Z,no,poonawallafincorp_com,poonawallafincorp.com
vmk4fh,PRODUCTION,2025-10-16T11:16:41.000Z,no,pay_u,PayU
gw66tt,STAGING,2025-10-17T02:59:12.000Z,no,military_commercial_joint_stock_bank,Military Commercial Joint Stock Bank
otsiz0,STAGING,2025-10-17T05:10:05.000Z,no,xn_ventures,XNVentures
slsniu,PRODUCTION,2025-10-17T05:13:02.000Z,no,xn_ventures,XNVentures
0gxahr,PRODUCTION,2025-10-17T08:42:28.000Z,no,pice_one,pice one
57todc,PRODUCTION,2025-10-17T18:44:33.000Z,no,mintyn,Mintyn 
4nn8wu,PRODUCTION,2025-10-20T06:57:46.000Z,no,pay_pay,PayPay
0uhxt1,STAGING,2025-10-22T09:54:14.000Z,no,finofin_investment_advisory,Finofin Investment Advisory 
ussw9i,STAGING,2025-10-22T11:11:57.000Z,yes,paraline,Paraline
xoy4n6,STAGING,2025-10-22T12:52:10.000Z,no,HV,HyperVerge
oevxpl,STAGING,2025-10-22T20:59:32.000Z,no,accretive_cleantech_finance,Accretive Cleantech Finance
qzl2k5,STAGING,2025-10-23T06:20:07.000Z,no,hyperverge_integrations_team,HyperVerge Integrations Team
ci2w7q,STAGING,2025-10-23T07:33:27.000Z,no,ab_com,ABCom
zhfqtg,STAGING,2025-10-23T10:01:27.000Z,yes,battery_smart,Battery Smart
5vtsj8,STAGING,2025-10-23T11:15:33.000Z,no,ab_com,ABCom
n5mbyk,STAGING,2025-10-23T14:45:19.000Z,no,one_percent,One Percent
4whdjj,PRODUCTION,2025-10-23T14:45:30.000Z,no,one_percent,One Percent
1pu8me,PRODUCTION,2025-10-24T04:59:27.000Z,no,hero_fincorp,Hero Fincorp
0nawat,STAGING,2025-10-24T05:11:03.000Z,no,hyperverge_integrations_team,HyperVerge Integrations Team
o31i9p,STAGING,2025-10-24T07:15:58.000Z,no,hyperverge_integrations_team,HyperVerge Integrations Team
remv1h,STAGING,2025-10-27T07:11:12.000Z,no,pay_pay,PayPay
m8lhxn,STAGING,2025-10-27T08:10:47.000Z,no,izion,IZION
b3wev7,STAGING,2025-10-27T10:13:44.000Z,no,au_sfb,AU SFB 
lsz9pr,STAGING,2025-10-28T04:21:33.000Z,yes,angel_fincap,Angel Fincap
tm1z33,STAGING,2025-10-28T11:07:26.000Z,no,payoneer_nb,Payoneer - NB
gvbk1b,PRODUCTION,2025-10-29T06:19:40.000Z,no,indiabit,Indiabit
mgqvye,STAGING,2025-10-29T06:23:02.000Z,yes,bharti_axa,Bharti AXA
9ktstz,PRODUCTION,2025-10-29T08:37:39.000Z,no,suryoday_sfb,SuryodaySFB
9pjoj0,STAGING,2025-10-29T16:09:26.000Z,no,hyperverge_fdi_team,Hyperverge FDI Team
i49azg,PRODUCTION,2025-10-29T16:46:51.000Z,no,hyperverge_fdi_team,Hyperverge FDI Team
4r4tkf,PRODUCTION,2025-10-30T10:29:37.000Z,no,paytm_money,Paytm Money
f8ucnx,STAGING,2025-10-30T11:44:21.000Z,no,smfg_vkyc,SMFG 
1j5dxn,STAGING,2025-10-30T12:06:43.000Z,no,money_boxx_finance,MoneyBoxx Finance
0uwg30,STAGING,2025-10-30T13:16:45.000Z,no,icici_lombard,ICICI Lombard
hx1740,PRODUCTION,2025-10-31T06:57:33.000Z,yes,dispatch_network,Dispatch Network
9c51ip,STAGING,2025-10-31T07:33:18.000Z,no,innovative_retail_concept,Innovative Retail Concept
7tvvmb,STAGING,2025-10-31T08:53:42.000Z,no,ind_money,INDMoney
y482vs,STAGING,2025-10-31T09:06:37.000Z,no,equall,Equall
7kf4x5,STAGING,2025-10-31T11:02:06.000Z,no,hyperverge_integrations_team,HyperVerge Integrations Team
ug7ukk,STAGING,2025-10-31T11:55:33.000Z,no,icici_bank,ICICI Bank
sqoh5s,STAGING,2025-10-31T12:24:26.000Z,no,kotak_life_insurance,Kotak Life insurance
861hjs,STAGING,2025-11-02T07:48:45.000Z,yes,department_of_public_works_phl,Department of Public Works PHL
0mwx3l,STAGING,2025-11-02T15:48:06.000Z,no,bhawana_finance,Bhawana Finance
bxzn8e,STAGING,2025-11-02T17:26:23.000Z,no,unobank_ph,Unobank Ph
5mrmtg,PRODUCTION,2025-11-03T05:49:24.000Z,no,federal_bank,Federal Bank 
kruvca,STAGING,2025-11-03T06:14:19.000Z,no,hyperverge_support_team,HyperVerge Support Team
c0d8ak,STAGING,2025-11-03T08:07:43.000Z,yes,saventh,Saventh
77y0r2,STAGING,2025-11-03T11:51:20.000Z,no,hyperverge_production_systems,HyperVerge Production Systems
7we6u3,PRODUCTION,2025-11-05T09:55:57.000Z,no,pay_pay,PayPay
mokn5r,STAGING,2025-11-05T10:54:46.000Z,no,kaynet,kaynet
trzqsd,STAGING,2025-11-05T11:10:19.000Z,yes,una_financial_vietnam,UNA Financial Vietnam
i4gsod,STAGING,2025-11-06T07:26:24.000Z,yes,smartlink_idn,Smartlink IDN
be068x,STAGING,2025-11-07T08:22:36.000Z,no,zepto,Zepto
92mcp6,PRODUCTION,2025-11-10T06:36:25.000Z,no,hero_fincorp,Hero Fincorp
rtjoj2,STAGING,2025-11-10T10:59:52.000Z,no,shriram_finance,Shriram Finance
slvzqm,STAGING,2025-11-10T11:00:00.000Z,no,shriram_finance,Shriram Finance
h10tvu,STAGING,2025-11-10T11:00:08.000Z,no,shriram_finance,Shriram Finance
1erdqn,STAGING,2025-11-11T07:04:52.000Z,no,aditya_birla_sun_life_amc_limited,Aditya Birla Sun Life AMC Limited
93gdwg,STAGING,2025-11-11T07:26:28.000Z,no,godrej_wealth,Godrej Wealth
uup0s3,STAGING,2025-11-11T09:29:38.000Z,no,quantum_lends,Quantum Lends
ywwsoy,STAGING,2025-11-11T12:13:45.000Z,no,fusion_finance_pvt_ltd,Fusion Finance Pvt Ltd
gpozf1,PRODUCTION,2025-11-11T12:25:27.000Z,no,finofin_investment_advisory,Finofin Investment Advisory 
wagmsu,STAGING,2025-11-12T04:17:20.000Z,no,tax_nodes,Tax Nodes
ovpg8e,STAGING,2025-11-12T07:02:57.000Z,no,payoneer_nb,Payoneer - NB
qo5hu3,STAGING,2025-11-12T12:33:46.000Z,no,zomato,Zomato
cu7sj4,STAGING,2025-11-12T13:14:59.000Z,no,amar_bank_indonesia,Amar Bank Indonesia
k2faau,STAGING,2025-11-17T04:37:34.000Z,no,goo_pay,GooPay
aa05c9,PRODUCTION,2025-11-17T08:02:15.000Z,no,unimoni_india,Unimoni India
572xhe,STAGING,2025-11-17T08:04:42.000Z,yes,husk_power_systems,Husk Power Systems
8mq4aw,STAGING,2025-11-17T10:48:36.000Z,no,universal_sompo,UniversalSompo
3d09t7,PRODUCTION,2025-11-17T12:10:13.000Z,no,grip,Grip
bhh4sg,STAGING,2025-11-17T14:09:21.000Z,no,hdfc_amc_partner,HDFC AMC Partner
bdancn,PRODUCTION,2025-11-18T05:16:18.000Z,no,una_financial,Una Financial
n7yw4d,STAGING,2025-11-18T05:19:51.000Z,no,ltfs,LTFS
p002uv,STAGING,2025-11-18T05:42:41.000Z,no,indiabulls_securities,Indiabulls Securities
frwv73,STAGING,2025-11-18T06:52:43.000Z,no,tata_capital,Tata Capital
eugze9,PRODUCTION,2025-11-18T08:19:41.000Z,no,tax_nodes,Tax Nodes
0vnw2k,PRODUCTION,2025-11-18T09:46:20.000Z,no,hero_fincorp,Hero Fincorp
s8tldq,STAGING,2025-11-18T15:31:36.000Z,no,hyperverge_production_systems,HyperVerge Production Systems
lwwna3,STAGING,2025-11-19T08:32:58.000Z,no,thomas_team,Thomas Team
1vnqg0,STAGING,2025-11-19T12:28:17.000Z,no,fabits_capital,Fabits Capital
99w7ep,STAGING,2025-11-20T04:53:50.000Z,no,finvuclient,finvuclient
gd67kh,PRODUCTION,2025-11-20T09:44:31.000Z,no,ltfs,LTFS
9x2jge,PRODUCTION,2025-11-20T09:51:05.000Z,yes,ltfs,LTFS
d8elj8,STAGING,2025-11-20T11:18:00.000Z,no,cashalo_phl,Cashalo PHL
swsgtj,STAGING,2025-11-20T12:20:28.000Z,no,hyperverge_product_team,HyperVerge Product Team
altvo7,STAGING,2025-11-21T04:18:33.000Z,no,finx,FinX
5gaity,STAGING,2025-11-21T05:25:20.000Z,no,royal_sundaram,Royal Sundaram
wi0jbe,PRODUCTION,2025-11-21T05:49:37.000Z,no,zokudo,zokudo
z4qxlp,STAGING,2025-11-21T07:54:50.000Z,no,aditya_birla_health_insurance,Aditya Birla Health Insurance
8500jh,PRODUCTION,2025-11-24T05:32:37.000Z,no,icici_securities,ICICI Securities
fvo2pe,STAGING,2025-11-24T05:44:56.000Z,no,get_frax,Get Frax
z2qyhv,PRODUCTION,2025-11-24T07:30:01.000Z,no,ram_fincorp,Ram Fincorp
9iwuja,STAGING,2025-11-25T10:27:35.000Z,yes,aditya_birla_sun_life_insurance,Aditya Birla Sun Life Insurance
ijis4a,STAGING,2025-11-25T10:28:34.000Z,no,aditya_birla_sun_life_insurance,Aditya Birla Sun Life Insurance
wd8hq0,STAGING,2025-11-26T09:03:53.000Z,no,hyperverge_apollo_finvu_proxy,hyperverge-apollo-finvu-proxy
opwq6t,PRODUCTION,2025-11-26T09:19:39.000Z,no,hyperverge_apollo_finvu_proxy,hyperverge-apollo-finvu-proxy
j8s8w5,STAGING,2025-11-26T14:23:21.000Z,no,quanby,Quanby
48ba6q,STAGING,2025-11-27T03:27:17.000Z,no,yufin_ph,Yufin PH
mqm92y,STAGING,2025-11-27T08:20:56.000Z,yes,uti_amc,UTI AMC
ijah7h,STAGING,2025-11-27T08:28:26.000Z,no,hero_fincorp,Hero Fincorp
un3krw,PRODUCTION,2025-11-27T12:39:38.000Z,no,l_t,L&T 
j3z8zr,STAGING,2025-12-01T09:08:18.000Z,no,HV,HyperVerge
al4tf7,STAGING,2025-12-01T11:51:24.000Z,no,india_first_life_insurance,IndiaFirst Life Insurance
x7bojd,STAGING,2025-12-01T12:24:02.000Z,no,hyperverge_engineering_team,HyperVerge Engineering Team
fn97yh,STAGING,2025-12-01T12:35:37.000Z,no,dhan,Dhan
cv4hfi,STAGING,2025-12-02T06:01:55.000Z,no,bajaj_securities,Bajaj Securities 
b2ryfg,PRODUCTION,2025-12-02T06:14:45.000Z,no,motovolt,Motovolt
0fpb8c,STAGING,2025-12-02T10:09:54.000Z,no,hyperverge_integrations_team,HyperVerge Integrations Team
5vtzl3,STAGING,2025-12-02T10:11:42.000Z,yes,bharti_axa,Bharti AXA
hvg6cc,STAGING,2025-12-02T10:44:03.000Z,yes,pay_tm,PayTM 
kdc6is,STAGING,2025-12-02T11:44:45.000Z,yes,yes_bank_1,Yes Bank 1
f6tnyu,STAGING,2025-12-02T16:46:56.000Z,no,union_bank,Union Bank 
l9fwps,STAGING,2025-12-02T16:48:25.000Z,no,union_bank,Union Bank 
83ummp,STAGING,2025-12-03T10:17:02.000Z,no,hyperverge_production_systems,HyperVerge Production Systems
7jc3tf,STAGING,2025-12-04T06:44:41.000Z,no,ltfs,LTFS
8qkzst,PRODUCTION,2025-12-04T06:44:50.000Z,no,ltfs,LTFS
98vr4q,STAGING,2025-12-04T07:59:40.000Z,no,SBI,SBI
7kt63s,STAGING,2025-12-04T08:03:59.000Z,no,Upstox,Upstox
89y96c,PRODUCTION,2025-12-05T09:33:34.000Z,no,gslab_kyc,GSLab KYC
4ypfoo,STAGING,2025-12-05T12:45:37.000Z,no,shriram_finance,Shriram Finance
69yyqo,PRODUCTION,2025-12-05T12:53:24.000Z,no,home_credit_india,Home Credit India
vaqv6g,STAGING,2025-12-08T05:53:06.000Z,no,cred,CRED
bqxpm8,PRODUCTION,2025-12-08T05:53:24.000Z,no,cred,CRED
bc0d6s,STAGING,2025-12-08T09:43:37.000Z,no,tequity,Tequity
dx555d,STAGING,2025-12-08T10:02:51.000Z,no,smc,SMC
kyew8g,STAGING,2025-12-08T12:36:33.000Z,no,hdfc_amc_partner,HDFC AMC Partner
hnlml4,PRODUCTION,2025-12-09T07:39:27.000Z,no,hyperverge_production_systems,HyperVerge Production Systems
b0yxlr,STAGING,2025-12-09T08:54:16.000Z,no,hey_wavelength_dating,Hey Wavelength Dating
kgsv5o,STAGING,2025-12-09T10:03:18.000Z,no,khata_book,Khatabook
etato2,STAGING,2025-12-09T11:57:19.000Z,no,HV,HyperVerge
rp8ame,STAGING,2025-12-09T16:00:51.000Z,yes,prorouting,Prorouting
rrcdcf,STAGING,2025-12-10T05:47:10.000Z,yes,pirs_capital,PIRS Capital
guw8u4,STAGING,2025-12-10T05:54:44.000Z,no,HV,HyperVerge
evbfg9,PRODUCTION,2025-12-10T10:21:03.000Z,no,ind_money,INDMoney
2jyyy8,PRODUCTION,2025-12-10T12:08:41.000Z,no,bhawana_finance,Bhawana Finance
e6njp4,PRODUCTION,2025-12-11T04:24:07.000Z,no,hd_bank,HD Bank
ulomqm,STAGING,2025-12-11T05:33:09.000Z,no,zoho,Zoho
r1p5cf,STAGING,2025-12-11T06:43:34.000Z,no,stashfin,Stashfin
n1ck0j,STAGING,2025-12-11T08:07:17.000Z,yes,next_fin,NextFin
k74soa,STAGING,2025-12-11T10:16:43.000Z,no,stable_money_finserv,Stable Money Finserv
aqq2nu,PRODUCTION,2025-12-11T10:22:45.000Z,no,HV,HyperVerge
4v18o5,STAGING,2025-12-11T12:18:00.000Z,no,iifl_securities,IIFL Securities
49emne,STAGING,2025-12-11T12:27:35.000Z,no,flipkart,Flipkart
h0hvdl,PRODUCTION,2025-12-11T12:27:49.000Z,no,flipkart,Flipkart
n4vyih,PRODUCTION,2025-12-11T12:28:21.000Z,no,flipkart,Flipkart
54cxcb,STAGING,2025-12-11T14:21:34.000Z,yes,hv_test_internal,Hv test internal
lgg745,STAGING,2025-12-12T05:58:00.000Z,no,branch_india,Branch India
10g3p8,STAGING,2025-12-12T06:02:22.000Z,no,branch_india,Branch India
vvjb3g,STAGING,2025-12-12T06:44:12.000Z,no,propelld_edgro,PropellD Edgro
3dgmf3,STAGING,2025-12-12T11:02:18.000Z,yes,bca_indonesia,BCA Indonesia
cgit1u,PRODUCTION,2025-12-12T13:30:15.000Z,no,hey_wavelength_dating,Hey Wavelength Dating
9t6yxx,PRODUCTION,2025-12-12T13:37:09.000Z,no,hdfc_amc_partner,HDFC AMC Partner
5jnewk,PRODUCTION,2025-12-12T15:32:50.000Z,no,union_bank,Union Bank 
gurhql,PRODUCTION,2025-12-15T05:12:38.000Z,no,belong,Belong
rwg9fw,PRODUCTION,2025-12-15T05:50:53.000Z,no,union_bank,Union Bank 
v4wcy5,PRODUCTION,2025-12-15T09:41:50.000Z,no,in_cred_finance,InCred Finance
jl7f9y,PRODUCTION,2025-12-16T07:01:45.000Z,no,tata_capital,Tata Capital
2zkb84,PRODUCTION,2025-12-16T13:04:36.000Z,no,c_edge,C-Edge
g1r93j,STAGING,2025-12-18T05:04:28.000Z,no,ashika_stock_services_limited,Ashika Stock Services Limited
bb5456,STAGING,2025-12-18T05:47:26.000Z,no,kuvera_cred,Kuvera-CRED
yszttg,PRODUCTION,2025-12-18T05:47:34.000Z,no,kuvera_cred,Kuvera-CRED
fwk8vf,STAGING,2025-12-18T07:32:49.000Z,no,verifin_technologies_private_limited,VERIFIN TECHNOLOGIES PRIVATE LIMITED
e8y71b,STAGING,2025-12-18T08:50:53.000Z,no,fyers_securities,Fyers Securities
27loy8,STAGING,2025-12-18T10:25:59.000Z,no,transcorp_india,Transcorp India
bk5epc,STAGING,2025-12-19T06:12:31.000Z,no,bank_sinarmas_idn,Bank Sinarmas IDN
areuge,STAGING,2025-12-19T08:40:47.000Z,no,sayyam_investments,Sayyam Investments
jyh1sf,PRODUCTION,2025-12-19T08:41:52.000Z,no,sayyam_investments,Sayyam Investments
ugs2bx,STAGING,2025-12-19T08:43:42.000Z,yes,sayyam_investments,Sayyam Investments
n6svvt,PRODUCTION,2025-12-19T08:43:47.000Z,yes,sayyam_investments,Sayyam Investments
xt14d2,STAGING,2025-12-19T11:36:51.000Z,no,sbi_bank,SBI Bank
67src9,PRODUCTION,2025-12-21T17:02:02.000Z,no,unobank_ph,Unobank Ph
idzabn,STAGING,2025-12-22T11:23:48.000Z,no,aditya_birla_health_insurance,Aditya Birla Health Insurance
iz9dc6,STAGING,2025-12-24T03:17:41.000Z,no,shb_finance,SHB Finance
g0pcem,STAGING,2025-12-24T05:45:26.000Z,no,furlenco,Furlenco
67itsp,STAGING,2025-12-24T08:29:14.000Z,no,moniebee_limited,Moniebee Limited 
ivvif0,STAGING,2025-12-26T06:14:48.000Z,no,swiggy,Swiggy
t1u54s,STAGING,2025-12-29T09:40:20.000Z,no,aventus_spain,Aventus Spain
wphzl0,PRODUCTION,2025-12-30T05:42:37.000Z,no,dtk_paytm_idn,DTK Paytm IDN
47567d,STAGING,2025-12-30T06:48:11.000Z,no,remitano,Remitano
yqi3vi,PRODUCTION,2025-12-30T08:44:58.000Z,no,airtel_payments_bank_retail,Airtel Payments Bank - Retail
0lxloi,STAGING,2025-12-30T08:48:13.000Z,no,pay_pay,PayPay
fl2tye,STAGING,2025-12-30T09:53:52.000Z,no,dollarpe,DollarPe
9hnua8,PRODUCTION,2025-12-30T09:53:58.000Z,no,dollarpe,DollarPe
sifdlx,STAGING,2025-12-30T12:18:33.000Z,no,airtel,Airtel
uwm7id,STAGING,2025-12-31T11:05:56.000Z,no,kapitus,Kapitus
ll4631,STAGING,2025-12-31T12:04:10.000Z,no,airtel,Airtel
0e4wge,PRODUCTION,2026-01-02T05:40:27.000Z,no,swiggy,Swiggy
vq1adc,STAGING,2026-01-02T08:37:15.000Z,yes,bingopays,Bingopays
898kdg,STAGING,2026-01-05T05:55:41.000Z,yes,liobank,Liobank
96x602,STAGING,2026-01-05T12:11:39.000Z,no,HV,HyperVerge
8sf3aq,STAGING,2026-01-05T13:06:28.000Z,no,lic,LIC
4nq7d2,STAGING,2026-01-05T13:15:52.000Z,no,jaiz_bank_plc,Jaiz Bank Plc
rukq7t,STAGING,2026-01-05T13:42:31.000Z,no,HV,HyperVerge
s6seu3,STAGING,2026-01-06T05:36:23.000Z,no,hyperverge_integrations_team,HyperVerge Integrations Team
7fy006,STAGING,2026-01-06T05:41:04.000Z,no,hyperverge_integrations_team,HyperVerge Integrations Team
py57ge,STAGING,2026-01-06T05:42:29.000Z,no,HV,HyperVerge
t8no7t,STAGING,2026-01-06T05:43:46.000Z,no,hyperverge_integrations_team,HyperVerge Integrations Team
rtap72,STAGING,2026-01-06T06:59:24.000Z,no,HV,HyperVerge
xad9rh,STAGING,2026-01-06T06:59:46.000Z,no,HV,HyperVerge
6mdet2,STAGING,2026-01-06T07:04:28.000Z,no,HV,HyperVerge
k9btha,STAGING,2026-01-06T10:31:55.000Z,no,hyperverge_fdi_team,Hyperverge FDI Team
b71bqr,STAGING,2026-01-06T13:25:42.000Z,no,flipkart,Flipkart
wiuwto,STAGING,2026-01-07T03:08:22.000Z,no,HV,HyperVerge
gl6t0q,STAGING,2026-01-07T03:35:30.000Z,no,prod_test_1,prod test 12
vqmgza,STAGING,2026-01-07T05:52:47.000Z,no,asap_finance,Asap Finance
94ty25,STAGING,2026-01-07T07:57:38.000Z,yes,pay_d_joint_stock_company,PayD
ffx9xm,STAGING,2026-01-07T10:32:20.000Z,no,hdfc_amc_partner,HDFC AMC Partner
il2ntc,PRODUCTION,2026-01-08T07:15:36.000Z,no,kotak_811,Kotak 811
thj5ir,STAGING,2026-01-08T10:50:44.000Z,no,namma_yatri_juspay,Namma Yatri (Juspay)
201qgm,PRODUCTION,2026-01-08T10:50:49.000Z,no,namma_yatri_juspay,Namma Yatri (Juspay)
pfl9l0,STAGING,2026-01-08T10:51:25.000Z,no,namma_yatri_juspay,Namma Yatri (Juspay)
67mcpq,PRODUCTION,2026-01-08T10:51:37.000Z,no,namma_yatri_juspay,Namma Yatri (Juspay)
vfpseu,STAGING,2026-01-08T10:52:25.000Z,no,namma_yatri_juspay,Namma Yatri (Juspay)
o83c5h,PRODUCTION,2026-01-08T10:52:30.000Z,no,namma_yatri_juspay,Namma Yatri (Juspay)
j28ujs,STAGING,2026-01-08T11:13:59.000Z,no,respo,Respo
yywx9a,STAGING,2026-01-08T12:51:56.000Z,no,paysh,paysh
8u8bvx,STAGING,2026-01-09T03:10:09.000Z,no,wowpe,Wowpe
9ondx4,STAGING,2026-01-09T05:33:26.000Z,no,finofin_investment_advisory,Finofin Investment Advisory 
scrns8,PRODUCTION,2026-01-09T05:41:31.000Z,no,accretive_cleantech_finance,Accretive Cleantech Finance
g1hjna,STAGING,2026-01-09T06:22:01.000Z,no,hyperverge_integrations_team,HyperVerge Integrations Team
9u9r8u,PRODUCTION,2026-01-09T06:28:48.000Z,no,union_bank,Union Bank 
bqfxk1,PRODUCTION,2026-01-09T06:59:50.000Z,no,zomato,Zomato
w9ql9b,STAGING,2026-01-09T07:07:01.000Z,no,yufin_ph,Yufin PH
ec5ill,PRODUCTION,2026-01-12T07:29:24.000Z,no,union_bank,Union Bank 
cev2uj,STAGING,2026-01-12T12:12:28.000Z,no,kapitus,Kapitus
hjffzm,PRODUCTION,2026-01-12T16:03:24.000Z,no,unobank_ph,Unobank Ph
9j2rlp,PRODUCTION,2026-01-13T05:53:49.000Z,no,smallcase_lamf,Smallcase_LAMF
t5m4x4,STAGING,2026-01-13T09:07:45.000Z,no,paisa_bazaar,Paisa Bazaar
7fnjo6,PRODUCTION,2026-01-13T09:40:59.000Z,yes,husk_power_systems,Husk Power Systems
98czf0,STAGING,2026-01-13T14:35:26.000Z,no,hyperverge_production_systems,HyperVerge Production Systems
sk2dqw,STAGING,2026-01-13T14:35:28.000Z,no,hyperverge_production_systems,HyperVerge Production Systems
w50yi4,STAGING,2026-01-13T14:35:30.000Z,no,hyperverge_production_systems,HyperVerge Production Systems
uzotnm,STAGING,2026-01-13T14:35:33.000Z,no,hyperverge_production_systems,HyperVerge Production Systems
9f1i1z,STAGING,2026-01-13T14:35:34.000Z,no,hyperverge_production_systems,HyperVerge Production Systems
96nnv9,STAGING,2026-01-13T14:35:37.000Z,no,hyperverge_production_systems,HyperVerge Production Systems
9iftrl,STAGING,2026-01-14T07:14:41.000Z,no,hyperverge_production_systems,HyperVerge Production Systems
l65gqb,STAGING,2026-01-14T09:14:11.000Z,no,namma_yatri_juspay,Namma Yatri (Juspay)
eez9io,PRODUCTION,2026-01-14T09:14:17.000Z,no,namma_yatri_juspay,Namma Yatri (Juspay)
werlai,STAGING,2026-01-14T09:14:26.000Z,no,namma_yatri_juspay,Namma Yatri (Juspay)
k6pquk,PRODUCTION,2026-01-14T09:14:32.000Z,no,namma_yatri_juspay,Namma Yatri (Juspay)
cqwwid,STAGING,2026-01-14T09:21:27.000Z,no,instakart,Instakart
f2h4em,STAGING,2026-01-14T14:22:39.000Z,no,upsc_union_public_service_commission,UPSC - Union Public Service Commission
j0ensl,PRODUCTION,2026-01-14T14:32:00.000Z,no,upsc_union_public_service_commission,UPSC - Union Public Service Commission
vnm6fp,STAGING,2026-01-16T05:40:31.000Z,no,HV,HyperVerge
wnw173,STAGING,2026-01-16T07:23:18.000Z,yes,lending_saa_s_testing_36,Lending SaaS Testing 36
rkcbxo,STAGING,2026-01-16T09:58:17.000Z,no,hyperverge_integrations_team,HyperVerge Integrations Team
ceoc0y,STAGING,2026-01-16T10:00:39.000Z,yes,lending_saa_s_testing_40,Lending SaaS Testing 40
qozm5s,STAGING,2026-01-16T10:18:31.000Z,no,hyperverge_integrations_team,HyperVerge Integrations Team
c52h5j,STAGING,2026-01-16T12:53:04.000Z,yes,HV,HyperVerge
aawnwx,STAGING,2026-01-16T13:23:19.000Z,no,hyperverge_integrations_team,HyperVerge Integrations Team
1bkr3z,STAGING,2026-01-16T14:11:05.000Z,yes,c_gpey,CGpey
vz5odp,STAGING,2026-01-16T16:08:33.000Z,no,fundfi,Fundfi
lpm757,STAGING,2026-01-19T05:48:23.000Z,no,idfc_first_bank,IDFC First Bank
lcest3,STAGING,2026-01-19T06:12:35.000Z,no,leo_pay,LeoPay
56edv8,STAGING,2026-01-19T12:41:31.000Z,no,pronto,Pronto
s1dne7,PRODUCTION,2026-01-20T11:32:23.000Z,no,au_small_finance_bank,AU small finance bank
6gbj3d,STAGING,2026-01-20T12:13:35.000Z,no,HV,HyperVerge
4rf95y,STAGING,2026-01-20T13:05:39.000Z,no,sbi_mf,SBI MF
l6o9uk,STAGING,2026-01-20T13:05:46.000Z,no,sbi_mf,SBI MF
7wb9zu,STAGING,2026-01-20T13:05:51.000Z,no,sbi_mf,SBI MF
0trgdi,STAGING,2026-01-20T13:05:59.000Z,no,sbi_mf,SBI MF
i33pzo,STAGING,2026-01-20T13:06:07.000Z,no,sbi_mf,SBI MF
tfppoe,STAGING,2026-01-21T15:57:04.000Z,no,lend_saa_s,LendSaaS
ii3uhh,STAGING,2026-01-23T07:04:59.000Z,no,hyperverge_production_systems,HyperVerge Production Systems
z7do1r,STAGING,2026-01-23T13:50:59.000Z,no,hyperverge_ai_team,HyperVerge AI Team
s0hpp1,PRODUCTION,2026-01-23T19:15:56.000Z,no,sporta_technologies,Sporta Technologies
ubmn95,STAGING,2026-01-27T03:28:29.000Z,no,razor_pay,RazorPay
zxbypq,STAGING,2026-01-27T05:44:13.000Z,no,hyperverge_fdi_team,Hyperverge FDI Team
z5kkx9,STAGING,2026-01-28T08:29:15.000Z,no,hyperverge_production_systems,HyperVerge Production Systems
l4ljcd,STAGING,2026-01-28T08:40:28.000Z,no,kotak_life_insurance,Kotak Life insurance
thsvvp,PRODUCTION,2026-01-28T11:10:27.000Z,no,fundfi,Fundfi
2vzimi,STAGING,2026-01-28T12:22:45.000Z,no,cedar_ridge_capital,Cedar Ridge Capital
51ebbm,STAGING,2026-01-29T05:53:05.000Z,no,beerupii,Beerupii
s53z1m,STAGING,2026-01-29T05:53:31.000Z,no,social_tip,Social Tip
ifondw,STAGING,2026-01-29T05:56:48.000Z,no,shriram_finance,Shriram Finance
tp5r68,PRODUCTION,2026-01-29T15:43:33.000Z,no,cedar_ridge_capital,Cedar Ridge Capital
augjlr,STAGING,2026-01-30T05:06:13.000Z,no,hyperverge_integrations_team,HyperVerge Integrations Team
krgq2t,STAGING,2026-01-30T11:42:12.000Z,no,hdfc_amc_partner,HDFC AMC Partner
evphd2,STAGING,2026-01-31T11:14:00.000Z,no,manappuram,Manappuram
lhxqp2,STAGING,2026-02-02T05:14:50.000Z,no,flipkart_logistics,Flipkart Logistics
zma05q,PRODUCTION,2026-02-02T05:42:36.000Z,no,one_case,OneCase
r330ro,STAGING,2026-02-02T06:07:46.000Z,yes,exotel,Exotel
73lge0,PRODUCTION,2026-02-02T07:13:07.000Z,no,kotak_life_insurance,Kotak Life insurance
w8whq9,PRODUCTION,2026-02-02T09:10:30.000Z,no,icici_mf,ICICI MF
8246i0,PRODUCTION,2026-02-02T13:44:40.000Z,no,bank_loy_cambodia,BankLoy Cambodia
sr9zxq,STAGING,2026-02-03T08:47:55.000Z,no,hyperverge_fdi_team,Hyperverge FDI Team
btxe52,STAGING,2026-02-03T13:07:33.000Z,no,chief_bank_cambodia,Chief Bank Cambodia
5zvayy,PRODUCTION,2026-02-03T14:20:00.000Z,no,hdfc_asset_management_company_limited,HDFC ASSET MANAGEMENT COMPANY LIMITED
84nvru,PRODUCTION,2026-02-04T05:42:16.000Z,no,c_edge,C-Edge
n0w8us,STAGING,2026-02-04T10:14:47.000Z,no,universal_sompo,UniversalSompo
lasote,STAGING,2026-02-04T10:53:17.000Z,no,9pay,9Pay
j9caok,PRODUCTION,2026-02-05T07:48:20.000Z,no,sterling_bank,SterlingBank
iqw5xv,STAGING,2026-02-05T09:11:10.000Z,no,hsbc_phl,HSBC PHL
9pva4i,STAGING,2026-02-05T11:50:08.000Z,no,suryoday_sfb,SuryodaySFB
ugyvn4,STAGING,2026-02-05T14:41:12.000Z,no,universal_sompo,UniversalSompo
dkpzk5,STAGING,2026-02-06T05:32:12.000Z,no,HV,HyperVerge
si7fwr,STAGING,2026-02-06T07:07:04.000Z,no,hyperverge_ai_team,HyperVerge AI Team
s1yd2q,STAGING,2026-02-06T10:40:24.000Z,no,zomato,Zomato
ikr1qp,STAGING,2026-02-06T10:47:02.000Z,no,asap_finance,Asap Finance
rz4xjl,STAGING,2026-02-08T17:31:18.000Z,no,unobank_ph,Unobank Ph
g6m6dg,PRODUCTION,2026-02-08T17:31:32.000Z,no,unobank_ph,Unobank Ph
munnlr,STAGING,2026-02-08T21:53:36.000Z,yes,lend_saa_s_dev,LendSaaS Dev
u7lpf0,STAGING,2026-02-09T05:39:28.000Z,no,zuppibuy,Zuppibuy
lo1hfm,STAGING,2026-02-09T05:40:07.000Z,no,choice_tech_labs,Choice Tech Labs
k4r0bq,STAGING,2026-02-09T05:43:17.000Z,no,choice_tech_labs,Choice Tech Labs
8dszk1,PRODUCTION,2026-02-09T06:39:41.000Z,no,unobank_ph,Unobank Ph
d2xdaw,PRODUCTION,2026-02-09T11:38:08.000Z,no,get_frax,Get Frax
1d4vu2,STAGING,2026-02-09T12:47:55.000Z,no,coronation_group_limited,Coronation Group Limited
41xbav,STAGING,2026-02-09T13:30:11.000Z,no,sterling_bank,SterlingBank
3e29ee,STAGING,2026-02-10T05:45:57.000Z,no,id_vend,IDVend
6tdxgv,STAGING,2026-02-10T05:46:07.000Z,no,id_vend,IDVend
c8e1m5,STAGING,2026-02-10T05:47:48.000Z,no,id_vend,IDVend
ry8x8v,STAGING,2026-02-10T05:47:55.000Z,no,id_vend,IDVend
73kf01,STAGING,2026-02-10T05:48:29.000Z,no,id_vend,IDVend
pfcjey,STAGING,2026-02-10T05:48:33.000Z,no,id_vend,IDVend
e0o9gx,STAGING,2026-02-10T05:58:31.000Z,no,quantum_x,QuantumX
k1feeh,PRODUCTION,2026-02-10T09:43:33.000Z,no,kapitus,Kapitus
ep9wou,STAGING,2026-02-10T18:19:33.000Z,no,hdb_financial_services,HDB Financial Services
1isra6,STAGING,2026-02-11T06:17:27.000Z,no,pay_joy,PayJoy
79c475,STAGING,2026-02-11T07:05:01.000Z,no,tv_scredit_vkyc,TVScredit VKYC
wzfx2a,STAGING,2026-02-11T08:34:43.000Z,no,tata_capital,Tata Capital
cymeif,STAGING,2026-02-11T08:44:01.000Z,no,bondsmart_prachay,Bondsmart - Prachay
tjiv3q,STAGING,2026-02-11T09:07:48.000Z,yes,kotak_kli,Kotak KLI 
8l8pg4,STAGING,2026-02-11T10:04:05.000Z,yes,ocb_vn,OCB VN
lfwwhl,PRODUCTION,2026-02-12T05:28:13.000Z,no,royal_sundaram,Royal Sundaram
yk5mz4,STAGING,2026-02-12T05:42:45.000Z,no,mulligan_funding,Mulligan Funding
vk98hz,STAGING,2026-02-12T10:41:00.000Z,no,aventus_zambia,Aventus Zambia
n7x94r,STAGING,2026-02-12T11:08:05.000Z,no,hyperverge_engineering_team,HyperVerge Engineering Team
agjk8y,PRODUCTION,2026-02-12T14:52:52.000Z,no,the_alternative_bank,The Alternative Bank
jww4ep,PRODUCTION,2026-02-13T07:10:10.000Z,no,hsbc_phl,HSBC PHL
wtex6z,PRODUCTION,2026-02-13T07:59:36.000Z,no,godrej_wealth,Godrej Wealth
a5muyb,PRODUCTION,2026-02-13T10:07:09.000Z,no,sterling_bank,SterlingBank
bkpqev,STAGING,2026-02-13T12:09:15.000Z,no,ets,ETS
01q7we,PRODUCTION,2026-02-16T05:27:58.000Z,no,id_vend,IDVend
nr53si,PRODUCTION,2026-02-16T05:28:05.000Z,no,id_vend,IDVend
1ex7h7,PRODUCTION,2026-02-16T05:28:14.000Z,no,id_vend,IDVend
r8nvk9,PRODUCTION,2026-02-16T05:28:22.000Z,no,id_vend,IDVend
vglqm3,STAGING,2026-02-16T07:15:30.000Z,no,cams,CAMS
33y0iu,PRODUCTION,2026-02-16T08:08:35.000Z,no,razor_pay,RazorPay
aqnqlq,PRODUCTION,2026-02-16T08:26:49.000Z,no,zokudo,zokudo
86y1fx,STAGING,2026-02-16T09:37:04.000Z,no,motilal_oswal,Motilal Oswal
gwzfrb,STAGING,2026-02-16T09:45:30.000Z,no,branch_india,Branch India
nn7bt7,PRODUCTION,2026-02-16T11:10:42.000Z,no,branch_india,Branch India
6vclg3,PRODUCTION,2026-02-16T12:52:01.000Z,no,golden_pi,Golden Pi
vs64jk,STAGING,2026-02-16T14:49:58.000Z,no,aventus_peru,Aventus Peru
hyslig,PRODUCTION,2026-02-17T11:48:44.000Z,no,smc,SMC
zo1ndl,PRODUCTION,2026-02-18T05:30:06.000Z,no,furlenco,Furlenco
0itvyc,STAGING,2026-02-18T09:39:40.000Z,yes,edme_insurance_brokers,Edme Insurance Brokers
lkc64r,STAGING,2026-02-18T12:27:42.000Z,no,achiievers_equities,Achiievers Equities
c8occa,STAGING,2026-02-18T18:09:34.000Z,yes,ease_buzz,EaseBuzz
bbkrnv,STAGING,2026-02-19T08:25:21.000Z,no,hsbc_phl,HSBC PHL
iy25a2,STAGING,2026-02-19T09:49:32.000Z,no,baroda_taxi,BarodaTaxi
wrzi7i,PRODUCTION,2026-02-19T11:14:58.000Z,no,fabits_capital,Fabits Capital
1obseb,STAGING,2026-02-19T18:37:39.000Z,yes,wizz_financial,Wizz Financial
g2qi20,STAGING,2026-02-20T06:08:39.000Z,no,zepto,Zepto
slgfvi,STAGING,2026-02-20T06:33:01.000Z,no,cars_24,Cars24
dxf9xj,STAGING,2026-02-23T05:12:35.000Z,no,asap_finance,Asap Finance
rv7fi3,STAGING,2026-02-23T06:06:51.000Z,no,manappuram,Manappuram
bheyoz,PRODUCTION,2026-02-23T06:06:59.000Z,no,manappuram,Manappuram
zjz6yh,STAGING,2026-02-23T06:23:14.000Z,yes,porbus,Probus
ygkvy5,PRODUCTION,2026-02-23T10:47:21.000Z,no,hdfc_amc_partner,HDFC AMC Partner
bfc3yj,STAGING,2026-02-23T14:13:33.000Z,yes,sbi_csp,SBI CSP
0i526p,STAGING,2026-02-23T14:18:12.000Z,no,tata_capital,Tata Capital
141969,STAGING,2026-02-23T14:18:33.000Z,no,tata_capital,Tata Capital
obdoxa,STAGING,2026-02-23T14:30:21.000Z,no,credit_direct_limited,Credit Direct Limited
ut50e5,STAGING,2026-02-23T14:36:53.000Z,no,boost_bank_indonesia,Boost Bank Indonesia
fghptu,PRODUCTION,2026-02-24T09:52:41.000Z,no,asap_finance,Asap Finance
jq25a1,STAGING,2026-02-24T10:22:18.000Z,no,zedvance,Zedvance
82fr0f,STAGING,2026-02-24T11:48:52.000Z,no,code_brew_labs,Code brew labs
h99uo7,STAGING,2026-02-25T06:06:40.000Z,no,tax_nodes,Tax Nodes
6xc3b7,PRODUCTION,2026-02-25T06:06:55.000Z,no,tax_nodes,Tax Nodes
oozoac,STAGING,2026-02-25T07:12:06.000Z,no,suryoday_sfb,SuryodaySFB
sywo8e,STAGING,2026-02-25T07:14:11.000Z,no,kotak_mahindra_bank_ltd,Kotak Mahindra Bank Ltd
5oig73,STAGING,2026-02-25T07:15:15.000Z,no,kotak_mahindra_bank_ltd,Kotak Mahindra Bank Ltd
u55fq0,STAGING,2026-02-25T08:36:52.000Z,no,breakout_finance,Breakout Finance
9akikr,STAGING,2026-02-25T10:22:13.000Z,no,ethi_gold,EthiGold
yq9f1t,PRODUCTION,2026-02-25T13:40:47.000Z,no,ind_money,INDMoney
vtbu4w,STAGING,2026-02-25T13:45:57.000Z,no,angkas_phl,Angkas PHL
stet79,STAGING,2026-02-25T16:21:02.000Z,no,idfc_first_bank,IDFC First Bank
hay4yj,PRODUCTION,2026-02-25T17:29:50.000Z,no,ashika_stock_services_limited,Ashika Stock Services Limited
sky5hj,STAGING,2026-02-26T08:13:49.000Z,no,chola_finance,Chola Finance
kala2v,PRODUCTION,2026-02-26T09:04:34.000Z,no,geojit_financial,Geojit Financial
goni2e,STAGING,2026-02-27T12:07:00.000Z,no,mobikwik,Mobikwik
09sv52,STAGING,2026-03-02T07:25:16.000Z,no,trade_geniuz,Trade Geniuz
abe7b1,STAGING,2026-03-02T09:12:04.000Z,no,shb_finance,SHB Finance
seqct1,STAGING,2026-03-02T09:23:15.000Z,no,savantika,Savantika 
jeb882,STAGING,2026-03-02T11:02:16.000Z,yes,instawork,Instawork
03lkr1,STAGING,2026-03-02T12:18:39.000Z,no,hyperverge_production_systems,HyperVerge Production Systems
t54qj3,STAGING,2026-03-02T13:01:04.000Z,no,us_mca_demo_client,US MCA Demo Client
oycz7l,PRODUCTION,2026-03-02T15:49:48.000Z,no,propelld_edgro,PropellD Edgro
cekd2c,PRODUCTION,2026-03-03T05:44:40.000Z,no,hyperverge_production_systems,HyperVerge Production Systems
e9jdkg,STAGING,2026-03-03T06:40:56.000Z,no,ondgo_nigeria_limited_on_dgo,ONDGO NIGERIA LIMITED (onDgo)
601zd0,STAGING,2026-03-03T06:42:19.000Z,no,ksf_grey_quest,KSF-GreyQuest
4u33l8,STAGING,2026-03-03T16:39:37.000Z,no,HV,HyperVerge
waiiq6,STAGING,2026-03-04T09:55:38.000Z,no,go_yubi,Go Yubi
onh9rc,PRODUCTION,2026-03-04T09:55:44.000Z,no,go_yubi,Go Yubi
f0u934,STAGING,2026-03-05T08:30:18.000Z,no,direct_agent_5,Direct Agent 5
zvv9q7,STAGING,2026-03-05T09:30:06.000Z,no,tvs_credit,TVS Credit
ybi3th,STAGING,2026-03-05T11:31:48.000Z,no,bondsmart_prachay,Bondsmart - Prachay
kwote3,PRODUCTION,2026-03-05T11:43:22.000Z,no,tvs_credit,TVS Credit
zxqmqf,STAGING,2026-03-05T12:27:50.000Z,no,jainam,Jainam
hjwvuq,PRODUCTION,2026-03-05T13:14:32.000Z,no,bit_delta,BitDelta
y49jfo,STAGING,2026-03-05T15:00:25.000Z,no,royal_sundaram,Royal Sundaram
po00mi,STAGING,2026-03-06T01:21:50.000Z,no,sterling_bank,SterlingBank
q54eu3,PRODUCTION,2026-03-06T07:16:36.000Z,no,bondsmart_prachay,Bondsmart - Prachay
imfzy8,STAGING,2026-03-07T04:49:27.000Z,yes,bonds_india,Bonds India
mt1ykx,STAGING,2026-03-09T05:37:38.000Z,no,naxtre,Naxtre
kb64hv,STAGING,2026-03-09T05:42:13.000Z,no,hexa_pe,HexaPe
oecstr,STAGING,2026-03-10T07:11:20.000Z,no,tiqs_broking,TIQS Broking
ily1px,STAGING,2026-03-10T11:41:34.000Z,no,fame_mfb,Fame MFB
6fhhjd,PRODUCTION,2026-03-10T12:06:15.000Z,no,flipkart,Flipkart
zpik0t,PRODUCTION,2026-03-11T09:02:05.000Z,no,universal_sompo,UniversalSompo
2v4hq4,PRODUCTION,2026-03-11T13:08:28.000Z,no,hdfc_amc_partner,HDFC AMC Partner
unj0uh,STAGING,2026-03-11T13:10:14.000Z,no,hero_fincorp,Hero Fincorp
4qoi88,STAGING,2026-03-11T14:43:44.000Z,no,home_credit_india,Home Credit India
64r2ag,STAGING,2026-03-11T16:22:31.000Z,no,aditya_birla_money,Aditya Birla Money
ijnbw2,PRODUCTION,2026-03-11T16:26:18.000Z,no,quantum_x,QuantumX
p8qg0p,STAGING,2026-03-12T13:57:03.000Z,no,athirva_x,AthirvaX
frc4eh,STAGING,2026-03-12T18:45:37.000Z,no,hyperverge_business_team,HyperVerge Business Team
litb4v,STAGING,2026-03-13T06:34:38.000Z,no,demo_account_for_vietnam_team,Demo account for Vietnam Team
pghjps,PRODUCTION,2026-03-13T06:38:55.000Z,no,aventus_peru,Aventus Peru
60j6vy,STAGING,2026-03-13T11:30:19.000Z,yes,bluefin,Bluefin
i0gby6,PRODUCTION,2026-03-13T11:51:29.000Z,no,tv_scredit_vkyc,TVScredit VKYC
p236h3,STAGING,2026-03-13T12:05:29.000Z,no,hdfc_amc_partner,HDFC AMC Partner
tay3i6,STAGING,2026-03-16T11:18:40.000Z,no,hyperverge_integrations_team,HyperVerge Integrations Team
qxsbuz,STAGING,2026-03-16T12:24:54.000Z,no,hyperverge_production_systems,HyperVerge Production Systems
1z5cst,STAGING,2026-03-16T13:17:17.000Z,no,jainam,Jainam
dpjvim,STAGING,2026-03-16T14:46:19.000Z,no,sterling_bank,SterlingBank
vce56p,PRODUCTION,2026-03-18T04:03:21.000Z,no,mpokket_2023,Mpokket 2023
qzapxo,STAGING,2026-03-18T04:22:42.000Z,no,mobifone_money,Mobifone Money
6n6e07,STAGING,2026-03-18T04:39:20.000Z,yes,mobifone_money,Mobifone Money
gudzur,STAGING,2026-03-18T04:40:26.000Z,no,mobifone_money,Mobifone Money
aeix9r,STAGING,2026-03-18T06:47:17.000Z,no,hero_fincorp,Hero Fincorp
oydz0s,STAGING,2026-03-18T10:23:53.000Z,yes,trial_expiry_notification_test,Trial expiry notification test
y07ozm,STAGING,2026-03-18T10:31:50.000Z,no,tv_scredit_vkyc,TVScredit VKYC
mvhfni,PRODUCTION,2026-03-18T12:50:21.000Z,no,tiqs_broking,TIQS Broking
edqw8d,STAGING,2026-03-18T13:04:48.000Z,no,iifl_gold_loans,IIFL Gold Loans
odxv5u,STAGING,2026-03-18T13:09:21.000Z,no,kissht,Kissht
8qo4g4,PRODUCTION,2026-03-18T13:53:03.000Z,no,iifl_gold_loans,IIFL Gold Loans
ss6fk5,STAGING,2026-03-19T05:42:46.000Z,yes,optima_ai,Optima Ai
s33zj0,STAGING,2026-03-19T06:46:26.000Z,no,vodafone,Vodafone
0umnxq,STAGING,2026-03-19T07:29:12.000Z,no,zedvance,Zedvance
4nuby6,STAGING,2026-03-23T10:08:52.000Z,no,hyperverge_video_pd_poc,hyperverge video pd poc
b3hu3f,STAGING,2026-03-23T11:08:51.000Z,yes,webpayx,Webpayx
rkox5e,STAGING,2026-03-23T12:38:28.000Z,no,swiggy,Swiggy
90r3yk,STAGING,2026-03-24T08:05:08.000Z,no,mpokket_2023,Mpokket 2023
f6a2i1,STAGING,2026-03-24T09:07:34.000Z,yes,leasdsquared,Leadsquared
o9mowi,STAGING,2026-03-24T09:09:15.000Z,yes,leasdsquared,Leadsquared
6w3jec,STAGING,2026-03-25T06:14:37.000Z,no,zomato,Zomato
zk7iea,STAGING,2026-03-25T13:10:58.000Z,no,sheltup,sheltup
2jl87m,STAGING,2026-03-26T08:41:54.000Z,no,liquide,Liquide
s2238h,STAGING,2026-03-26T10:32:32.000Z,no,fair_money_nigeria,FairMoney - Nigeria
cm5s2c,STAGING,2026-03-26T10:46:38.000Z,no,union_bank,Union Bank 
lwhqlw,STAGING,2026-03-26T12:55:50.000Z,no,ltfs,LTFS
dyvmwa,STAGING,2026-03-27T06:39:41.000Z,no,propelld_edgro,PropellD Edgro
ehlxlx,PRODUCTION,2026-03-27T07:08:01.000Z,no,hdfc_amc_partner,HDFC AMC Partner
eidtal,STAGING,2026-03-27T07:38:31.000Z,no,vodafone,Vodafone
7kmwbo,PRODUCTION,2026-03-27T10:42:44.000Z,no,royal_sundaram,Royal Sundaram
1wrl2t,PRODUCTION,2026-03-30T08:30:26.000Z,no,aventus_zambia,Aventus Zambia
1j70jj,PRODUCTION,2026-03-30T08:57:24.000Z,no,hdfc_amc_partner,HDFC AMC Partner
l2343c,PRODUCTION,2026-03-31T08:39:29.000Z,no,sycamore_nigeria,Sycamore Integrated Solutions Limited
nyb5hg,PRODUCTION,2026-03-31T09:03:46.000Z,no,moniebee_limited,Moniebee Limited 
ooww4z,PRODUCTION,2026-03-31T12:43:27.000Z,no,fibe,Fibe
fsfkpc,STAGING,2026-03-31T17:27:06.000Z,yes,ev_91,EV91
8pag0q,PRODUCTION,2026-04-01T10:39:49.000Z,no,zoho,Zoho
6owyiy,STAGING,2026-04-01T11:08:10.000Z,no,hero_fincorp,Hero Fincorp
ybrrmg,STAGING,2026-04-01T12:44:22.000Z,no,tvs_credit,TVS Credit
zhmck9,PRODUCTION,2026-04-01T14:53:21.000Z,no,mulligan_funding,Mulligan Funding
zanwea,PRODUCTION,2026-04-02T04:33:13.000Z,no,united_india_insurance,United India Insurance
gx7ge1,PRODUCTION,2026-04-02T09:48:27.000Z,no,tvs_credit,TVS Credit
oi9pg4,STAGING,2026-04-02T13:07:39.000Z,yes,staging_lend_saa_s,Staging LendSaaS
55lz05,PRODUCTION,2026-04-03T05:23:15.000Z,no,kiwi_general_insurance_limited,Kiwi General Insurance Limited
my3r0x,STAGING,2026-04-03T06:14:19.000Z,yes,sfin,SFIN 
h3rbue,STAGING,2026-04-06T09:40:40.000Z,no,innovative_retail_concept,Innovative Retail Concept
o3brbd,PRODUCTION,2026-04-06T09:40:53.000Z,no,innovative_retail_concept,Innovative Retail Concept
xm09gd,PRODUCTION,2026-04-06T10:54:24.000Z,no,quantum_lends,Quantum Lends
jg9y98,STAGING,2026-04-07T05:07:20.000Z,no,alpha_exchange,Alpha Exchange
gmeolf,STAGING,2026-04-07T05:50:06.000Z,no,HV,HyperVerge
47zpsa,STAGING,2026-04-07T09:37:20.000Z,no,pledg,Pledg
rvy0fa,STAGING,2026-04-07T10:40:57.000Z,no,union_bank,Union Bank 
w9iupu,STAGING,2026-04-08T09:54:17.000Z,no,hyperverge_integrations_team,HyperVerge Integrations Team
8b53uj,STAGING,2026-04-08T10:19:58.000Z,no,swish,Swish
edknyy,STAGING,2026-04-08T12:43:36.000Z,no,branch_kenya,Branch Kenya
ltsaa0,STAGING,2026-04-08T20:34:02.000Z,yes,lend_tech_uat_2,LendTech UAT2
q4t9dz,PRODUCTION,2026-04-09T03:21:41.000Z,no,shb_finance,SHB Finance
sx15g8,PRODUCTION,2026-04-09T03:50:32.000Z,no,9pay,9Pay
uq754a,STAGING,2026-04-09T06:48:42.000Z,no,inocyx_nft,Inocyx_nft
t603dy,PRODUCTION,2026-04-09T06:48:54.000Z,no,inocyx_nft,Inocyx_nft
pn5iqg,STAGING,2026-04-09T07:14:03.000Z,no,ltfs,LTFS
5pnqzo,PRODUCTION,2026-04-09T09:41:17.000Z,no,tata_capital,Tata Capital
7azqfs,PRODUCTION,2026-04-09T09:55:50.000Z,no,tata_capital,Tata Capital
kp9hq2,STAGING,2026-04-09T09:58:28.000Z,no,icici_securities,ICICI Securities
c3yzve,PRODUCTION,2026-04-09T10:01:09.000Z,no,tata_capital,Tata Capital
rjx1mi,STAGING,2026-04-09T10:21:01.000Z,no,jana_sfb,Jana SFB
477fzf,PRODUCTION,2026-04-09T12:31:01.000Z,no,kotak_life_insurance,Kotak Life insurance
hexjmh,STAGING,2026-04-09T14:03:11.000Z,no,ltfs,LTFS
axhg0w,STAGING,2026-04-09T14:55:29.000Z,no,cams,CAMS
f02rki,STAGING,2026-04-10T07:20:03.000Z,no,pocketly,Pocketly
yi1bjm,STAGING,2026-04-10T11:37:47.000Z,no,hero_fincorp,Hero Fincorp
vd42z8,PRODUCTION,2026-04-13T04:33:52.000Z,no,asirvad_finance,Asirvad Finance
mxfpmp,STAGING,2026-04-14T06:29:55.000Z,no,bfi_finance_indonesia,BFI Finance Indonesia
e3b11t,STAGING,2026-04-14T09:47:20.000Z,no,aventus_sa,Aventus SA
hvuegw,PRODUCTION,2026-04-15T04:10:10.000Z,no,goo_pay,GooPay
oqx1vz,STAGING,2026-04-15T06:02:33.000Z,no,bank_genie_partner,Bank Genie (Partner) 
4p57g1,PRODUCTION,2026-04-15T07:16:03.000Z,no,breakout_finance,Breakout Finance
8vw7ri,STAGING,2026-04-15T08:35:13.000Z,no,hdfc_amc_partner,HDFC AMC Partner
by164l,STAGING,2026-04-15T09:35:20.000Z,no,kissht,Kissht
nx75iq,STAGING,2026-04-15T13:47:26.000Z,no,airtel_payments_bank_retail,Airtel Payments Bank - Retail
8e3hry,STAGING,2026-04-15T13:48:29.000Z,yes,kotak_mahindra_bank_limited,Kotak Mahindra Bank Limited
di7wv2,STAGING,2026-04-16T08:23:35.000Z,no,poonawallafincorp_com,poonawallafincorp.com
o3389b,STAGING,2026-04-16T08:23:43.000Z,no,poonawallafincorp_com,poonawallafincorp.com
ahk4vd,PRODUCTION,2026-04-17T06:52:00.000Z,no,home_credit_india,Home Credit India
l2da9f,STAGING,2026-04-20T09:23:24.000Z,no,aditya_birla_finance,Aditya Birla Finance Limited
39ks6s,PRODUCTION,2026-04-20T12:28:08.000Z,no,fampay,Fampay
g6zss9,STAGING,2026-04-21T09:37:25.000Z,no,fair_money_nigeria,FairMoney - Nigeria
i3ijxy,STAGING,2026-04-21T14:09:24.000Z,no,auxilo,Auxilo 
f4h9fu,STAGING,2026-04-21T14:44:36.000Z,no,HV,HyperVerge
dae2x9,STAGING,2026-04-21T18:43:23.000Z,no,royal_group_wing_bank_cambodia,Royal Group Wing Bank Cambodia
poksac,STAGING,2026-04-22T06:00:47.000Z,no,kissht,Kissht
l3k5i3,PRODUCTION,2026-04-22T06:19:09.000Z,no,savantika,Savantika 
4on7cg,PRODUCTION,2026-04-22T06:56:05.000Z,no,hero_fincorp,Hero Fincorp
mih3cw,STAGING,2026-04-22T07:01:09.000Z,no,win_zo_brokerage,WinZo Brokerage
4ascrx,PRODUCTION,2026-04-22T09:10:28.000Z,no,hero_fincorp,Hero Fincorp
c65k12,STAGING,2026-04-22T12:18:22.000Z,no,ltfs,LTFS
latz04,STAGING,2026-04-22T12:21:59.000Z,no,ltfs,LTFS
ak5w6q,PRODUCTION,2026-04-22T13:03:11.000Z,no,swish,Swish
5c0mgq,STAGING,2026-04-22T13:22:07.000Z,no,the_alternative_bank,The Alternative Bank
p5rg3q,STAGING,2026-04-22T13:22:15.000Z,no,the_alternative_bank,The Alternative Bank
v0hfqn,STAGING,2026-04-22T13:22:23.000Z,no,the_alternative_bank,The Alternative Bank
dn2dk8,STAGING,2026-04-22T13:22:29.000Z,no,the_alternative_bank,The Alternative Bank
t8ozv6,STAGING,2026-04-23T07:40:49.000Z,no,kotak_mahindra_bank_ltd,Kotak Mahindra Bank Ltd
hg1w8e,STAGING,2026-04-23T09:33:52.000Z,no,tech_margon_wealth,Tech Margon Wealth
mz7brb,STAGING,2026-04-24T06:07:54.000Z,no,kotak_811,Kotak 811
6mzafy,PRODUCTION,2026-04-24T09:31:01.000Z,no,sbi_mf,SBI MF
8tuiph,PRODUCTION,2026-04-24T10:50:25.000Z,no,fair_money_nigeria,FairMoney - Nigeria
iapnw3,STAGING,2026-04-27T07:24:22.000Z,no,kotak_mahindra_bank_ltd,Kotak Mahindra Bank Ltd
9x1i6c,STAGING,2026-04-27T07:34:22.000Z,no,idfc_first_bank,IDFC First Bank
tia7om,PRODUCTION,2026-04-27T10:03:34.000Z,no,verifin_technologies_private_limited,VERIFIN TECHNOLOGIES PRIVATE LIMITED
i80fvb,STAGING,2026-04-28T05:50:06.000Z,no,breakout_finance,Breakout Finance
jegubp,STAGING,2026-04-28T06:39:35.000Z,no,zokudo,zokudo
s8w8j1,STAGING,2026-04-28T10:19:00.000Z,no,kotak_securities,Kotak Securities
zk1zaa,STAGING,2026-04-28T20:29:00.000Z,yes,spend_ease,SpendEase
36r26p,STAGING,2026-04-28T23:00:37.000Z,yes,9_psb,9PSB
o5qddk,STAGING,2026-04-28T23:43:54.000Z,yes,stack_up,StackUp
stlasb,STAGING,2026-04-29T05:46:55.000Z,no,muthoot_fincorp,Muthoot Fincorp
y7x5bv,STAGING,2026-04-29T05:50:09.000Z,no,vodafone,Vodafone
83kqc2,STAGING,2026-04-29T09:18:49.000Z,no,HV,HyperVerge
usyr72,STAGING,2026-04-29T10:15:35.000Z,no,zomato,Zomato
srrgro,PRODUCTION,2026-04-29T10:15:51.000Z,no,zomato,Zomato
3byy6e,PRODUCTION,2026-04-29T10:22:14.000Z,no,motilal_oswal,Motilal Oswal
ydzjn8,PRODUCTION,2026-04-29T12:17:43.000Z,no,money_boxx_finance,MoneyBoxx Finance
8c9nlr,STAGING,2026-04-29T12:31:47.000Z,no,clane,Clane
kgcb3a,PRODUCTION,2026-04-29T13:29:55.000Z,no,kissht,Kissht
qhohxc,PRODUCTION,2026-04-29T16:28:49.000Z,no,cams,CAMS
dsq3cg,STAGING,2026-04-30T06:08:34.000Z,no,verifin_technologies_pvt_ltd,Verifin Technologies Pvt Ltd
hvljz3,PRODUCTION,2026-04-30T06:17:57.000Z,no,verifin_technologies_pvt_ltd,Verifin Technologies Pvt Ltd
qup9jc,STAGING,2026-04-30T09:01:12.000Z,yes,dream_money,Dream Money
04nvcn,STAGING,2026-04-30T09:58:33.000Z,no,hero_fincorp,Hero Fincorp
bs97pa,STAGING,2026-05-01T07:21:16.000Z,no,hyperverge_production_systems,HyperVerge Production Systems
8uwwl7,STAGING,2026-05-01T08:08:22.000Z,no,chola_finance,Chola Finance
3m1qam,STAGING,2026-05-04T06:02:15.000Z,no,vodafone,Vodafone
a1erh8,STAGING,2026-05-04T06:23:44.000Z,no,purshottam_investofin,Purshottam Investofin
0ced1a,STAGING,2026-05-04T06:46:24.000Z,no,pace_fin,Pace Fin
1mv5iz,STAGING,2026-05-04T11:26:26.000Z,yes,kshema_insurance,Kshema Insurance
cb5ds0,STAGING,2026-05-04T12:36:40.000Z,yes,rupeezy,Rupeezy
2l908p,STAGING,2026-05-05T07:09:37.000Z,no,hyperverge_ai_team,HyperVerge AI Team
f0slvd,STAGING,2026-05-05T13:50:18.000Z,no,internshala,Internshala
1u7dsd,STAGING,2026-05-06T06:20:31.000Z,no,hdfc_amc_partner,HDFC AMC Partner
nrepz9,PRODUCTION,2026-05-06T11:41:38.000Z,no,over_haul,Over Haul
39w5tu,STAGING,2026-05-06T18:49:58.000Z,no,fair_money_nigeria,FairMoney - Nigeria
at802d,STAGING,2026-05-07T02:33:27.000Z,no,lendswap,Lendswap
iq0w8f,STAGING,2026-05-07T03:55:18.000Z,yes,godrej_capital,Godrej Capital
807xem,STAGING,2026-05-07T04:12:02.000Z,no,coin_dcx,Coin DCX
q2cgw4,PRODUCTION,2026-05-07T05:29:13.000Z,no,personal_collection_phl,Personal Collection- PHL
0ha8c1,PRODUCTION,2026-05-07T05:32:47.000Z,no,fec,FEC
fpfgor,STAGING,2026-05-07T05:33:39.000Z,no,royal_sundaram,Royal Sundaram
medw2j,PRODUCTION,2026-05-07T07:39:33.000Z,no,fe_credit,FE Credit
uocksa,STAGING,2026-05-07T12:08:04.000Z,no,5paisa,5paisa
glpoik,STAGING,2026-05-07T14:13:52.000Z,no,emergency_paisa,Emergency Paisa
deu3vi,PRODUCTION,2026-05-07T16:34:35.000Z,no,aventus_group_ukraine,Aventus Group - Ukraine
i1zm35,PRODUCTION,2026-05-08T06:55:54.000Z,no,pocketly,Pocketly
znh5k7,STAGING,2026-05-08T06:57:32.000Z,no,HYPERVERGE-VKYC-DEMO,HyperVerge Vkyc Demo
x08r3e,STAGING,2026-05-08T11:30:31.000Z,no,fibe,Fibe
49wvdo,STAGING,2026-05-08T16:24:42.000Z,no,smfg_vkyc,SMFG 
pkisu9,STAGING,2026-05-08T16:24:47.000Z,no,smfg_vkyc,SMFG 
imvzjs,STAGING,2026-05-11T03:58:48.000Z,no,swiggy,Swiggy
0nvn2b,PRODUCTION,2026-05-11T04:50:47.000Z,no,choice_tech_labs,Choice Tech Labs
zaoalu,STAGING,2026-05-11T05:49:51.000Z,no,tutelar_solutions,Tutelar Solutions
7dxxsa,PRODUCTION,2026-05-11T07:38:44.000Z,no,pay_pay,PayPay
xrf907,STAGING,2026-05-11T10:47:48.000Z,yes,sbi_csp_outlets,SBI CSP OUTLETS
znfbyz,STAGING,2026-05-12T09:56:02.000Z,yes,bandhan_life,Bandhan life
voapoo,STAGING,2026-05-12T10:07:56.000Z,no,geojit_financial,Geojit Financial
ammfa1,STAGING,2026-05-13T04:39:51.000Z,no,bidv,BIDV
2hl72d,STAGING,2026-05-13T06:41:29.000Z,yes,flipkart_finance,Flipkart Finance
bzk59r,STAGING,2026-05-13T08:18:14.000Z,no,kiwi_general_insurance_limited,Kiwi General Insurance Limited
j5r1v8,PRODUCTION,2026-05-13T17:38:38.000Z,no,mulligan_funding,Mulligan Funding
svlzec,STAGING,2026-05-14T10:20:29.000Z,no,blitz_now,BlitzNow
il7yb9,PRODUCTION,2026-05-14T11:19:14.000Z,no,kiwi_general_insurance_limited,Kiwi General Insurance Limited
7h24dx,STAGING,2026-05-14T11:59:35.000Z,no,zokudo,zokudo
rc4gsl,STAGING,2026-05-14T12:00:06.000Z,no,zokudo,zokudo
z03qlu,STAGING,2026-05-15T07:02:15.000Z,no,swish,Swish
zpduo5,STAGING,2026-05-15T08:59:10.000Z,no,muthoot_finance,Muthoot Finance
ijtl7y,STAGING,2026-05-15T09:05:30.000Z,no,cred_fast,CredFast
y9ovt0,PRODUCTION,2026-05-15T10:01:53.000Z,no,fame_mfb,Fame MFB
0kmxp1,STAGING,2026-05-15T23:18:34.000Z,no,purshottam_investofin,Purshottam Investofin
2p58qp,STAGING,2026-05-15T23:19:00.000Z,no,purshottam_investofin,Purshottam Investofin
5yh2bu,STAGING,2026-05-15T23:20:19.000Z,no,purshottam_investofin,Purshottam Investofin
u5bcex,PRODUCTION,2026-05-18T04:49:37.000Z,no,creditmitra_in,creditmitra.in
20q8tz,STAGING,2026-05-18T07:02:29.000Z,no,ltfs,LTFS
7duhs5,STAGING,2026-05-18T09:36:33.000Z,no,hinduja_group,Hinduja Group
rse38g,STAGING,2026-05-18T10:57:38.000Z,no,hero_fincorp,Hero Fincorp
36sdi7,STAGING,2026-05-18T11:26:10.000Z,no,hyperverge_integrations_team,HyperVerge Integrations Team
ekepid,PRODUCTION,2026-05-18T13:04:31.000Z,no,ram_fincorp,Ram Fincorp
d4qm10,STAGING,2026-05-18T13:21:11.000Z,no,us_mca_demo_client,US MCA Demo Client
hpm312,PRODUCTION,2026-05-18T13:36:49.000Z,no,kissht,Kissht
z6h7j8,PRODUCTION,2026-05-18T14:21:21.000Z,no,lend_saa_s,LendSaaS
z02wxk,STAGING,2026-05-19T11:32:36.000Z,no,cams,CAMS
vj9rnb,PRODUCTION,2026-05-19T14:47:18.000Z,no,swish,Swish
v3tsik,STAGING,2026-05-19T16:23:43.000Z,no,vodafone,Vodafone
a2tn0g,STAGING,2026-05-20T08:23:32.000Z,no,onecard,OneCard
4cgv56,STAGING,2026-05-20T10:34:24.000Z,no,hd_securities,HD Securities
l7u6rh,STAGING,2026-05-20T13:27:56.000Z,no,rapido,Rapido
kylw1d,STAGING,2026-05-21T10:21:52.000Z,no,pay_joy_sea,PayJoy SEA
0r5lht,STAGING,2026-05-21T10:33:10.000Z,yes,kai_crypto_sea,Kai Crypto SEA
ncsm82,STAGING,2026-05-21T13:19:18.000Z,no,chola_finance,Chola Finance
6h2p0e,PRODUCTION,2026-05-22T04:23:46.000Z,no,aditya_birla_health_insurance,Aditya Birla Health Insurance
faanq6,STAGING,2026-05-22T06:32:00.000Z,no,au_small_finance_bank,AU small finance bank
p0e9se,STAGING,2026-05-22T07:32:20.000Z,yes,dcb,DCB
9tc37q,PRODUCTION,2026-05-22T13:55:32.000Z,no,sterling_bank,SterlingBank
4b4f9e,STAGING,2026-05-25T09:56:56.000Z,no,shriram_finance,Shriram Finance
4hhvtd,STAGING,2026-05-25T10:22:15.000Z,no,tata_capital,Tata Capital
2i68wt,STAGING,2026-05-25T10:25:05.000Z,no,tata_capital,Tata Capital
s02q51,PRODUCTION,2026-05-25T10:34:33.000Z,no,yes_securities,Yes Securities
7p4cna,STAGING,2026-05-25T10:57:22.000Z,no,fatakpay,FatakPay
6wmm08,STAGING,2026-05-25T12:54:02.000Z,no,pice_one,pice one
z94k5i,PRODUCTION,2026-05-25T12:54:20.000Z,no,pice_one,pice one
cvqi04,STAGING,2026-05-25T14:39:07.000Z,yes,yubi_market_place,Yubi Market Place
zv2db4,STAGING,2026-05-25T15:43:53.000Z,no,hyperverge_production_systems,HyperVerge Production Systems
h4d9ah,STAGING,2026-05-25T15:44:24.000Z,no,hyperverge_production_systems,HyperVerge Production Systems
b9oni0,STAGING,2026-05-26T06:18:17.000Z,no,iifl_securities,IIFL Securities
dj23bg,PRODUCTION,2026-05-26T06:18:39.000Z,no,iifl_securities,IIFL Securities
m80ica,PRODUCTION,2026-05-26T09:48:30.000Z,no,ltfs,LTFS
r2jstw,STAGING,2026-05-26T10:09:57.000Z,no,hero_fincorp,Hero Fincorp
rcxhdo,STAGING,2026-05-26T11:30:07.000Z,no,pluang_phl,Pluang PHL
5icebt,STAGING,2026-05-26T12:49:30.000Z,yes,rapid_money,Rapid Money
gqvhny,STAGING,2026-05-27T05:39:07.000Z,no,namma_yatri_juspay,Namma Yatri (Juspay)
ed4con,STAGING,2026-05-27T07:31:34.000Z,no,hdfc_amc_partner,HDFC AMC Partner
7od1mr,STAGING,2026-05-27T14:21:20.000Z,no,evolve,Evolve
s492mn,STAGING,2026-05-28T12:55:19.000Z,no,magma_hdi,Magma HDI - CKYC (Upload + Download)
gd6899,STAGING,2026-05-28T14:19:47.000Z,no,everest_business_funding,Everest Business Funding
3v91bx,PRODUCTION,2026-05-29T11:21:40.000Z,no,zokudo,zokudo
bqbhcm,STAGING,2026-05-29T12:43:18.000Z,no,royal_sundaram,Royal Sundaram
3u7h3p,STAGING,2026-05-29T13:59:46.000Z,no,paytm_money,Paytm Money
usjdza,PRODUCTION,2026-05-29T14:05:08.000Z,no,paytm_money,Paytm Money
d12t5e,PRODUCTION,2026-06-01T05:58:26.000Z,no,hdfc_amc_partner,HDFC AMC Partner
16cflc,PRODUCTION,2026-06-01T06:30:13.000Z,no,hdfc_amc_partner,HDFC AMC Partner
dthphn,PRODUCTION,2026-06-01T08:39:52.000Z,no,union_bank,Union Bank 
huo0eb,STAGING,2026-06-01T10:14:01.000Z,no,internal_vkyc_test,internal_vkyc_test
ihn9lp,STAGING,2026-06-01T10:55:34.000Z,no,hyperverge_engineering_webapp_testing_client,hyperverge_engineering_webapp_testing_client
06ajm7,STAGING,2026-06-01T12:34:06.000Z,no,ltfs,LTFS
rpscdg,PRODUCTION,2026-06-01T12:34:16.000Z,no,ltfs,LTFS
rkh0ya,STAGING,2026-06-02T04:11:06.000Z,no,dhan,Dhan
oj8w5l,STAGING,2026-06-02T04:11:28.000Z,no,dhan,Dhan
gzv84m,STAGING,2026-06-02T06:12:50.000Z,no,chola_ms_general_insurance,Chola MS General Insurance
nhuy0h,STAGING,2026-06-02T06:15:13.000Z,no,hyperverge_integrations_team,HyperVerge Integrations Team
c00n7w,PRODUCTION,2026-06-02T07:14:46.000Z,no,hdfc_amc_partner,HDFC AMC Partner
xjko90,PRODUCTION,2026-06-02T07:19:00.000Z,no,vodafone,Vodafone
wy6woh,STAGING,2026-06-02T12:48:03.000Z,no,generic_web_app_production,Generic Web App Production
ktmg2j,PRODUCTION,2026-06-02T12:50:52.000Z,no,generic_web_app_production,Generic Web App Production
btp9zy,PRODUCTION,2026-06-02T17:34:45.000Z,no,fundfi_merchant_funding_llc,"FUNDFI MERCHANT FUNDING, LLC"
gop50b,STAGING,2026-06-03T07:08:50.000Z,yes,pg_bank,PG Bank
jjx5y6,STAGING,2026-06-03T07:33:01.000Z,no,incred_money,Incred Money
8eqioc,PRODUCTION,2026-06-03T07:33:14.000Z,no,incred_money,Incred Money
qma7r6,STAGING,2026-06-04T04:27:40.000Z,no,hyperverge_production_systems,HyperVerge Production Systems
2f3swc,STAGING,2026-06-04T05:05:03.000Z,no,finbox,Finbox
yoo74n,STAGING,2026-06-04T05:05:14.000Z,no,finbox,Finbox
r82nwi,PRODUCTION,2026-06-04T06:18:09.000Z,no,hyperverge_production_systems,HyperVerge Production Systems
w676ju,PRODUCTION,2026-06-04T07:16:14.000Z,no,hero_fincorp,Hero Fincorp
ye8png,PRODUCTION,2026-06-04T18:40:02.000Z,no,royal_sundaram,Royal Sundaram
r87fhk,STAGING,2026-06-05T08:44:01.000Z,no,paisa_bazaar,Paisa Bazaar
h4mjxz,STAGING,2026-06-05T09:30:28.000Z,no,paisabazaar_mc,PaisabazaarMC
d5as2i,STAGING,2026-06-05T10:02:33.000Z,no,kuvera_cred,Kuvera-CRED
i4lsxr,STAGING,2026-06-05T10:20:42.000Z,no,kuvera_cred,Kuvera-CRED
ab2nkw,STAGING,2026-06-06T07:17:00.000Z,yes,unified_payment_services_limited,Unified Payment Services Limited 
i88que,PRODUCTION,2026-06-08T06:10:51.000Z,no,5paisa,5paisa
j3i0qx,STAGING,2026-06-08T08:51:01.000Z,no,bdo_smart_branch,BDO Smart Branch
ql2a8w,STAGING,2026-06-09T06:38:24.000Z,yes,flyy_x_technologies,FlyyX technologies
18fr7f,STAGING,2026-06-09T07:03:46.000Z,no,new_gen,new gen 
90fwpw,STAGING,2026-06-09T08:37:27.000Z,no,stockgro,Stockgro
t44es2,STAGING,2026-06-09T19:26:42.000Z,no,zomato,Zomato
ix3sg3,PRODUCTION,2026-06-10T04:39:08.000Z,no,unobank_ph,Unobank Ph
ui9v58,STAGING,2026-06-10T06:20:24.000Z,no,kotak_mahindra_bank_ltd,Kotak Mahindra Bank Ltd
3qhjlr,STAGING,2026-06-10T06:48:07.000Z,no,motilal_oswal,Motilal Oswal
9j6z3k,PRODUCTION,2026-06-10T07:03:13.000Z,no,pace_fin,Pace Fin
chp2ax,PRODUCTION,2026-06-10T07:29:17.000Z,no,cams,CAMS
4ub0dx,STAGING,2026-06-10T12:13:00.000Z,no,hyperverge_usa_engineering,Hyperverge USA Engineering
gyrs1v,STAGING,2026-06-10T12:57:52.000Z,no,icici_mf,ICICI MF
bpjouj,STAGING,2026-06-11T04:48:30.000Z,no,vietcombank,Vietcombank
ervyfx,PRODUCTION,2026-06-11T05:44:01.000Z,no,jupiter,Jupiter
qth2tz,PRODUCTION,2026-06-11T07:05:09.000Z,no,tv_scredit_vkyc,TVScredit VKYC
eh8fiq,STAGING,2026-06-11T09:31:24.000Z,yes,evolve_brands,Evolve Brands
y7m8il,PRODUCTION,2026-06-11T09:38:56.000Z,no,hyperverge_production_systems,HyperVerge Production Systems
4mjemx,PRODUCTION,2026-06-11T09:39:06.000Z,no,hyperverge_production_systems,HyperVerge Production Systems
uu3vnv,PRODUCTION,2026-06-11T11:16:07.000Z,no,kotak_life_insurance,Kotak Life insurance
uty34b,STAGING,2026-06-11T11:19:15.000Z,no,cosmic,Cosmic
4gbc44,STAGING,2026-06-11T11:21:18.000Z,no,cosmic,Cosmic
tc41jj,STAGING,2026-06-12T05:09:02.000Z,no,honda_finance,Honda Finance
yp223l,STAGING,2026-06-12T05:47:34.000Z,no,provider_sg,Provider SG
g3ptjd,STAGING,2026-06-12T06:18:18.000Z,no,flipkart_advanz,Flipkart Advanz
04mdpa,STAGING,2026-06-12T06:57:53.000Z,no,everest_business_funding,Everest Business Funding
zv09dx,PRODUCTION,2026-06-12T13:08:36.000Z,no,paisabazaar_mc,PaisabazaarMC
pqvniu,PRODUCTION,2026-06-12T13:08:50.000Z,no,paisa_bazaar,Paisa Bazaar
9tr3ye,STAGING,2026-06-14T12:49:34.000Z,no,nira_finance,NIRA Finance
ilrf54,PRODUCTION,2026-06-14T19:12:02.000Z,no,money_view,MoneyView
c7gtse,STAGING,2026-06-15T04:11:44.000Z,no,oona_philippines,Oona Philippines
6kesw4,PRODUCTION,2026-06-15T05:38:00.000Z,no,transcorp_india,Transcorp India
jiij40,PRODUCTION,2026-06-15T06:11:08.000Z,no,ethi_gold,EthiGold
rzdygi,STAGING,2026-06-15T09:21:03.000Z,no,ram_fincorp,Ram Fincorp
niep2t,PRODUCTION,2026-06-15T09:21:18.000Z,no,hyperverge_usa_engineering,Hyperverge USA Engineering
7hfp9d,STAGING,2026-06-15T09:21:25.000Z,no,ram_fincorp,Ram Fincorp
bjas26,PRODUCTION,2026-06-15T09:55:11.000Z,no,finbox,Finbox
c9opp3,STAGING,2026-06-15T11:01:49.000Z,no,sbi_bank,SBI Bank
gfjt07,STAGING,2026-06-15T11:16:39.000Z,no,vested_finance,Vested Finance Limited
g2n848,STAGING,2026-06-16T05:57:30.000Z,no,apollo_finvest,Apollo Finvest
felln5,STAGING,2026-06-16T05:58:14.000Z,no,apollo_finvest,Apollo Finvest
yc0mal,STAGING,2026-06-16T06:49:35.000Z,no,cred,CRED
fcx6ki,STAGING,2026-06-16T08:53:40.000Z,no,money_boxx_finance,MoneyBoxx Finance
e8dtz3,PRODUCTION,2026-06-17T05:24:59.000Z,no,cred,CRED
bm1y7p,STAGING,2026-06-17T06:48:56.000Z,no,bondscanner,Bondscanner
st01zo,STAGING,2026-06-17T08:28:13.000Z,no,enrich_money,Enrich Money
ksi962,PRODUCTION,2026-06-17T08:28:40.000Z,no,enrich_money,Enrich Money
2kc59p,PRODUCTION,2026-06-17T08:51:11.000Z,no,hero_fincorp,Hero Fincorp
siwmuh,PRODUCTION,2026-06-17T08:56:18.000Z,no,hero_fincorp,Hero Fincorp
b106zf,STAGING,2026-06-17T13:09:29.000Z,no,fintuple_cams,Fintuple ( cams)
7e88pe,PRODUCTION,2026-06-17T14:13:44.000Z,no,hdfc_amc_partner,HDFC AMC Partner
lx65n2,STAGING,2026-06-18T06:48:49.000Z,no,ltfs,LTFS
yao9de,STAGING,2026-06-18T15:54:40.000Z,no,hyperverge_engineering_team,HyperVerge Engineering Team
eo9k4k,STAGING,2026-06-19T12:34:54.000Z,no,hdfc_bank_ltd,HDFC Bank Ltd
r42vqv,STAGING,2026-06-21T16:06:37.000Z,no,unobank_ph,Unobank Ph
qvmxki,PRODUCTION,2026-06-22T04:35:38.000Z,no,chola_finance,Chola Finance
646bxk,STAGING,2026-06-22T12:50:21.000Z,no,hyperverge_integrations_team,HyperVerge Integrations Team
hef9wg,STAGING,2026-06-23T03:36:38.000Z,no,hyperverge_integrations_team,HyperVerge Integrations Team
hkca05,STAGING,2026-06-23T09:07:49.000Z,no,fe_credit,FE Credit
gysa8y,PRODUCTION,2026-06-23T10:26:09.000Z,no,sterling_bank,SterlingBank
2qvvm7,PRODUCTION,2026-06-23T10:38:00.000Z,no,sterling_bank,SterlingBank
3yp7t4,STAGING,2026-06-23T13:32:58.000Z,no,pine_labs,Pinelabs
5ly2ya,PRODUCTION,2026-06-24T10:46:45.000Z,no,hd_securities,HD Securities
5h61kl,STAGING,2026-06-24T11:48:59.000Z,no,finbox,Finbox
zj1yww,STAGING,2026-06-24T12:16:55.000Z,no,hyperverge_production_systems,HyperVerge Production Systems
of1vre,STAGING,2026-06-25T06:18:36.000Z,no,bajaj_securities,Bajaj Securities 
j1qxf6,STAGING,2026-06-25T06:18:42.000Z,no,bajaj_securities,Bajaj Securities 
q059la,STAGING,2026-06-25T06:18:47.000Z,no,bajaj_securities,Bajaj Securities 
ms8hxf,PRODUCTION,2026-06-29T05:08:07.000Z,no,vietcombank,Vietcombank
eqv3it,STAGING,2026-06-29T07:19:31.000Z,no,HV,HyperVerge
zufk7j,PRODUCTION,2026-06-29T08:20:50.000Z,no,jainam,Jainam
dl34i9,PRODUCTION,2026-06-29T11:41:31.000Z,no,emergency_paisa,Emergency Paisa
25r5n8,PRODUCTION,2026-06-30T03:33:38.000Z,no,auxilo,Auxilo 
xophgp,STAGING,2026-06-30T04:05:04.000Z,no,fe_credit,FE Credit
ledvml,STAGING,2026-06-30T04:05:45.000Z,no,fe_credit,FE Credit
ouiwq5,STAGING,2026-06-30T06:15:16.000Z,no,rebel_foods,Rebel Foods
yflq5h,STAGING,2026-06-30T08:23:07.000Z,no,hd_securities,HD Securities
jlbwyh,PRODUCTION,2026-06-30T09:52:20.000Z,no,hd_securities,HD Securities
6cwly3,STAGING,2026-06-30T10:08:44.000Z,no,rbih,RBIH
zuq6h5,PRODUCTION,2026-06-30T10:59:24.000Z,no,mulligan_funding,Mulligan Funding