,,,,,,,,0,0,,,,,,,,,,11,11,11,11,11,11,11,11,11,11,11,17,23,29,35,41,47,53,59,65,71,77,83,89,95,101,107,113,
,,,Action Item,,,,,,,4.313," $ 70,122 "," $ 220,314 "," $ 66,808 "," $ 55,866 "," $ 32,936 "," $ 5,267 "," $ 3,546 "," $ 17,365 "," $ 2,460 "," $ 2,232 "," $ 3,432 "," $ 3,185 ", $ 0 ," $ 1,743 "," $ 2,073 "," $ 1,201 "," $ 1,524 ", $ 204 ," $ 3,552 "," $ 1,221 ", $ 898 ," $ 1,053 "," $ 1,775 "," $ 1,432 "," $ 6,044 "," $ 1,154 ", $ 997 , $ 837 ," $ 1,068 ", $ 981 ," $ 1,261 ", $ -   , $ -   , $ -   , $ -   , $ -   ," $ (1,799)"
Client Name,KAM/CSM,Finance SPOC,Category,Action Item,Last Month,ETA,Geography,MRR Bucket,Segment,DSO,Jan 26 Recurring Revenue, Accumulated Net Receivables ,Jan 26 Total Receivables,Dec 25 Total Receivables,Nov 25 Total Receivables,Oct 25 Total Receivables,Sep 25 Total Receivables,Aug 25 Total Receivables,Jul 25 Total Receivables,Jun 25 Total Receivables,May 25 Total Receivables,Apr 25 Total Receivables,Mar 25 Total Receivables,Feb 25 Total Receivables,Jan 25 Total Receivables,Dec 24 Total Receivables,Nov 24 Total Receivables,Oct 24 Total Receivables,Sep 24 Total Receivables,Aug 24 Total Receivables,Jul 24 Total Receivables,Jun 24 Total Receivables,May 24 Total Receivables,Apr 24 Total Receivables,Mar 24 Total Receivables,Feb 24 Total Receivables,Jan 24 Total Receivables,Dec 23 Total Receivables,Nov 23 Total Receivables,Oct 23 Total Receivables,Sep 23 Total Receivables,Aug 23 Total Receivables,Jul 23 Total Receivables,Jun 23 Total Receivables,May 23 Total Receivables,Apr 23 Total Receivables,Past Months
FE Credit,Harshit Shrivastava,Pooja,Medium - (50 to 79%),,Older Than Apr 23,,ASEAN,More Than 50K,NBFC,90," $ 164,823 "," $ 498,732 "," $ 168,668 "," $ 166,353 "," $ 164,572 ", $ -   , $ -   , $ -   , $ -   , $ -   , $ -   , $ -   , $ -   , $ -   , $ -   , $ -   , $ -   , $ -   , $ -   , $ -   , $ -   , $ -   , $ -   , $ -   , $ -   , $ -   , $ -   , $ -   , $ -   , $ -   , $ -   , $ -   , $ -   , $ -   , $ -   , $ -   , $ (861)
LTFS,Aishwarya Paraskar,Chaitanya,High - 80 to 100%,,Jan 26,,India,More Than 50K,NBFC,108," $ 87,396 "," $ 307,809 "," $ 117,493 "," $ 95,297 "," $ 95,019 ", $ -   , $ -   , $ -   , $ -   , $ -   , $ -   , $ -   , $ -   , $ -   , $ 0 , $ -   , $ -   , $ -   , $ -   , $ -   , $ -   , $ -   , $ -   , $ -   , $ -   , $ -   , $ -   , $ -   , $ -   , $ -   , $ -   , $ -   , $ -   , $ -   , $ -   , $ -   , $ -   
Swiggy,Sai Prasaanth,Pooja,Medium - (50 to 79%),,Jan 26,,India,More Than 50K,Gig economy,88," $ 55,614 "," $ 168,007 "," $ 55,614 "," $ 73,749 "," $ 35,459 "," $ 30,311 "," $ (14,679)", $ -   , $ -   ," $ 20,154 "," $ 1,417 ", $ 477 ," $ 2,566 ", $ -   , $ -   , $ -   , $ -   , $ -   , $ -   , $ -   , $ -   , $ -   , $ -   , $ -   , $ -   , $ -   , $ -   , $ -   , $ -   , $ -   , $ -   , $ -   , $ -   , $ -   , $ -   , $ -   ," $ (37,061)"
Shriram City Union Finance,Parthiban Anbazhagan,Pramod,Low - (< 50%),,Jan 26,,India,2K to 10K,Others,"3,574"," $ 1,567 "," $ 182,788 "," $ 1,567 "," $ 1,502 "," $ 4,259 "," $ 39,593 "," $ 31,417 "," $ 31,698 "," $ 36,880 "," $ 35,873 ", $ -   , $ -   , $ -   , $ -   , $ -   , $ -   , $ -   , $ -   , $ -   , $ -   , $ -   , $ -   , $ -   , $ -   , $ -   , $ -   , $ -   , $ -   , $ -   , $ -   , $ -   , $ -   , $ -   , $ -   , $ -   , $ -   , $ -   
VIL,Ashutosh Daga,Chaitanya,High - 80 to 100%,,Jan 26,,India,More Than 50K,Telecom,40," $ 60,555 "," $ 92,707 "," $ 60,555 "," $ 7,786 ", $ 129 ," $ (1,691)"," $ 7,690 ", $ -   ," $ 9,329 ", $ -   ," $ 1,232 ", $ -   , $ -   , $ -   , $ -   , $ -   ," $ 9,552 ", $ -   , $ -   , $ -   , $ -   , $ -   , $ -   , $ -   , $ -   , $ -   , $ -   , $ -   , $ -   , $ -   , $ -   , $ -   , $ -   , $ -   , $ -   , $ -   ," $ (1,876)"
MANAPPURAM,Parthiban Anbazhagan,Chaitanya,Medium - (50 to 79%),,Jan 26,,India,10K to 50K,NBFC,141," $ 39,437 "," $ 131,663 "," $ 39,445 "," $ 29,998 "," $ 19,134 "," $ 14,350 "," $ 28,736 ", $ -   , $ -   , $ -   , $ -   , $ -   , $ -   , $ -   , $ -   , $ -   , $ -   , $ 0 , $ -   , $ -   , $ -   , $ -   , $ -   , $ -   , $ -   , $ -   , $ -   , $ -   , $ -   , $ -   , $ -   , $ -   , $ -   , $ -   , $ -   , $ -   , $ (0)
SHB Finance,Nam Nguyen,Pooja,Low - (< 50%),,Jan 26,,ASEAN,10K to 50K,NBFC,136," $ 25,796 "," $ 125,257 "," $ 33,331 "," $ 36,802 "," $ 22,290 "," $ 8,699 "," $ 7,279 "," $ 6,700 "," $ 6,364 "," $ 2,467 "," $ 1,324 ", $ -   , $ -   , $ -   , $ -   , $ -   , $ -   , $ -   , $ -   , $ -   , $ -   , $ -   , $ -   , $ -   , $ -   , $ -   , $ -   , $ -   , $ -   , $ -   , $ -   , $ -   , $ -   , $ -   , $ -   , $ -   , $ -   
GSIS,Harshit Shrivastava,Pooja,Low - (< 50%),,Jan 26,,ASEAN,10K to 50K,Insurance,303," $ 13,128 "," $ 117,277 "," $ 13,128 "," $ 10,133 "," $ 19,255 "," $ 17,995 "," $ 9,983 "," $ 14,471 "," $ 14,730 "," $ 9,376 "," $ 8,205 ", $ -   , $ -   , $ -   , $ -   , $ -   , $ -   , $ -   , $ -   , $ -   , $ -   , $ -   , $ -   , $ -   , $ -   , $ -   , $ -   , $ -   , $ -   , $ -   , $ -   , $ -   , $ -   , $ -   , $ -   , $ -   , $ -   
Sterling Bank,Lawrence Osayemi,Subin,High - 80 to 100%,"Aditya, lawrence to loop in legal,finance to unblock payment",Jan 26,,Africa,10K to 50K,Banks,126," $ 21,869 "," $ 102,329 "," $ 21,869 "," $ 26,916 "," $ 53,544 ", $ -   , $ -   , $ -   , $ -   , $ -   , $ -   , $ -   , $ -   , $ -   , $ -   , $ -   , $ -   , $ -   , $ -   , $ -   , $ -   , $ -   , $ -   , $ -   , $ -   , $ -   , $ -   , $ -   , $ -   , $ -   , $ -   , $ -   , $ -   , $ -   , $ -   , $ -   , $ -   
IIFL Finance,Ashutosh Daga,Subin,Medium - (50 to 79%),,Jan 26,,India,10K to 50K,NBFC,196," $ 13,612 "," $ 98,914 "," $ 13,612 "," $ 16,594 "," $ 16,915 "," $ 17,525 "," $ 20,281 "," $ 12,994 ", $ 992 , $ -   , $ -   , $ -   , $ -   , $ -   , $ -   , $ -   , $ -   , $ -   , $ -   , $ -   , $ -   , $ -   , $ -   , $ -   , $ -   , $ -   , $ -   , $ -   , $ -   , $ -   , $ -   , $ -   , $ -   , $ -   , $ -   , $ -   , $ -   
Mobikwik,Gopinath Yerra,Pooja,High - 80 to 100%,,Jan 26,,India,10K to 50K,Payment Service Provider,98," $ 16,896 "," $ 55,619 "," $ 18,773 "," $ 19,559 "," $ 17,287 ", $ -   , $ (0), $ -   , $ -   , $ -   , $ -   , $ -   , $ -   , $ -   , $ -   , $ -   , $ -   , $ -   , $ -   , $ -   , $ -   , $ -   , $ -   , $ -   , $ -   , $ -   , $ -   , $ -   , $ -   , $ -   , $ -   , $ -   , $ -   , $ -   , $ -   , $ -   , $ -   
Royal Sundaram,Parthiban Anbazhagan,Chaitanya,Low - (< 50%),,Jan 26,,India,2K to 10K,Insurance,102," $ 8,265 "," $ 29,672 "," $ 9,641 "," $ 9,237 "," $ 7,451 "," $ 3,342 ", $ -   , $ -   , $ -   , $ -   , $ -   , $ -   , $ -   , $ -   , $ -   , $ -   , $ -   , $ -   , $ -   , $ -   , $ -   , $ -   , $ -   , $ -   , $ -   , $ -   , $ -   , $ -   , $ -   , $ -   , $ -   , $ -   , $ -   , $ -   , $ -   , $ -   , $ -   
Groww,Sai Prasaanth,Pooja,High - 80 to 100%,,Jan 26,,India,10K to 50K,Brokerage,68," $ 37,468 "," $ 70,140 "," $ 39,801 "," $ 30,339 ", $ -   , $ 0 , $ -   , $ -   , $ -   , $ -   , $ -   , $ -   , $ -   , $ -   , $ -   , $ -   , $ -   , $ -   , $ -   , $ -   , $ -   , $ -   , $ -   , $ -   , $ -   , $ -   , $ -   , $ -   , $ -   , $ -   , $ -   , $ -   , $ -   , $ -   , $ -   , $ -   , $ -   
Fampay,Parthiban Anbazhagan,Chaitanya,High - 80 to 100%,,Jan 26,,India,10K to 50K,Wallet,70," $ 26,973 "," $ 62,585 "," $ 32,582 "," $ 30,006 ", $ -   , $ (3), $ -   , $ -   , $ -   , $ -   , $ -   , $ -   , $ -   , $ -   , $ -   , $ -   , $ -   , $ -   , $ -   , $ -   , $ -   , $ -   , $ -   , $ -   , $ -   , $ -   , $ -   , $ -   , $ -   , $ -   , $ -   , $ -   , $ -   , $ -   , $ -   , $ -   , $ (0)
NIA,Ashutosh Daga,Pooja,High - 80 to 100%,,Jan 26,,India,2K to 10K,Insurance,93," $ 9,328 "," $ 28,703 "," $ 10,048 "," $ 9,943 "," $ 8,712 ", $ -   , $ -   , $ -   , $ -   , $ -   , $ -   , $ -   , $ -   , $ -   , $ -   , $ -   , $ -   , $ -   , $ -   , $ -   , $ -   , $ -   , $ -   , $ -   , $ -   , $ -   , $ -   , $ -   , $ -   , $ -   , $ -   , $ -   , $ -   , $ -   , $ -   , $ -   , $ -   
Finbox,Akanksha Pandaw,Subin,Medium - (50 to 79%),,Jan 26,,India,2K to 10K,Channel Partner,276," $ 3,988 "," $ 35,776 "," $ 10,803 "," $ 24,973 ", $ -   , $ (0), $ 0 , $ -   , $ 0 , $ -   , $ -   , $ -   , $ -   , $ -   , $ -   , $ -   , $ -   , $ 0 , $ -   , $ -   , $ -   , $ -   , $ -   , $ -   , $ -   , $ -   , $ -   , $ -   , $ -   , $ -   , $ -   , $ -   , $ -   , $ -   , $ -   , $ -   , $ -   
Krazybee,Aditya Rao,Subin,Low - (< 50%),Reminder to follow up,Jan 26,,India,2K to 10K,Digital Lenders,187," $ 8,989 "," $ 56,014 "," $ 9,287 "," $ 8,989 "," $ 8,989 "," $ 8,989 "," $ 10,668 "," $ 9,417 ", $ -   , $ -   , $ -   , $ -   , $ -   , $ -   , $ -   , $ -   , $ -   , $ -   , $ -   , $ -   , $ -   , $ -   , $ -   , $ -   , $ -   , $ -   , $ -   , $ -   , $ -   , $ 0 , $ -   , $ -   , $ 0 , $ -   , $ -   , $ -   , $ (326)
Finx,Minh Nguyen Duc,Pooja,Low - (< 50%),,Jan 26,,ASEAN,10K to 50K,Digital Lenders,39," $ 45,185 "," $ 55,466 "," $ 47,214 "," $ 8,252 ", $ -   , $ -   , $ -   , $ -   , $ -   , $ -   , $ -   , $ -   , $ -   , $ -   , $ -   , $ -   , $ -   , $ -   , $ -   , $ -   , $ -   , $ -   , $ -   , $ -   , $ -   , $ -   , $ -   , $ -   , $ -   , $ -   , $ -   , $ -   , $ -   , $ -   , $ -   , $ -   , $ -   
BALIC,Aditya Rao,Chaitanya,Medium - (50 to 79%),"Agreement issue(by Dec end) - monthwise, API wise segregation(by 23rd) - Aditya to send the details - Chaitanya to check if invoice can be raised ",Jan 26,,India,2K to 10K,Insurance,138," $ 6,616 "," $ 27,584 "," $ 7,120 "," $ 7,607 "," $ 5,625 "," $ 5,156 ", $ 693 , $ 359 , $ 365 , $ 331 , $ 327 , $ -   , $ -   , $ -   , $ -   , $ -   , $ -   , $ -   , $ -   , $ -   , $ -   , $ -   , $ -   , $ -   , $ -   , $ -   , $ -   , $ -   , $ -   , $ -   , $ -   , $ -   , $ -   , $ -   , $ -   , $ -   , $ 0 
CAMS,Maline K L,Pooja,High - 80 to 100%,"vaibhav, krishna to reach out for invoie clarance",Jan 26,20-Dec-24,India,2K to 10K,AMCs,168," $ 7,203 "," $ 41,251 "," $ 4,471 "," $ 4,883 "," $ 1,826 ", $ 998 , $ 414 , $ 957 , $ -   , $ -   ," $ 2,030 "," $ 1,923 ", $ -   ," $ 1,743 "," $ 2,073 ", $ -   , $ 21 , $ 4 ," $ 1,618 "," $ 1,021 ", $ 898 ," $ 1,053 "," $ 1,775 "," $ 1,432 "," $ 6,044 "," $ 1,154 ", $ 997 , $ 837 ," $ 1,068 ", $ 981 ," $ 1,261 ", $ -   , $ -   , $ -   , $ -   , $ -   , $ (230)
Finaccel (Kredivo),Nam Nguyen,Pooja,Low - (< 50%),,Jan 26,,ASEAN,2K to 10K,Digital lenders ,284," $ 2,885 "," $ 44,441 "," $ 2,885 "," $ 6,512 "," $ 7,990 "," $ 7,290 "," $ 6,360 "," $ 6,027 "," $ 7,377 ", $ -   , $ -   , $ -   , $ -   , $ -   , $ -   , $ -   , $ -   , $ -   , $ -   , $ -   , $ -   , $ -   , $ -   , $ -   , $ -   , $ -   , $ -   , $ -   , $ -   , $ -   , $ -   , $ -   , $ -   , $ -   , $ -   , $ -   , $ (0)
Zomato,Aditya Rao,Pramod,High - 80 to 100%,,Jan 26,,India,2K to 10K,Gig economy,250," $ 4,402 "," $ 43,367 "," $ 43,367 ", $ -   , $ (0), $ (0), $ -   , $ -   , $ -   , $ -   , $ -   , $ -   , $ -   , $ -   , $ -   , $ -   , $ -   , $ -   , $ -   , $ -   , $ -   , $ -   , $ -   , $ -   , $ -   , $ -   , $ -   , $ -   , $ -   , $ -   , $ -   , $ -   , $ -   , $ -   , $ -   , $ -   , $ -   
Chola Finance,Parthiban Anbazhagan,Dushyanth,High - 80 to 100%,,Jan 26,,India,10K to 50K,NBFC,89," $ 13,105 "," $ 40,457 "," $ 15,434 "," $ 11,351 "," $ 11,353 "," $ 1,508 ", $ 430 , $ -   , $ 382 , $ -   , $ -   , $ -   , $ -   , $ -   , $ -   , $ -   , $ -   , $ -   , $ -   , $ -   , $ -   , $ -   , $ -   , $ -   , $ -   , $ -   , $ -   , $ -   , $ -   , $ -   , $ -   , $ -   , $ -   , $ -   , $ -   , $ -   , $ -   
HomeCredit,Gopinath Yerra,Chaitanya,High - 80 to 100%,,Jan 26,,India,10K to 50K,NBFC,58," $ 22,074 "," $ 42,953 "," $ 22,928 ", $ -   , $ -   , $ (0), $ 0 , $ -   ," $ 4,714 "," $ 15,312 ", $ -   , $ -   , $ -   , $ -   , $ -   , $ -   , $ -   , $ -   , $ -   , $ -   , $ -   , $ -   , $ -   , $ -   , $ -   , $ -   , $ -   , $ -   , $ -   , $ -   , $ -   , $ -   , $ -   , $ -   , $ -   , $ -   , $ -   
BharatPe,Gopinath Yerra,Chaitanya,Medium - (50 to 79%),,Jan 26,,India,2K to 10K,Payment Service Provider,206," $ 4,543 "," $ 29,257 "," $ 12,118 ", $ -   ," $ 10,329 ", $ -   , $ 0 , $ -   , $ 0 , $ -   , $ -   , $ -   , $ -   , $ -   , $ -   , $ -   , $ -   , $ -   , $ -   , $ -   , $ -   , $ -   ," $ 6,810 ", $ -   , $ -   , $ -   , $ -   , $ -   , $ -   , $ -   , $ -   , $ -   , $ -   , $ -   , $ -   , $ -   , $ (0)
 ECG ,Chitransh Jain,Dushyanth,High - 80 to 100%,,Jan 26,,US and ROW Fintech,10K to 50K,Others,88," $ 15,791 "," $ 41,481 "," $ 15,791 "," $ 12,845 "," $ 12,845 ", $ -   , $ -   , $ -   , $ -   , $ -   , $ -   , $ -   , $ -   , $ -   , $ -   , $ -   , $ -   , $ -   , $ -   , $ -   , $ -   , $ -   , $ -   , $ -   , $ -   , $ -   , $ -   , $ -   , $ -   , $ -   , $ -   , $ -   , $ -   , $ -   , $ -   , $ -   , $ -   
Zepto,Parthiban Anbazhagan,Chaitanya,Medium - (50 to 79%),,Jan 26,,India,Less than 100,Gig economy,#DIV/0!, $ (0)," $ 37,076 "," $ 37,076 ", $ -   , $ -   , $ (0), $ -   , $ -   , $ -   , $ -   , $ -   , $ -   , $ -   , $ -   , $ -   , $ -   , $ -   , $ -   , $ -   , $ -   , $ -   , $ -   , $ -   , $ -   , $ -   , $ -   , $ -   , $ -   , $ -   , $ -   , $ -   , $ -   , $ -   , $ -   , $ -   , $ -   , $ (0)
Cathay,Nam Nguyen,Pooja,High - 80 to 100%,Service Disruption to be sent. ,Jan 26,,ASEAN,10K to 50K,Banks,31," $ 36,603 "," $ 36,858 "," $ 36,858 ", $ -   , $ -   , $ -   , $ -   , $ -   , $ -   , $ -   , $ -   , $ -   , $ -   , $ -   , $ -   , $ -   , $ -   , $ -   , $ -   , $ -   , $ -   , $ -   , $ -   , $ -   , $ -   , $ -   , $ -   , $ -   , $ -   , $ -   , $ -   , $ -   , $ -   , $ -   , $ -   , $ -   , $ -   
SBI Cards,Gopinath Yerra,Pramod,High - 80 to 100%,,Jan 26,,India,10K to 50K,Payment Service Provider,70," $ 14,563 "," $ 33,819 "," $ 15,875 "," $ 14,580 ", $ -   , $ -   , $ -   , $ -   , $ -   , $ -   , $ -   , $ -   , $ -   , $ -   , $ -   , $ -   , $ -   , $ -   , $ -   , $ -   , $ -   , $ -   , $ -   , $ -   ," $ 3,364 ", $ -   , $ -   , $ -   , $ -   , $ -   , $ -   , $ -   , $ -   , $ -   , $ -   , $ -   , $ -   
Universal Sompo,Ashutosh Daga,Pooja,High - 80 to 100%,Reminder to follow up,Jan 26,,India,10K to 50K,Insurance,64," $ 14,922 "," $ 32,933 "," $ 14,930 "," $ 18,003 ", $ -   , $ -   , $ -   , $ -   , $ -   , $ -   , $ -   , $ -   , $ -   , $ -   , $ -   , $ -   , $ -   , $ -   , $ -   , $ -   , $ -   , $ -   , $ -   , $ -   , $ -   , $ -   , $ -   , $ -   , $ -   , $ -   , $ -   , $ -   , $ -   , $ -   , $ -   , $ -   , $ -   
RELIANCEJIO,Aishwarya Paraskar,Chaitanya,Medium - (50 to 79%),,Jan 26,,India,2K to 10K,Others,162," $ 5,982 "," $ 32,165 "," $ 6,045 "," $ 5,943 "," $ 6,021 "," $ 5,771 "," $ 1,332 ", $ -   , $ -   , $ -   , $ -   , $ -   ," $ 4,099 "," $ 2,953 ", $ -   , $ -   , $ -   , $ -   , $ -   , $ -   , $ -   , $ -   , $ -   , $ -   , $ -   , $ -   , $ -   , $ -   , $ -   , $ -   , $ -   , $ -   , $ -   , $ -   , $ -   , $ -   , $ -   
IIFL Securities,Ashutosh Daga,Subin,High - 80 to 100%,,Jan 26,,India,500 to 2K,Brokerage,568," $ 1,580 "," $ 29,605 "," $ 1,580 "," $ 7,165 "," $ 4,097 "," $ 5,637 "," $ 5,382 ", $ -   ," $ 5,743 ", $ -   , $ -   , $ -   , $ -   , $ -   , $ -   , $ -   , $ -   , $ -   , $ -   , $ -   , $ -   , $ -   , $ -   , $ -   , $ -   , $ -   , $ -   , $ -   , $ -   , $ -   , $ -   , $ -   , $ -   , $ -   , $ -   , $ -   , $ -   
Muthoot Fincorp,Nikhil Gopinath,Pramod,Medium - (50 to 79%),,Jan 26,,India,10K to 50K,NBFC,34," $ 28,911 "," $ 31,561 "," $ 31,561 ", $ -   , $ -   , $ -   , $ -   , $ -   , $ -   , $ -   , $ -   , $ -   , $ -   , $ -   , $ -   , $ -   , $ -   , $ -   , $ -   , $ -   , $ -   , $ -   , $ -   , $ -   , $ -   , $ -   , $ -   , $ -   , $ -   , $ -   , $ -   , $ -   , $ -   , $ -   , $ -   , $ -   , $ (0)
MyFlot,Sebastian Richard Martin,Dushyanth,High - 80 to 100%,,Jan 26,,India,2K to 10K,Payment Service Provider,129," $ 9,069 "," $ 31,424 "," $ 9,069 "," $ 11,165 "," $ 8,025 "," $ 3,165 ", $ 0 , $ 0 , $ -   , $ -   , $ -   , $ -   , $ -   , $ -   , $ -   , $ -   , $ -   , $ -   , $ -   , $ -   , $ -   , $ -   , $ -   , $ -   , $ -   , $ -   , $ -   , $ -   , $ -   , $ -   , $ -   , $ -   , $ -   , $ -   , $ -   , $ -   , $ -   
AngelBroking,Parthiban Anbazhagan,Chaitanya,Medium - (50 to 79%),,Jan 26,,India,10K to 50K,Brokerage,37," $ 25,832 "," $ 31,219 "," $ 29,880 "," $ 1,054 ", $ (0), $ -   , $ -   , $ -   , $ -   , $ 399 , $ -   , $ 240 , $ -   , $ -   , $ -   , $ -   , $ -   , $ -   , $ -   , $ -   , $ -   , $ -   , $ -   , $ -   , $ -   , $ -   , $ -   , $ -   , $ -   , $ -   , $ -   , $ -   , $ -   , $ -   , $ -   , $ -   , $ (354)
Rapido,Sarthak Ashok Nair,Chaitanya,Low - (< 50%),,Jan 26,,India,2K to 10K,Others,166," $ 5,393 "," $ 29,701 "," $ 8,865 "," $ 5,365 "," $ 5,422 "," $ 5,315 ", $ 3 , $ 4 , $ 4 , $ 240 ," $ 4,484 ", $ -   , $ -   , $ -   , $ -   , $ -   , $ -   , $ -   , $ -   , $ -   , $ -   , $ -   , $ -   , $ -   , $ -   , $ -   , $ -   , $ -   , $ -   , $ -   , $ -   , $ -   , $ -   , $ -   , $ -   , $ -   , $ -   
Mpokket 2023,Sai Prasaanth,Pramod,High - 80 to 100%,,Jan 26,,India,10K to 50K,NBFC,31," $ 28,227 "," $ 29,689 "," $ 29,689 ", $ -   , $ (0), $ -   , $ -   , $ -   , $ -   , $ -   , $ -   , $ -   , $ -   , $ -   , $ -   , $ -   , $ -   , $ -   , $ -   , $ -   , $ -   , $ -   , $ -   , $ -   , $ -   , $ -   , $ -   , $ -   , $ -   , $ -   , $ -   , $ -   , $ -   , $ -   , $ -   , $ -   , $ -   
PDAX,Harshit Shrivastava,Subin,Low - (< 50%),Prepaid,Jan 26,,ASEAN,500 to 2K,Crypto,508," $ 1,492 "," $ 29,516 "," $ 1,492 "," $ 1,992 "," $ 1,468 "," $ 2,890 "," $ 6,763 "," $ 6,412 "," $ 8,468 ", $ 31 , $ -   , $ -   , $ -   , $ -   , $ -   , $ -   , $ -   , $ -   , $ -   , $ -   , $ -   , $ -   , $ -   , $ -   , $ -   , $ -   , $ -   , $ -   , $ -   , $ -   , $ -   , $ -   , $ -   , $ -   , $ -   , $ -   , $ -   
Delta Exchange,Aditya Rao,Chaitanya,High - 80 to 100%,Devshi & Krishna discussing this - follow up with Krishna,Jan 26,,India,10K to 50K,Crypto,37," $ 23,071 "," $ 28,763 "," $ 29,497 ", $ -   , $ -   , $ -   , $ (0), $ -   , $ -   , $ -   , $ -   , $ -   , $ -   , $ -   , $ -   , $ -   , $ -   , $ -   , $ -   , $ -   , $ -   , $ -   , $ -   , $ -   , $ -   , $ -   , $ -   , $ -   , $ -   , $ -   , $ -   , $ -   , $ -   , $ -   , $ -   , $ -   , $ (734)
Airtel Payments Bank - Retail,Sarthak Ashok Nair,Pooja,High - 80 to 100%,,Jan 26,,India,2K to 10K,Wallet,83," $ 10,419 "," $ 27,286 "," $ 13,132 "," $ 10,931 ", $ 274 , $ 436 , $ 270 , $ -   , $ -   ," $ 2,242 ", $ -   , $ -   , $ -   , $ -   , $ -   , $ -   , $ -   , $ -   , $ -   , $ -   , $ -   , $ -   , $ -   , $ -   , $ -   , $ -   , $ -   , $ -   , $ -   , $ -   , $ -   , $ -   , $ -   , $ -   , $ -   , $ -   , $ (0)
CRED,Akanksha Pandaw,Chaitanya,High - 80 to 100%,,Jan 26,,India,10K to 50K,Digital Lenders,29," $ 15,724 "," $ 16,006 "," $ 16,877 ", $ 0 , $ (0), $ -   , $ (872), $ -   , $ -   , $ -   , $ -   , $ -   , $ -   , $ -   , $ -   , $ -   , $ -   , $ -   , $ -   , $ -   , $ -   , $ -   , $ 0 , $ -   , $ -   , $ -   , $ -   , $ -   , $ -   , $ -   , $ -   , $ -   , $ -   , $ -   , $ -   , $ -   , $ -   
Renmoney,Lawrence Osayemi,Chaitanya,Low - (< 50%),,Jan 26,,Africa,2K to 10K,Lending Marketplace,204," $ 3,454 "," $ 24,778 "," $ 3,454 "," $ 3,989 "," $ 4,051 "," $ 3,581 "," $ 3,457 "," $ 3,256 "," $ 2,989 ", $ -   , $ -   , $ -   , $ -   , $ -   , $ -   , $ -   , $ -   , $ -   , $ -   , $ -   , $ -   , $ -   , $ -   , $ -   , $ -   , $ -   , $ -   , $ -   , $ -   , $ -   , $ -   , $ -   , $ -   , $ -   , $ -   , $ -   , $ -   
Branch India,Ashutosh Daga,Chaitanya,Medium - (50 to 79%),,Jan 26,,India,10K to 50K,NBFC,62," $ 11,833 "," $ 24,578 "," $ 12,451 "," $ 12,127 ", $ -   , $ -   , $ -   , $ -   , $ -   , $ -   , $ -   , $ -   , $ -   , $ -   , $ -   , $ -   , $ -   , $ -   , $ -   , $ -   , $ -   , $ -   , $ -   , $ -   , $ -   , $ -   , $ -   , $ -   , $ -   , $ -   , $ -   , $ -   , $ -   , $ -   , $ -   , $ -   , $ -   
PayTM Money,Akshay Mate,Pooja,High - 80 to 100%,"Recon + List of O/s Invoices. Loop in KT, SM, VM, SK",Jan 26,,India,2K to 10K,Brokerage,129," $ 5,719 "," $ 24,337 "," $ 5,719 "," $ 5,591 "," $ 6,327 "," $ 5,870 ", $ -   , $ -   , $ -   , $ 164 , $ 249 , $ 341 , $ 264 , $ -   , $ -   , $ -   , $ -   , $ -   , $ -   , $ -   , $ -   , $ -   , $ -   , $ -   , $ -   , $ -   , $ -   , $ -   , $ -   , $ -   , $ -   , $ -   , $ -   , $ -   , $ -   , $ -   , $ (189)
BAGIC,Nikhil Gopinath,Pooja,Medium - (50 to 79%),,Jan 26,,India,2K to 10K,Insurance,306," $ 2,492 "," $ 24,306 "," $ 2,701 "," $ 2,487 "," $ 4,433 "," $ 10,449 "," $ 2,968 "," $ 1,269 ", $ -   , $ -   , $ 0 , $ -   , $ 0 , $ -   , $ -   , $ -   , $ -   , $ 0 , $ 0 , $ -   , $ -   , $ -   , $ -   , $ -   , $ -   , $ -   , $ -   , $ -   , $ -   , $ -   , $ -   , $ -   , $ -   , $ -   , $ -   , $ -   , $ (1)
Kredivo PHL,Harshit Shrivastava,Subin,High - 80 to 100%,,Jan 26,,ASEAN,2K to 10K,Digital Lenders,105," $ 6,524 "," $ 23,233 "," $ 7,491 "," $ 6,703 ", $ -   ," $ 9,039 ", $ -   , $ -   , $ -   , $ -   , $ -   , $ -   , $ -   , $ -   , $ -   , $ -   , $ -   , $ -   , $ -   , $ -   , $ -   , $ -   , $ -   , $ -   , $ -   , $ -   , $ -   , $ -   , $ -   , $ -   , $ -   , $ -   , $ -   , $ -   , $ -   , $ -   , $ (0)
Zuno,Maline K L,Chaitanya,Medium - (50 to 79%),Reconcilition to be closed and shared with the client. Vaibhav to follow up,Jan 26,16-Dec-24,India,2K to 10K,Insurance,136," $ 5,787 "," $ 22,876 "," $ 7,026 "," $ 7,238 "," $ 4,336 "," $ 4,276 ", $ -   , $ -   , $ -   , $ -   , $ -   , $ -   , $ -   , $ -   , $ -   , $ -   , $ -   , $ -   , $ -   , $ -   , $ -   , $ -   , $ -   , $ -   , $ -   , $ -   , $ -   , $ -   , $ -   , $ -   , $ -   , $ -   , $ -   , $ -   , $ -   , $ -   , $ (0)
TVS DKYC,Sales,Subin,Low - (< 50%),Working on the account. ,Jan 26,,India,500 to 2K,NBFC,"1,105", $ 528 ," $ 20,714 ", $ 528 , $ 596 , $ 499 , $ 457 , $ 463 , $ 528 , $ 543 , $ 538 , $ 513 , $ 466 , $ 449 , $ 404 , $ 484 , $ 357 , $ 361 , $ 431 , $ 559 ," $ 3,476 "," $ 3,988 ", $ 983 ," $ 1,081 ", $ -   , $ 793 , $ 410 , $ 406 , $ 313 , $ 279 , $ 278 , $ 96 , $ -   , $ 151 , $ -   , $ -   , $ -   , $ 282 
ParkPlus,Anshuman Gill,Dushyanth,High - 80 to 100%,,Jan 26,,India,2K to 10K,Others,99," $ 6,323 "," $ 20,151 "," $ 6,323 "," $ 5,918 "," $ 6,928 ", $ 976 , $ -   , $ -   , $ 5 , $ -   , $ 0 , $ -   , $ -   , $ -   , $ -   , $ -   , $ -   , $ -   , $ -   , $ -   , $ -   , $ -   , $ -   , $ -   , $ -   , $ -   , $ -   , $ -   , $ -   , $ -   , $ -   , $ -   , $ -   , $ -   , $ -   , $ -   , $ -   
INDmoney,Aishwarya Paraskar,Subin,Medium - (50 to 79%),,Jan 26,,India,2K to 10K,AMCs,75," $ 8,332 "," $ 19,539 "," $ 10,905 "," $ 8,635 ", $ -   , $ -   , $ -   , $ -   , $ -   , $ -   , $ -   , $ -   , $ -   , $ -   , $ -   , $ -   , $ -   , $ -   , $ -   , $ -   , $ -   , $ -   , $ -   , $ -   , $ -   , $ -   , $ -   , $ -   , $ -   , $ -   , $ -   , $ -   , $ -   , $ -   , $ -   , $ -   , $ -   
Unobank Ph,Aryan Mukund,Subin,Low - (< 50%),,Jan 26,,ASEAN,2K to 10K,Banks,225," $ 2,489 "," $ 19,197 "," $ 2,489 "," $ 2,638 "," $ 2,663 "," $ 2,690 "," $ 2,447 "," $ 2,704 "," $ 3,566 ", $ -   , $ -   , $ -   , $ -   , $ -   , $ -   , $ -   , $ -   , $ -   , $ -   , $ -   , $ -   , $ -   , $ -   , $ -   , $ -   , $ -   , $ -   , $ -   , $ -   , $ -   , $ -   , $ -   , $ -   , $ -   , $ -   , $ -   , $ (0)
Jupiter,Maline K L,Dushyanth,High - 80 to 100%,Payment Chaser to be sent,Jan 26,13-12-2024,India,2K to 10K,Digital Lenders,107," $ 5,681 "," $ 18,819 "," $ 5,681 "," $ 6,567 "," $ 6,025 ", $ 547 , $ -   , $ -   , $ -   , $ -   , $ -   , $ -   , $ -   , $ -   , $ -   , $ -   , $ -   , $ -   , $ -   , $ -   , $ -   , $ -   , $ -   , $ -   , $ -   , $ -   , $ -   , $ -   , $ -   , $ -   , $ -   , $ -   , $ -   , $ -   , $ -   , $ -   , $ -   
ABHI,Akanksha Pandaw,Chaitanya,High - 80 to 100%,,Jan 26,,India,2K to 10K,Insurance,58," $ 10,496 "," $ 18,660 "," $ 13,041 ", $ -   , $ -   , $ -   ," $ 5,618 ", $ -   , $ -   , $ -   , $ -   , $ -   , $ -   , $ -   , $ -   , $ -   , $ -   , $ -   , $ -   , $ -   , $ -   , $ -   , $ -   , $ -   , $ -   , $ -   , $ -   , $ -   , $ -   , $ -   , $ -   , $ -   , $ -   , $ -   , $ -   , $ -   , $ -   
Kissht,Aishwarya Paraskar,Subin,Medium - (50 to 79%),,Jan 26,,India,10K to 50K,Payment Service Provider,42," $ 13,035 "," $ 18,508 "," $ 13,035 ", $ -   ," $ 1,850 "," $ 1,673 "," $ 1,949 ", $ -   , $ -   , $ -   , $ -   , $ -   , $ -   , $ -   , $ -   , $ -   , $ -   , $ -   , $ -   , $ -   , $ -   , $ -   , $ -   , $ -   , $ -   , $ -   , $ -   , $ -   , $ -   , $ -   , $ -   , $ -   , $ -   , $ -   , $ -   , $ -   , $ -   
Axio,Sai Prasaanth,Chaitanya,Low - (< 50%),,Jan 26,,India,2K to 10K,Digital Lenders,70," $ 7,602 "," $ 18,060 "," $ 12,044 ", $ 0 , $ (366)," $ 3,387 "," $ 2,650 ", $ 345 , $ -   , $ -   , $ -   , $ -   , $ -   , $ -   , $ -   , $ -   , $ -   , $ -   , $ -   , $ -   , $ -   , $ -   , $ -   , $ -   , $ -   , $ -   , $ -   , $ -   , $ -   , $ -   , $ -   , $ -   , $ -   , $ -   , $ -   , $ -   , $ -   
Grab MY,Harshit Shrivastava,Pooja,Medium - (50 to 79%),,Jan 26,,ASEAN,2K to 10K,Gig economy,31," $ 8,562 "," $ 8,912 "," $ 8,562 ", $ -   , $ -   , $ -   , $ 350 , $ 0 , $ -   , $ -   , $ -   , $ -   , $ -   , $ -   , $ -   , $ -   , $ -   , $ -   , $ -   , $ -   , $ -   , $ -   , $ -   , $ -   , $ -   , $ -   , $ -   , $ -   , $ -   , $ -   , $ -   , $ -   , $ -   , $ -   , $ -   , $ -   , $ (0)
UIIC (United India Insurance Company),Sai Prasaanth,Pooja,High - 80 to 100%,,Jan 26,,India,2K to 10K,Insurance,61," $ 8,553 "," $ 17,543 "," $ 9,835 ", $ 3 , $ -   , $ 0 , $ -   , $ 0 , $ 0 , $ -   , $ -   , $ -   , $ -   , $ -   ," $ 7,703 ", $ -   , $ -   , $ -   , $ -   , $ -   , $ -   , $ -   , $ -   , $ -   , $ -   , $ -   , $ -   , $ -   , $ -   , $ -   , $ -   , $ -   , $ -   , $ -   , $ -   , $ -   , $ -   
SuryodaySFB,Akshay Mate,Subin,Medium - (50 to 79%),Reminder to follow up,Jan 26,,India,2K to 10K,Others,46," $ 8,132 "," $ 10,914 "," $ 10,909 ", $ -   , $ 4 , $ -   , $ -   ,,,,,,,,,,,,,,,,,,,,,,,,,,,,,,
Branch Kenya,Lawrence Osayemi,Chaitanya,High - 80 to 100%,Vaibhav to update master sheet. Vaibhav to share payment link to client. Aditya to follow up for Oct'24,Jan 26,,Africa,2K to 10K,NBFC,93," $ 5,436 "," $ 17,137 "," $ 6,238 "," $ 5,635 ", $ -   , $ 21 ," $ 5,258 ", $ -   , $ -   , $ -   , $ 0 , $ 0 , $ -   , $ -   , $ -   , $ -   , $ -   , $ -   , $ -   , $ -   , $ -   , $ -   , $ -   , $ -   , $ -   , $ -   , $ -   , $ -   , $ -   , $ -   , $ -   , $ -   , $ -   , $ -   , $ -   , $ -   , $ (16)
Jar,Sai Prasaanth,Pramod,Low - (< 50%),,Jan 26,,India,2K to 10K,Lending Marketplace,178," $ 2,431 "," $ 16,884 "," $ 2,431 "," $ 3,273 "," $ 3,513 "," $ 2,760 "," $ 4,907 ", $ -   , $ -   , $ -   , $ -   , $ -   , $ -   , $ -   , $ -   , $ -   , $ -   , $ -   , $ -   , $ -   , $ -   , $ -   , $ -   , $ -   , $ -   , $ -   , $ -   , $ -   , $ -   , $ -   , $ -   , $ -   , $ -   , $ -   , $ -   , $ -   , $ -   
HDFC securities,Ashutosh Daga,Chaitanya,Low - (< 50%),,Jan 26,,India,2K to 10K,Brokerage,203," $ 2,515 "," $ 16,684 "," $ 2,857 "," $ 2,568 "," $ 2,463 ", $ -   ," $ 2,743 "," $ 2,237 "," $ 3,816 ", $ -   , $ -   , $ -   , $ -   , $ -   , $ -   , $ -   , $ -   , $ -   , $ -   , $ -   , $ -   , $ -   , $ -   , $ -   , $ -   , $ -   , $ -   , $ -   , $ -   , $ -   , $ -   , $ -   , $ -   , $ -   , $ -   , $ -   , $ -   
PayU,Akanksha Pandaw,Subin,High - 80 to 100%,Invoices to be uploaded in the portal. Team is actively working on it. ,Jan 26,13-12-2024,India,10K to 50K,Digital Lenders,34," $ 15,802 "," $ 16,561 "," $ 16,561 ", $ -   , $ -   , $ -   , $ (0), $ -   , $ -   , $ -   , $ -   , $ -   , $ -   , $ -   , $ -   , $ -   , $ -   , $ -   , $ -   , $ -   , $ -   , $ -   , $ -   , $ -   , $ -   , $ -   , $ -   , $ -   , $ -   , $ -   , $ -   , $ -   , $ -   , $ -   , $ -   , $ -   , $ (0)
ABSLI,Sriya,Pooja,Low - (< 50%),,Jan 26,,India,2K to 10K,Insurance,141," $ 4,861 "," $ 16,385 "," $ 5,951 "," $ 7,043 "," $ 2,740 ", $ 363 , $ 288 , $ -   , $ -   , $ -   , $ -   , $ -   , $ -   , $ -   , $ -   , $ -   , $ -   , $ -   , $ -   , $ -   , $ -   , $ -   , $ -   , $ -   , $ -   , $ -   , $ -   , $ -   , $ -   , $ -   , $ -   , $ -   , $ -   , $ -   , $ -   , $ -   , $ -   
Piramal,Aishwarya Paraskar,Chaitanya,High - 80 to 100%,,Jan 26,,India,2K to 10K,NBFC,88," $ 6,224 "," $ 16,110 "," $ 8,614 "," $ 7,496 ", $ 0 , $ -   , $ -   , $ -   , $ -   , $ -   , $ -   , $ -   , $ -   , $ -   , $ -   , $ -   , $ -   , $ -   , $ -   , $ -   , $ -   , $ -   , $ -   , $ -   , $ -   , $ -   , $ -   , $ -   , $ -   , $ -   , $ -   , $ -   , $ -   , $ -   , $ -   , $ -   , $ -   
Stashfin,Aditya Rao,Pramod,Low - (< 50%),To send chasers,Jan 26,,India,2K to 10K,Digital Lenders,125," $ 3,023 "," $ 15,848 "," $ 3,023 "," $ 4,589 "," $ 3,794 ", $ -   , $ 0 , $ 0 , $ -   , $ -   , $ -   , $ -   , $ -   , $ -   , $ -   , $ -   , $ -   , $ -   ," $ 4,441 ", $ -   , $ -   , $ -   , $ -   , $ -   , $ -   , $ -   , $ -   , $ -   , $ -   , $ -   , $ -   , $ -   , $ -   , $ -   , $ -   , $ -   , $ -   
Poonawalla Fin,Manoj Kumar Singh,Chaitanya,Medium - (50 to 79%),,Jan 26,,India,2K to 10K,NBFC,60," $ 7,528 "," $ 15,220 "," $ 5,209 "," $ 5,033 "," $ 4,979 ", $ -   , $ -   , $ -   , $ -   , $ -   , $ -   , $ -   , $ -   , $ -   , $ -   , $ -   , $ -   , $ -   , $ -   , $ -   , $ -   , $ -   , $ -   , $ -   , $ -   , $ -   , $ -   , $ -   , $ -   , $ -   , $ -   , $ -   , $ -   , $ -   , $ -   , $ -   , $ -   
Chola MS,Parthiban Anbazhagan,Chaitanya,Medium - (50 to 79%),,Jan 26,,India,2K to 10K,Insurance,64," $ 6,960 "," $ 15,079 "," $ 7,842 "," $ 7,237 ", $ -   , $ -   , $ -   , $ -   , $ -   , $ -   , $ -   , $ -   , $ -   , $ -   , $ -   , $ -   , $ -   , $ -   , $ -   , $ -   , $ -   , $ -   , $ -   , $ -   , $ -   , $ -   , $ -   , $ -   , $ -   , $ -   , $ -   , $ -   , $ -   , $ -   , $ -   , $ -   , $ -   
MoneyView,Akanksha Pandaw,Pooja,High - 80 to 100%,,Jan 26,,India,2K to 10K,Digital Lenders,69," $ 6,761 "," $ 14,883 "," $ 7,470 "," $ 7,413 ", $ (0), $ (0), $ (0), $ 0 , $ -   , $ -   , $ -   , $ -   , $ -   , $ 0 , $ -   , $ -   , $ -   , $ -   , $ -   , $ -   , $ -   , $ -   , $ -   , $ -   , $ -   , $ -   , $ -   , $ -   , $ -   , $ -   , $ -   , $ -   , $ -   , $ -   , $ -   , $ -   , $ -   
Bajaj Finserve,Nikhil Gopinath,Chaitanya,Low - (< 50%),,Jan 26,,India,10K to 50K,NBFC,28," $ 14,600 "," $ 14,601 "," $ 14,600 ", $ -   , $ -   , $ 0 , $ 0 , $ 0 , $ -   , $ -   , $ -   , $ -   , $ -   , $ -   , $ -   , $ -   , $ -   , $ -   , $ 0 , $ -   , $ -   , $ -   , $ -   , $ -   , $ -   , $ -   , $ -   , $ -   , $ -   , $ -   , $ -   , $ -   , $ -   , $ -   , $ -   , $ -   , $ (0)
Upstox,Sai Prasaanth,Pramod,High - 80 to 100%,,Jan 26,,India,2K to 10K,Brokerage,35," $ 6,513 "," $ 7,450 "," $ 7,450 ", $ -   , $ (0), $ -   , $ 0 , $ -   , $ 0 , $ -   , $ -   , $ -   , $ -   , $ -   , $ -   , $ -   , $ -   , $ -   , $ -   , $ -   , $ -   , $ -   , $ -   , $ -   , $ -   , $ -   , $ -   , $ -   , $ -   , $ -   , $ -   , $ -   , $ -   , $ -   , $ -   , $ -   , $ (0)
Sayyam Investments,Maline K L,Pramod,High - 80 to 100%,,Jan 26,,India,10K to 50K,Digital Lenders,0," $ 14,268 ", $ 0 , $ 0 , $ -   , $ -   , $ -   , $ -   , $ -   , $ -   , $ -   , $ -   , $ -   , $ -   , $ -   , $ -   , $ -   , $ -   , $ -   , $ -   , $ -   , $ -   , $ -   , $ -   , $ -   , $ -   , $ -   , $ -   , $ -   , $ -   , $ -   , $ -   , $ -   , $ -   , $ -   , $ -   , $ -   , $ -   
GoT - Pension,Maline K L,Pooja,Low - (< 50%),Agreement Challengs. Shreshtha Karmakar - To help get this sorted.  Maline to mention fabout service discontinuity,Jan 26,17-Dec-24,India,500 to 2K,Insurance,501, $ 580 ," $ 13,304 ", $ 580 ," $ 1,013 "," $ 3,610 "," $ 1,124 "," $ 1,149 "," $ 1,149 "," $ 1,149 ", $ 957 ," $ 1,396 "," $ 1,176 ", $ -   , $ -   , $ -   , $ -   , $ -   , $ -   , $ -   , $ -   , $ -   , $ -   , $ -   , $ -   , $ -   , $ -   , $ -   , $ -   , $ -   , $ -   , $ -   , $ -   , $ -   , $ -   , $ -   , $ -   , $ (0)
SmartCoin,Akanksha Pandaw,Pooja,High - 80 to 100%,,Jan 26,,India,10K to 50K,Digital Lenders,34," $ 11,415 "," $ 13,074 "," $ 11,415 ", $ -   , $ -   , $ 0 , $ -   , $ -   ," $ 1,154 "," $ 1,201 ", $ -   , $ -   , $ -   , $ -   , $ -   , $ -   , $ -   , $ -   , $ -   , $ -   , $ -   , $ -   , $ -   , $ -   , $ -   , $ -   , $ -   , $ -   , $ -   , $ -   , $ -   , $ -   , $ -   , $ -   , $ -   , $ -   , $ (696)
LIC,Sriya,Pooja,High - 80 to 100%,"Recon + List of O/s Invoices. Loop in KT, SM, VM, SK",Jan 26,,India,500 to 2K,Insurance,184," $ 1,754 "," $ 13,016 ", $ 227 ," $ 2,496 "," $ 1,214 "," $ 1,133 "," $ 1,091 "," $ 6,635 ", $ 149 , $ -   , $ -   , $ -   , $ -   , $ -   , $ -   , $ -   , $ -   , $ -   , $ -   , $ -   , $ -   , $ -   , $ -   , $ -   , $ -   , $ -   , $ -   , $ -   , $ -   , $ -   , $ -   , $ -   , $ -   , $ -   , $ -   , $ -   , $ 72 
Rupeeredee,Gopinath Yerra,Chaitanya,Medium - (50 to 79%),,Jan 26,,India,2K to 10K,Digital Lenders,44," $ 9,834 "," $ 13,013 "," $ 14,925 ", $ -   ," $ (1,912)", $ -   , $ -   , $ -   , $ -   , $ -   , $ -   , $ -   , $ -   , $ -   , $ -   , $ -   , $ -   , $ -   , $ -   , $ -   , $ -   , $ -   , $ -   , $ -   , $ -   , $ -   , $ -   , $ -   , $ -   , $ -   , $ -   , $ -   , $ -   , $ -   , $ -   , $ -   , $ (0)
Namma Yatri (Juspay),Maline K L,Pramod,High - 80 to 100%,IBR Update,Jan 26,,India,2K to 10K,Gig economy,39," $ 12,796 "," $ 12,796 "," $ 12,796 ", $ 0 , $ -   , $ -   , $ -   , $ 0 , $ -   , $ -   , $ -   , $ -   , $ -   , $ -   , $ -   , $ -   , $ 0 , $ -   , $ -   , $ -   , $ -   , $ -   , $ -   , $ -   , $ -   , $ -   , $ -   , $ -   , $ -   , $ -   , $ -   , $ -   , $ -   , $ -   , $ -   , $ -   , $ -   
MOSL,Aishwarya Paraskar,Pooja,Low - (< 50%),,Jan 26,,India,2K to 10K,Brokerage,144," $ 2,650 "," $ 12,420 "," $ 5,971 "," $ 6,449 ", $ -   , $ -   , $ -   , $ -   , $ -   , $ -   , $ -   , $ -   , $ -   , $ -   , $ -   , $ -   , $ -   , $ -   , $ -   , $ -   , $ -   , $ -   , $ -   , $ -   , $ -   , $ -   , $ -   , $ -   , $ -   , $ -   , $ -   , $ -   , $ -   , $ -   , $ -   , $ -   , $ -   
Navi,Aditya Rao,Pooja,High - 80 to 100%,,Jan 26,,India,2K to 10K,Lending Marketplace,100," $ 4,022 "," $ 12,405 "," $ 4,362 "," $ 4,597 "," $ 3,447 ", $ -   , $ -   , $ -   , $ -   , $ -   , $ -   , $ -   , $ -   , $ -   , $ -   , $ -   , $ -   , $ -   , $ -   , $ -   , $ -   , $ -   , $ -   , $ -   , $ -   , $ -   , $ -   , $ -   , $ -   , $ -   , $ -   , $ -   , $ -   , $ -   , $ -   , $ -   , $ -   
IIFL HFC,Aditya Rao,Subin,Medium - (50 to 79%),,Jan 26,,India,100 to 500,NBFC,301, $ 242 ," $ 2,359 ", $ 299 , $ 228 , $ 202 , $ 147 , $ 170 , $ -   , $ -   , $ -   , $ -   , $ -   , $ 0 ," $ 1,149 ", $ -   , $ -   , $ -   , $ 163 , $ 2 , $ -   , $ -   , $ -   , $ -   , $ -   , $ -   , $ -   , $ -   , $ -   , $ -   , $ -   , $ -   , $ -   , $ -   , $ -   , $ -   , $ -   , $ -   
Aventus Mexico,Kritika Ramesh,Subin,High - 80 to 100%,,Jan 26,,US and ROW Fintech,2K to 10K,Digital lenders ,40," $ 11,137 "," $ 11,874 "," $ 11,137 ", $ 660 , $ 74 , $ 2 , $ -   , $ -   , $ 1 , $ -   , $ -   , $ -   , $ -   , $ -   , $ -   , $ -   , $ -   , $ -   , $ -   , $ -   , $ -   , $ -   , $ -   , $ -   , $ -   , $ -   , $ -   , $ -   , $ -   , $ -   , $ -   , $ -   , $ -   , $ -   , $ -   , $ -   , $ -   
Early Salary,Gopinath Yerra,Pramod,High - 80 to 100%,,Jan 26,,India,2K to 10K,Digital Lenders,32," $ 5,471 "," $ 5,776 "," $ 5,536 ", $ -   , $ 240 , $ -   , $ 0 , $ 0 , $ -   , $ -   , $ -   , $ -   , $ -   , $ -   , $ -   , $ -   , $ -   , $ -   , $ -   , $ -   , $ -   , $ -   , $ -   , $ -   , $ -   , $ -   , $ -   , $ -   , $ -   , $ -   , $ -   , $ -   , $ -   , $ -   , $ -   , $ -   , $ (0)
Go-Yubi,Sai Prasaanth,Chaitanya,Medium - (50 to 79%),,Jan 26,,India,500 to 2K,Lending Marketplace,250," $ 1,503 "," $ 11,496 "," $ 2,155 "," $ 1,913 "," $ 1,735 ", $ 0 , $ 873 , $ -   , $ -   , $ -   , $ -   , $ -   , $ -   , $ -   ," $ 2,816 "," $ 2,004 ", $ -   , $ -   , $ -   , $ -   , $ -   , $ -   , $ -   , $ -   , $ -   , $ -   , $ -   , $ -   , $ -   , $ -   , $ -   , $ -   , $ -   , $ -   , $ -   , $ -   , $ -   
ICICI Securities,Aishwarya Paraskar,Chaitanya,Low - (< 50%),,Jan 26,,India,2K to 10K,Brokerage,39," $ 4,722 "," $ 6,364 "," $ 4,722 ", $ -   , $ -   , $ 0 , $ -   , $ 0 , $ -   , $ -   ," $ 2,334 ", $ -   , $ -   , $ -   , $ -   , $ -   , $ -   , $ -   , $ -   , $ -   , $ -   , $ -   , $ -   , $ -   , $ -   , $ -   , $ -   , $ -   , $ -   , $ -   , $ -   , $ -   , $ -   , $ -   , $ -   , $ -   , $ (692)
Dhan,Aishwarya Paraskar,Chaitanya,Medium - (50 to 79%),,Jan 26,,India,2K to 10K,Brokerage,35," $ 9,452 "," $ 11,104 "," $ 11,104 ", $ -   , $ -   , $ -   , $ -   , $ -   , $ -   , $ -   , $ -   , $ -   , $ -   , $ -   , $ -   , $ -   , $ -   , $ -   , $ -   , $ -   , $ -   , $ -   , $ -   , $ -   , $ -   , $ -   , $ -   , $ -   , $ -   , $ -   , $ -   , $ -   , $ -   , $ -   , $ -   , $ -   , $ -   
Credit Saison,Akanksha Pandaw,Subin,High - 80 to 100%,,Jan 26,,India,2K to 10K,Digital Lenders,125," $ 3,138 "," $ 10,693 "," $ 4,200 "," $ 5,931 "," $ 2,072 ", $ -   , $ -   , $ -   , $ -   , $ -   , $ -   , $ -   , $ -   , $ -   , $ -   , $ -   , $ -   , $ -   , $ -   , $ -   , $ -   , $ -   , $ -   , $ -   , $ -   , $ -   , $ -   , $ -   , $ -   , $ -   , $ -   , $ -   , $ -   , $ -   , $ -   , $ -   ," $ (1,510)"
IDFC Digital,Sales,Pooja,Low - (< 50%),,Jan 26,,India,Less than 100,Banks,"97,460,017", $ (0)," $ 10,586 "," $ 1,815 "," $ 1,482 "," $ 1,175 ", $ 640 ," $ 2,317 ", $ 259 , $ 483 , $ -   ," $ 2,414 ", $ -   , $ -   , $ -   , $ -   , $ -   , $ -   , $ -   , $ -   , $ -   , $ -   , $ -   , $ -   , $ -   , $ -   , $ -   , $ -   , $ -   , $ -   , $ -   , $ -   , $ -   , $ -   , $ -   , $ -   , $ -   , $ -   
Coinswitch,Akanksha Pandaw,Dushyanth,High - 80 to 100%,Payment Chaser to be sent,Jan 26,13-12-2024,India,2K to 10K,Crypto,112," $ 3,040 "," $ 10,549 "," $ 4,901 "," $ 3,887 "," $ 3,516 ", $ -   , $ -   , $ -   , $ -   , $ -   , $ -   , $ -   , $ -   , $ -   , $ -   , $ -   , $ -   , $ -   , $ -   , $ -   , $ -   , $ -   , $ -   , $ -   , $ -   , $ -   , $ -   , $ -   , $ -   , $ -   , $ -   , $ -   , $ -   , $ -   , $ -   , $ -   ," $ (1,754)"
5paisa,Ashutosh Daga,Subin,Medium - (50 to 79%),,Jan 26,,India,2K to 10K,Brokerage,166," $ 1,917 "," $ 10,414 "," $ 1,917 "," $ 1,855 "," $ 2,255 "," $ 2,379 "," $ 1,383 ", $ -   , $ 86 , $ -   , $ -   , $ -   , $ -   , $ -   , $ -   , $ 539 , $ -   , $ -   , $ -   , $ -   , $ -   , $ -   , $ -   , $ -   , $ -   , $ -   , $ -   , $ -   , $ -   , $ -   , $ -   , $ -   , $ -   , $ -   , $ -   , $ -   , $ -   
Kapitus,Srinija/Bracket,Pooja,High - 80 to 100%,Reminder to follow up,Jan 26,,US and ROW Fintech,Dormant,Others,#DIV/0!, $ -   ," $ 10,000 ", $ -   , $ -   ," $ 10,000 ", $ -   , $ -   ,,,,,,,,,,,,,,,,,,,,,,,,,,,,,,
Flip IDN,Harshit Shrivastava,Pooja,High - 80 to 100%,,Jan 26,,ASEAN,2K to 10K,Payment Service Provider (Indonesia),39," $ 4,046 "," $ 4,794 "," $ 4,711 ", $ -   , $ -   , $ 57 , $ 26 , $ -   , $ -   , $ -   , $ -   , $ -   , $ -   , $ -   , $ -   , $ -   , $ -   , $ -   , $ -   , $ -   , $ -   , $ -   , $ -   , $ -   , $ -   , $ -   , $ -   , $ -   , $ -   , $ -   , $ -   , $ -   , $ -   , $ -   , $ -   , $ -   , $ -   
HSBC,Nam Nguyen,Pooja,High - 80 to 100%,,Jan 26,,ASEAN,2K to 10K,Banks,35," $ 8,087 "," $ 9,468 "," $ 9,468 ", $ -   , $ -   , $ -   , $ -   , $ -   , $ -   , $ -   , $ -   , $ -   , $ -   , $ -   , $ -   , $ -   , $ -   , $ -   , $ -   , $ -   , $ -   , $ -   , $ -   , $ -   , $ -   , $ -   , $ -   , $ -   , $ -   , $ -   , $ -   , $ -   , $ -   , $ -   , $ -   , $ -   , $ -   
Lendingplate,Maline K L,Dushyanth,High - 80 to 100%,,Jan 26,,India,2K to 10K,Digital Lenders,0," $ 8,750 ", $ 0 , $ 0 , $ -   , $ -   , $ -   , $ -   , $ 0 , $ -   , $ -   , $ -   , $ -   , $ -   , $ -   , $ -   , $ -   , $ -   , $ -   , $ -   , $ -   , $ -   , $ -   , $ -   , $ -   , $ -   , $ -   , $ -   , $ -   , $ -   , $ -   , $ -   , $ -   , $ -   , $ -   , $ -   , $ -   , $ (0)
Tata Capital,Aishwarya Paraskar,Dushyanth,Medium - (50 to 79%),,Jan 26,,India,2K to 10K,NBFC,112," $ 2,437 "," $ 8,987 "," $ 2,437 "," $ 1,920 "," $ 1,626 "," $ 2,843 ", $ -   , $ -   , $ -   , $ 160 , $ -   , $ -   , $ -   , $ -   , $ -   , $ -   , $ -   , $ -   , $ -   , $ -   , $ -   , $ -   , $ -   , $ -   , $ -   , $ -   , $ -   , $ -   , $ -   , $ -   , $ -   , $ -   , $ -   , $ -   , $ -   , $ -   , $ -   
ICICI Prudential AMC,Sales,Chaitanya,Low - (< 50%),,Jan 26,,India,Dormant,AMCs,#DIV/0!, $ -   ," $ 8,923 ", $ -   , $ -   , $ -   , $ -   , $ -   , $ -   ," $ 2,644 ", $ -   , $ -   , $ -   , $ -   ," $ 6,279 ", $ -   , $ -   , $ -   , $ -   , $ -   , $ -   , $ -   , $ -   , $ -   , $ -   , $ -   , $ -   , $ -   , $ -   , $ -   , $ -   , $ -   , $ -   , $ -   , $ -   , $ -   , $ -   , $ -   
XNVentures,Aryan Mukund,Pooja,Low - (< 50%),,Jan 26,,ASEAN,500 to 2K,Channel Partner,273, $ 655 ," $ 8,922 "," $ 7,611 "," $ 1,307 ", $ 4 , $ 0 , $ -   , $ -   , $ -   , $ -   , $ -   , $ -   , $ -   , $ 0 , $ 0 , $ -   , $ -   , $ -   , $ -   , $ -   , $ -   , $ -   , $ -   , $ -   , $ -   , $ -   , $ -   , $ -   , $ -   , $ -   , $ -   , $ -   , $ -   , $ -   , $ -   , $ -   , $ -   
Nirmal Bang,Sarthak Ashok Nair,Pramod,High - 80 to 100%,,Jan 26,,India,500 to 2K,Brokerage,55," $ 4,375 "," $ 4,515 ", $ -   , $ -   , $ -   ," $ 4,515 ", $ -   , $ -   , $ -   , $ -   , $ -   , $ -   , $ -   , $ -   , $ -   , $ -   , $ -   , $ -   , $ -   , $ -   , $ -   , $ -   , $ -   , $ -   , $ -   , $ -   , $ -   , $ -   , $ -   , $ -   , $ -   , $ -   , $ -   , $ -   , $ -   , $ -   , $ -   
SBI MF,Sales,Chaitanya,High - 80 to 100%,,Jan 26,,India,2K to 10K,AMCs,87," $ 4,990 "," $ 8,825 "," $ 5,198 "," $ 1,175 ", $ 972 ," $ 1,158 ", $ 321 , $ -   , $ -   , $ -   , $ -   , $ -   , $ -   , $ -   , $ -   , $ -   , $ -   , $ -   , $ -   , $ -   , $ -   , $ -   , $ -   , $ -   , $ -   , $ -   , $ -   , $ -   , $ -   , $ -   , $ -   , $ -   , $ -   , $ -   , $ -   , $ -   , $ -   
TATA AIA,V Kartik,Pramod,High - 80 to 100%,,Jan 26,,India,2K to 10K,Insurance,32," $ 8,354 "," $ 8,354 "," $ 8,354 ", $ 0 , $ -   , $ (0), $ -   , $ -   , $ -   , $ -   , $ -   , $ -   , $ -   , $ -   , $ -   , $ -   , $ -   , $ -   , $ -   , $ -   , $ -   , $ -   , $ -   , $ -   , $ -   , $ -   , $ -   , $ -   , $ -   , $ -   , $ -   , $ -   , $ -   , $ -   , $ -   , $ -   , $ -   
Yulu Bikes,Akanksha Pandaw,Dushyanth,High - 80 to 100%,,Jan 26,,India,2K to 10K,Bike/Car Rental,121," $ 1,791 "," $ 8,006 "," $ 1,791 ", $ 0 , $ -   , $ -   , $ -   ," $ 2,717 "," $ 3,499 ", $ -   , $ -   , $ -   , $ -   , $ -   , $ -   , $ -   , $ -   , $ -   , $ -   , $ -   , $ -   , $ -   , $ -   , $ -   , $ -   , $ -   , $ -   , $ -   , $ -   , $ -   , $ -   , $ -   , $ -   , $ -   , $ -   , $ -   , $ -   
Magma HDI,Sriya,Chaitanya,High - 80 to 100%,,Jan 26,,India,2K to 10K,Insurance,60," $ 4,366 "," $ 7,900 "," $ 4,366 "," $ 3,534 ", $ 0 , $ -   , $ 0 , $ -   , $ -   , $ -   , $ -   , $ -   , $ -   , $ -   , $ -   , $ -   , $ -   , $ -   , $ -   , $ -   , $ -   , $ -   , $ -   , $ -   , $ -   , $ -   , $ -   , $ -   , $ -   , $ -   , $ -   , $ -   , $ -   , $ -   , $ -   , $ -   , $ (0)
 Bajaj Securities ,Nikhil Gopinath,Chaitanya,Medium - (50 to 79%),,Jan 26,,India,2K to 10K,Brokerage,40," $ 3,195 "," $ 4,133 "," $ 4,132 ", $ -   , $ -   , $ -   , $ 0 , $ -   , $ -   , $ -   , $ -   , $ -   , $ -   , $ -   , $ -   , $ -   , $ -   , $ -   , $ -   , $ -   , $ -   , $ -   , $ -   , $ -   , $ -   , $ -   , $ -   , $ -   , $ -   , $ -   , $ -   , $ -   , $ -   , $ -   , $ -   , $ -   , $ -   
CAMS Investors,Maline K L,Pooja,High - 80 to 100%,"Vaibhav, Finance team to send email for clearance/in person meeting",Jan 26,13-Dec-24,India,500 to 2K,Channel Partner,147," $ 1,579 "," $ 7,162 "," $ 1,579 "," $ 1,354 ", $ -   , $ 0 , $ 0 , $ -   , $ 0 , $ -   , $ -   , $ -   , $ -   , $ -   , $ -   ," $ 1,192 "," $ 1,303 ", $ -   ," $ 1,733 ", $ -   , $ -   , $ -   , $ -   , $ -   , $ -   , $ -   , $ -   , $ -   , $ -   , $ -   , $ -   , $ -   , $ -   , $ -   , $ -   , $ -   , $ -   
ShadowFax,Akanksha Pandaw,Subin,High - 80 to 100%,,Jan 26,,India,2K to 10K,Gig economy,26," $ 5,859 "," $ 5,942 "," $ 5,942 ", $ 0 , $ 0 , $ -   , $ (0), $ -   , $ 0 , $ -   , $ -   , $ -   , $ -   , $ -   , $ -   , $ -   , $ -   , $ -   , $ -   , $ -   , $ -   , $ -   , $ -   , $ -   , $ -   , $ -   , $ -   , $ -   , $ -   , $ -   , $ -   , $ -   , $ -   , $ -   , $ -   , $ -   , $ -   
Manipal Cigna,Sriya,Chaitanya,Low - (< 50%),,Jan 26,,India,500 to 2K,Insurance,148," $ 1,289 "," $ 6,506 "," $ 1,289 ", $ 486 , $ -   , $ -   ," $ 1,221 "," $ 1,151 "," $ 1,191 "," $ 1,168 ", $ -   , $ -   , $ -   , $ -   , $ -   , $ -   , $ -   , $ -   , $ -   , $ -   , $ -   , $ -   , $ -   , $ -   , $ -   , $ -   , $ -   , $ -   , $ -   , $ -   , $ -   , $ -   , $ -   , $ -   , $ -   , $ -   , $ -   
Care insurance,Gopinath Yerra,Pramod,High - 80 to 100%,,Jan 26,,India,2K to 10K,Insurance,28," $ 6,332 "," $ 6,332 "," $ 6,332 ", $ -   , $ (0), $ 0 , $ -   , $ -   , $ 0 , $ -   , $ -   , $ -   , $ -   , $ -   , $ -   , $ -   , $ -   , $ -   , $ -   , $ -   , $ -   , $ -   , $ -   , $ -   , $ -   , $ -   , $ -   , $ -   , $ -   , $ -   , $ -   , $ -   , $ -   , $ -   , $ -   , $ -   , $ (0)
Respo,Sriya,Dushyanth,High - 80 to 100%,,Jan 26,,India,2K to 10K,Others,67," $ 2,630 "," $ 6,315 "," $ 2,668 ", $ -   ," $ 3,648 ", $ -   , $ -   , $ -   , $ -   , $ -   , $ -   , $ -   , $ -   , $ -   , $ -   , $ -   , $ -   , $ -   , $ -   , $ -   , $ -   , $ -   , $ -   , $ -   , $ -   , $ -   , $ -   , $ -   , $ -   , $ -   , $ -   , $ -   , $ -   , $ -   , $ -   , $ -   , $ -   
Snapmint,Sriya,Dushyanth,High - 80 to 100%,Aditya to follow up,Jan 26,,India,2K to 10K,Digital Lenders,30," $ 6,152 "," $ 6,152 "," $ 6,152 ", $ -   , $ (0), $ -   , $ (0), $ -   , $ 0 , $ -   , $ -   , $ -   , $ -   , $ -   , $ -   , $ -   , $ -   , $ -   , $ -   , $ -   , $ -   , $ -   , $ -   , $ -   , $ -   , $ -   , $ -   , $ -   , $ -   , $ -   , $ -   , $ -   , $ -   , $ -   , $ -   , $ -   , $ (0)
Branch NG,Ashutosh Daga,Chaitanya,High - 80 to 100%,,Jan 26,,Africa,2K to 10K,NBFC,60," $ 2,866 "," $ 5,991 "," $ 2,866 "," $ 3,125 ", $ -   , $ -   , $ -   , $ -   , $ -   , $ -   , $ -   , $ -   , $ -   , $ -   , $ -   , $ -   , $ -   , $ -   , $ -   , $ -   , $ -   , $ -   , $ -   , $ -   , $ -   , $ -   , $ -   , $ -   , $ -   , $ -   , $ -   , $ -   , $ -   , $ -   , $ -   , $ -   , $ (0)
Razor Pay,Maline K L,Dushyanth,Medium - (50 to 79%),,Jan 26,,India,500 to 2K,Others,110," $ 1,490 "," $ 5,790 "," $ 1,490 "," $ 1,660 "," $ 1,685 ", $ 955 , $ -   , $ -   , $ -   , $ -   , $ -   , $ -   , $ -   , $ -   , $ -   , $ -   , $ -   , $ -   , $ -   , $ -   , $ -   , $ -   , $ -   , $ -   , $ -   , $ -   , $ -   , $ -   , $ -   , $ -   , $ -   , $ -   , $ -   , $ -   , $ -   , $ -   , $ -   
Timon Cards,Lawrence Osayemi,Subin,Low - (< 50%),"Recon + List of O/s Invoices. Loop in KT, SM, VM, SK",Jan 26,,Africa,100 to 500,Others,605, $ 250 ," $ 5,767 ", $ 250 , $ 322 , $ 181 , $ 297 , $ 349 , $ 428 , $ 343 , $ 271 , $ 286 , $ 139 , $ 219 , $ 45 , $ 47 , $ -   , $ 66 ," $ 28,693 ", $ 43 , $ 14 , $ 16 , $ 8 , $ 3 , $ -   , $ -   , $ -   , $ -   , $ -   , $ -   , $ -   , $ -   , $ -   , $ -   , $ -   , $ -   , $ -   ," $ (26,251)"
Flexiloans,Sarthak Ashok Nair,Chaitanya,Medium - (50 to 79%),,Jan 26,,India,500 to 2K,Others,193, $ 917 ," $ 5,762 "," $ 1,195 "," $ 1,117 ", $ -   , $ -   , $ -   , $ 172 , $ 122 , $ 87 ," $ 1,070 ", $ 367 , $ 469 , $ 396 , $ 432 , $ 329 , $ 7 , $ 0 , $ -   , $ -   , $ -   , $ -   , $ -   , $ -   , $ -   , $ -   , $ -   , $ -   , $ -   , $ -   , $ -   , $ -   , $ -   , $ -   , $ -   , $ -   , $ (0)
Acko,Gopinath Yerra,Subin,High - 80 to 100%,Reminder to follow up,Jan 26,,India,10K to 50K,Insurance,18," $ 7,652 "," $ 5,759 "," $ 8,447 "," $ 3,744 "," $ 3,292 "," $ 3,559 ", $ 0 , $ 0 , $ -   , $ -   , $ -   , $ -   , $ -   , $ -   , $ -   , $ -   , $ -   , $ -   , $ -   , $ -   , $ -   , $ -   , $ -   , $ -   , $ -   , $ -   , $ -   , $ -   , $ -   , $ -   , $ -   , $ -   , $ -   , $ -   , $ -   , $ -   ," $ (13,284)"
Games24x7,Gopinath Yerra,Pooja,Low - (< 50%),,Jan 26,,India,Dormant,Gaming,#DIV/0!, $ -   ," $ 5,591 ", $ -   , $ -   , $ -   , $ 0 , $ -   ," $ 5,591 ", $ -   , $ -   , $ -   , $ -   , $ -   , $ -   , $ -   , $ -   , $ -   , $ -   , $ -   , $ -   , $ -   , $ -   , $ -   , $ -   , $ -   , $ -   , $ -   , $ -   , $ -   , $ -   , $ -   , $ -   , $ -   , $ -   , $ -   , $ -   , $ -   
Tata AIG,Akshay Mate,Pramod,Low - (< 50%),"Recon + List of O/s Invoices. Loop in KT, SM, VM, SK",Jan 26,,India,500 to 2K,Insurance,109," $ 1,614 "," $ 5,554 "," $ 1,625 "," $ 1,451 "," $ 1,385 "," $ 1,043 ", $ -   , $ 49 , $ -   , $ -   , $ -   , $ -   , $ -   , $ -   , $ -   , $ -   , $ -   , $ -   , $ -   , $ -   , $ -   , $ -   , $ -   , $ -   , $ -   , $ -   , $ -   , $ -   , $ -   , $ -   , $ -   , $ -   , $ -   , $ -   , $ -   , $ -   , $ -   
ICICI Lombard - Agent Onboarding,Michelle George,Dushyanth,Low - (< 50%),,Jan 26,,India,100 to 500,Insurance,669, $ 242 ," $ 5,277 ", $ 303 , $ 293 ," $ 1,506 "," $ 1,429 ", $ 213 , $ 189 , $ 207 , $ 199 , $ 210 , $ 192 , $ 142 , $ 161 , $ 184 , $ 47 , $ -   , $ -   , $ -   , $ -   , $ -   , $ -   , $ -   , $ -   , $ -   , $ -   , $ -   , $ -   , $ -   , $ -   , $ -   , $ -   , $ -   , $ -   , $ -   , $ -   , $ -   
ZebPay,Akanksha Pandaw,Chaitanya,Medium - (50 to 79%),Payment Chaser to be sent,Jan 26,13-12-2024,India,2K to 10K,Crypto,67," $ 2,411 "," $ 5,251 "," $ 2,804 "," $ 2,449 ", $ -   , $ -   , $ -   , $ -   , $ -   , $ -   , $ -   , $ -   , $ -   , $ -   , $ -   , $ -   , $ -   , $ -   , $ -   , $ -   , $ -   , $ -   , $ -   , $ -   , $ -   , $ -   , $ -   , $ -   , $ -   , $ -   , $ -   , $ -   , $ -   , $ -   , $ -   , $ -   , $ (1)
KoinBX,Kritika Ramesh,Pramod,Low - (< 50%),,Jan 26,,India,500 to 2K,Crypto,183," $ 1,059 "," $ 5,233 "," $ 1,059 ", $ 655 , $ 603 , $ 702 , $ 777 , $ 870 , $ -   , $ 566 , $ -   , $ -   , $ -   , $ -   , $ -   , $ -   , $ -   , $ -   , $ -   , $ -   , $ -   , $ -   , $ -   , $ -   , $ -   , $ -   , $ -   , $ -   , $ -   , $ -   , $ -   , $ -   , $ -   , $ -   , $ -   , $ -   , $ -   
 Marianas Rai Corp ,Michelle George,Pramod,Low - (< 50%),,Jan 26,,India,500 to 2K,Others,78," $ 2,000 "," $ 5,208 "," $ 2,000 "," $ 2,000 ", $ 500 , $ 500 , $ 200 , $ -   , $ 8 , $ -   , $ -   , $ -   , $ -   , $ -   , $ -   , $ -   , $ -   , $ -   , $ -   , $ -   , $ -   , $ -   , $ -   , $ -   , $ -   , $ -   , $ -   , $ -   , $ -   , $ -   , $ -   , $ -   , $ -   , $ -   , $ -   , $ -   , $ -   
Shoonya,Sales,Pramod,High - 80 to 100%,,Jan 26,,India,2K to 10K,Channel Partner,48," $ 3,172 "," $ 5,118 "," $ 5,101 ", $ 18 , $ -   , $ -   , $ 0 , $ -   , $ -   , $ -   , $ -   , $ -   , $ -   , $ -   , $ -   , $ -   , $ -   , $ -   , $ -   , $ -   , $ -   , $ -   , $ -   , $ -   , $ -   , $ -   , $ -   , $ -   , $ -   , $ -   , $ -   , $ -   , $ -   , $ -   , $ -   , $ -   , $ (0)
CIMB',Minh Nguyen Duc,Pooja,Low - (< 50%),,Jan 26,,ASEAN,Less than 100,Banks,"4,529", $ 35 ," $ 4,969 ", $ 35 , $ 31 , $ 0 , $ 0 , $ -   , $ -   , $ -   , $ -   , $ -   , $ 6 , $ 16 , $ -   , $ 16 ," $ 1,603 "," $ 1,375 "," $ 1,067 ", $ -   , $ 793 , $ 245 , $ -   , $ -   , $ -   , $ -   , $ -   , $ -   , $ -   , $ -   , $ -   , $ -   , $ -   , $ -   , $ -   , $ -   , $ -   , $ (218)
MoneyTap (India),Maline K L,Pramod,High - 80 to 100%,,Jan 26,,India,2K to 10K,Digital Lenders,63," $ 2,360 "," $ 4,964 "," $ 2,450 "," $ 2,514 ", $ -   , $ -   , $ -   , $ -   , $ -   , $ -   , $ -   , $ -   , $ -   , $ -   , $ -   , $ -   , $ -   , $ -   , $ -   , $ -   , $ -   , $ -   , $ -   , $ -   , $ -   , $ -   , $ -   , $ -   , $ -   , $ -   , $ -   , $ -   , $ -   , $ -   , $ -   , $ -   , $ -   
TrueCredits,Aditya Rao,Pooja,High - 80 to 100%,,Jan 26,,India,2K to 10K,Digital Lenders,50," $ 2,958 "," $ 4,933 "," $ 3,428 "," $ 1,505 ", $ -   , $ -   , $ -   , $ -   , $ -   , $ -   , $ -   , $ -   , $ -   , $ -   , $ -   , $ -   , $ -   , $ -   , $ -   , $ -   , $ -   , $ -   , $ -   , $ -   , $ -   , $ -   , $ -   , $ -   , $ -   , $ -   , $ -   , $ -   , $ -   , $ -   , $ -   , $ -   , $ -   
 HDFC ASSET MANAGEMENT COMPANY LIMITED ,Manoj Kumar Singh,Dushyanth,Medium - (50 to 79%),,Jan 26,,India,100 to 500,AMCs,233, $ 584 ," $ 4,822 ", $ 620 , $ 702 , $ 4 , $ 11 , $ 1 , $ 8 ," $ 2,299 "," $ 1,176 ", $ -   , $ -   , $ -   , $ -   , $ -   , $ -   , $ -   , $ -   , $ -   , $ -   , $ -   , $ -   , $ -   , $ -   , $ -   , $ -   , $ -   , $ -   , $ -   , $ -   , $ -   , $ -   , $ -   , $ -   , $ -   , $ -   , $ -   
Remitano (babylons),Minh Nguyen Duc,Subin,Low - (< 50%),,Jan 26,,ASEAN,500 to 2K,Crypto,221, $ 709 ," $ 4,519 ", $ 709 , $ 519 , $ 480 , $ 627 , $ 596 , $ 801 , $ 787 , $ -   , $ -   , $ -   , $ -   , $ -   , $ -   , $ -   , $ -   , $ -   , $ -   , $ -   , $ -   , $ -   , $ -   , $ -   , $ -   , $ -   , $ -   , $ -   , $ -   , $ -   , $ -   , $ -   , $ -   , $ -   , $ -   , $ -   , $ -   
 Union Bank ,Lawrence Osayemi,Chaitanya,Low - (< 50%),,Jan 26,,Africa,500 to 2K,Banks,191, $ 837 ," $ 4,443 ", $ 837 , $ 560 , $ 332 , $ 539 , $ 346 ," $ 1,353 ", $ 476 , $ -   , $ -   , $ -   , $ -   , $ -   , $ -   , $ -   , $ -   , $ -   , $ -   , $ -   , $ -   , $ -   , $ -   , $ -   , $ -   , $ -   , $ -   , $ -   , $ -   , $ -   , $ -   , $ -   , $ -   , $ -   , $ -   , $ -   , $ -   
Grip,Arunima Srivastava,Chaitanya,Low - (< 50%),,Jan 26,,India,500 to 2K,AMCs,113," $ 1,133 "," $ 4,442 "," $ 1,792 "," $ 1,834 "," $ 1,228 ", $ 0 , $ -   , $ -   , $ -   , $ -   , $ -   , $ -   , $ -   , $ -   , $ -   , $ -   , $ -   , $ -   , $ -   , $ -   , $ -   , $ -   , $ -   , $ -   , $ -   , $ -   , $ -   , $ -   , $ -   , $ -   , $ -   , $ -   , $ -   , $ -   , $ -   , $ -   , $ (412)
HSBC PHL,Aryan Mukund,Subin,High - 80 to 100%,Reminder to follow up,Jan 26,,ASEAN,500 to 2K,Banks,127, $ 799 ," $ 4,373 "," $ 2,659 "," $ 1,267 ", $ 331 , $ 116 , $ -   , $ -   , $ -   , $ -   , $ -   , $ -   , $ -   , $ -   , $ -   , $ -   , $ -   , $ -   , $ -   , $ -   , $ -   , $ -   , $ -   , $ -   , $ -   , $ -   , $ -   , $ -   , $ -   , $ -   , $ -   , $ -   , $ -   , $ -   , $ -   , $ -   , $ -   
WazirX,Maline K L,Chaitanya,Medium - (50 to 79%),,Jan 26,,India,2K to 10K,Crypto,34," $ 3,518 "," $ 4,299 "," $ 4,299 ", $ -   , $ (0), $ (0), $ -   , $ -   , $ -   , $ -   , $ -   , $ -   , $ -   , $ -   , $ -   , $ -   , $ -   , $ -   , $ -   , $ -   , $ -   , $ -   , $ -   , $ -   , $ -   , $ -   , $ -   , $ -   , $ -   , $ -   , $ -   , $ -   , $ -   , $ -   , $ -   , $ -   , $ (0)
Propelld Edgro,Sriya,Chaitanya,Medium - (50 to 79%),,Jan 26,,India,500 to 2K,Digital Lenders,60," $ 2,106 "," $ 4,243 "," $ 2,106 "," $ 2,137 ", $ -   , $ -   , $ -   , $ -   , $ -   , $ 0 , $ -   , $ -   , $ -   , $ -   , $ -   , $ -   , $ -   , $ -   , $ -   , $ -   , $ -   , $ -   , $ -   , $ -   , $ -   , $ -   , $ -   , $ -   , $ -   , $ -   , $ -   , $ -   , $ -   , $ -   , $ -   , $ -   , $ -   
Niro,Sriya,Pramod,High - 80 to 100%,Payment Chaser,Jan 26,,India,Dormant,Digital Lenders,#DIV/0!, $ -   , $ 0 , $ -   , $ -   , $ -   , $ -   , $ -   , $ -   , $ 0 , $ -   , $ -   , $ -   , $ -   , $ -   , $ -   , $ -   , $ -   , $ -   , $ -   , $ -   , $ -   , $ -   , $ -   , $ -   , $ -   , $ -   , $ -   , $ -   , $ -   , $ -   , $ -   , $ -   , $ -   , $ -   , $ -   , $ -   , $ -   
Slicepay,Aditya Rao,Pramod,High - 80 to 100%,,Jan 26,,India,2K to 10K,Digital Lenders,29," $ 1,971 "," $ 1,971 "," $ 1,971 ", $ -   , $ (0), $ (0), $ -   , $ -   , $ -   , $ -   , $ -   , $ -   , $ -   , $ -   , $ -   , $ -   , $ -   , $ -   , $ -   , $ -   , $ -   , $ -   , $ -   , $ -   , $ -   , $ -   , $ -   , $ -   , $ -   , $ -   , $ -   , $ -   , $ -   , $ -   , $ -   , $ -   , $ (0)
Vance,Maline K L,Pooja,Low - (< 50%),,Jan 26,,US and ROW Fintech,500 to 2K,Digital Lenders,120," $ 1,000 "," $ 4,034 "," $ 1,000 "," $ 1,011 "," $ 1,011 "," $ 1,011 ", $ -   , $ -   , $ -   , $ -   , $ -   , $ -   , $ -   , $ -   , $ -   , $ -   , $ -   , $ -   , $ -   , $ -   , $ -   , $ -   , $ -   , $ -   , $ -   , $ -   , $ -   , $ -   , $ -   , $ -   , $ -   , $ -   , $ -   , $ -   , $ -   , $ -   , $ -   
Innovative Retail,V Kartik,Pooja,Low - (< 50%),,Jan 26,,India,2K to 10K,Channel Partner,24," $ 3,950 "," $ 3,950 "," $ 3,950 ", $ -   , $ -   , $ -   , $ -   , $ -   , $ -   , $ -   , $ -   , $ -   , $ -   , $ -   , $ -   , $ -   , $ -   , $ -   , $ -   , $ -   , $ -   , $ -   , $ -   , $ -   , $ -   , $ -   , $ -   , $ -   , $ -   , $ -   , $ -   , $ -   , $ -   , $ -   , $ -   , $ -   , $ (0)
Aartiya Technologies,Sriya,Pramod,High - 80 to 100%,,Jan 26,,India,500 to 2K,Others,55," $ 2,352 "," $ 3,890 "," $ 3,891 ", $ -   , $ -   , $ (0), $ 0 , $ 0 , $ -   , $ -   , $ -   , $ -   , $ -   , $ -   , $ -   , $ -   , $ -   , $ -   , $ -   , $ -   , $ -   , $ -   , $ -   , $ -   , $ -   , $ -   , $ -   , $ -   , $ -   , $ -   , $ -   , $ -   , $ -   , $ -   , $ -   , $ -   , $ (0)
Siddhi Traders,Michelle George,Dushyanth,High - 80 to 100%,Reminder to follow up,Jan 26,,India,500 to 2K,NBFC,124," $ 1,597 "," $ 3,838 "," $ 3,838 ", $ -   , $ -   , $ -   , $ -   , $ -   , $ -   , $ -   , $ -   , $ -   , $ -   , $ -   , $ -   , $ -   , $ -   , $ -   , $ -   , $ -   , $ -   , $ -   , $ -   , $ -   , $ -   , $ -   , $ -   , $ -   , $ -   , $ -   , $ -   , $ -   , $ -   , $ -   , $ -   , $ -   , $ -   
Matrimony,Kritika Ramesh,Subin,Low - (< 50%),"Provision for DD. Account to be discussed with Sabya, Shershta, & Devshi",Jan 26,16-Dec-24,India,Less than 100,Gig economy,"134,006", $ 1 ," $ 3,830 ", $ -   , $ -   , $ 0 , $ 32 , $ -   , $ -   , $ -   , $ -   , $ -   , $ -   , $ -   , $ -   , $ -   , $ 458 , $ -   , $ -   , $ -   , $ -   , $ -   , $ -   , $ -   , $ -   , $ -   , $ -   , $ -   , $ -   , $ -   , $ -   , $ -   , $ 337 , $ 383 , $ 332 , $ 320 , $ 293 ," $ 1,675 "
ShyftOff,Maline K L,Chaitanya,High - 80 to 100%,,Jan 26,,US and ROW Fintech,500 to 2K,Gig economy,60," $ 1,781 "," $ 3,779 "," $ 1,781 "," $ 1,998 ", $ -   , $ -   , $ -   , $ -   , $ -   , $ -   , $ -   , $ -   , $ -   , $ -   , $ -   , $ -   , $ -   , $ -   , $ -   , $ -   , $ -   , $ -   , $ -   , $ -   , $ -   , $ -   , $ -   , $ -   , $ -   , $ -   , $ -   , $ -   , $ -   , $ -   , $ -   , $ -   , $ -   
Capital Now,Maline K L,Pooja,High - 80 to 100%,Send a chaser. Maline to get report from Shruti.,Jan 26,13-Dec-24,India,500 to 2K,Digital Lenders,179, $ 601 ," $ 3,686 ", $ 673 , $ 723 , $ 569 , $ 602 , $ 560 , $ 559 , $ -   , $ 0 , $ -   , $ -   , $ -   , $ -   , $ -   , $ -   , $ -   , $ -   , $ -   , $ -   , $ -   , $ -   , $ -   , $ -   , $ -   , $ -   , $ -   , $ -   , $ -   , $ -   , $ -   , $ -   , $ -   , $ -   , $ -   , $ -   , $ -   
Reliance Securities,Ashutosh Daga,Subin,Medium - (50 to 79%),Prepaid Account. ,Jan 26,,India,500 to 2K,Others,117," $ 1,000 "," $ 3,676 "," $ 1,040 ", $ 919 , $ 944 , $ (0), $ (0), $ 0 , $ -   , $ -   , $ -   , $ 422 , $ 350 , $ -   , $ -   , $ -   , $ -   , $ -   , $ -   , $ -   , $ -   , $ -   , $ -   , $ -   , $ -   , $ -   , $ -   , $ -   , $ -   , $ -   , $ -   , $ -   , $ -   , $ -   , $ -   , $ -   , $ -   
Voice Club,Naveen Shankar Choudhury,Pramod,High - 80 to 100%,,Jan 26,,India,2K to 10K,Channel Partner,4," $ 3,169 ", $ 417 , $ -   , $ 417 , $ 0 , $ -   , $ -   , $ -   , $ -   , $ -   , $ -   , $ -   , $ -   , $ -   , $ -   , $ -   , $ -   , $ -   , $ -   , $ -   , $ -   , $ -   , $ -   , $ -   , $ -   , $ -   , $ -   , $ -   , $ -   , $ -   , $ -   , $ -   , $ -   , $ -   , $ -   , $ -   , $ (0)
QuickRide,Naveen Shankar Choudhury,Pooja,Low - (< 50%),,Jan 26,,India,100 to 500,Gig economy,392, $ 278 ," $ 3,562 ", $ 288 , $ 279 , $ 158 ," $ 2,705 ", $ -   , $ 132 , $ -   , $ -   , $ -   , $ -   , $ -   , $ -   , $ -   , $ -   , $ -   , $ -   , $ -   , $ -   , $ -   , $ -   , $ -   , $ -   , $ -   , $ -   , $ -   , $ -   , $ -   , $ -   , $ -   , $ -   , $ -   , $ -   , $ -   , $ -   , $ -   
CreditSea,Michelle George,Pramod,High - 80 to 100%,,Jan 26,,India,500 to 2K,Digital Lenders,65," $ 1,701 "," $ 3,450 "," $ 1,701 ", $ 555 , $ 0 , $ -   , $ -   , $ 92 , $ 866 , $ 235 , $ -   , $ -   , $ -   , $ -   , $ -   , $ -   , $ -   , $ -   , $ -   , $ -   , $ -   , $ -   , $ -   , $ -   , $ -   , $ -   , $ -   , $ -   , $ -   , $ -   , $ -   , $ -   , $ -   , $ -   , $ -   , $ -   , $ -   
Niaragram,Naveen Shankar Choudhury,Subin,Low - (< 50%),,Jan 26,,US and ROW Fintech,Less than 100,Others,"24,635", $ -   ," $ 3,449 ", $ -   , $ 4 , $ 14 , $ 23 , $ 57 , $ 39 , $ 51 , $ 172 , $ 79 , $ -   , $ -   , $ 45 , $ 162 ," $ 1,241 ", $ 998 , $ -   , $ -   , $ -   , $ 565 , $ -   , $ -   , $ -   , $ -   , $ -   , $ -   , $ -   , $ -   , $ -   , $ -   , $ -   , $ -   , $ -   , $ -   , $ -   , $ -   
Aditya Birla Capital,Sales,Chaitanya,High - 80 to 100%,,Jan 26,,India,500 to 2K,NBFC,60," $ 1,620 "," $ 3,290 "," $ 1,620 "," $ 1,670 ", $ -   , $ -   , $ -   , $ -   , $ -   , $ -   , $ -   , $ -   , $ -   , $ -   , $ -   , $ -   , $ -   , $ -   , $ -   , $ -   , $ -   , $ -   , $ -   , $ -   , $ -   , $ -   , $ -   , $ -   , $ -   , $ -   , $ -   , $ -   , $ -   , $ -   , $ -   , $ -   , $ -   
Aventus Nigeria,Kritika Ramesh,Chaitanya,Medium - (50 to 79%),Pramod will update the master sheet(prepaid account),Jan 26,13-Dec-24,Africa,2K to 10K,Digital lenders ,32," $ 2,803 "," $ 3,229 "," $ 2,803 ", $ -   , $ -   , $ -   , $ -   , $ -   , $ -   , $ -   , $ -   , $ -   , $ -   , $ -   , $ -   , $ -   , $ -   , $ -   , $ -   , $ -   , $ -   , $ -   , $ 426 , $ -   , $ -   , $ -   , $ -   , $ -   , $ -   , $ -   , $ -   , $ -   , $ -   , $ -   , $ -   , $ -   , $ -   
RentoMojo,Sriya,Chaitanya,High - 80 to 100%,,Jan 26,,India,500 to 2K,Others,0," $ 1,112 ", $ 0 , $ -   , $ -   , $ -   , $ -   , $ -   , $ -   , $ -   , $ -   , $ 0 , $ -   , $ -   , $ -   , $ -   , $ -   , $ -   , $ -   , $ -   , $ -   , $ -   , $ -   , $ -   , $ -   , $ -   , $ -   , $ -   , $ -   , $ -   , $ -   , $ -   , $ -   , $ -   , $ -   , $ -   , $ -   , $ (0)
Wint Wealth,Naveen Shankar Choudhury,Dushyanth,High - 80 to 100%,Payment Chaser to be sent,Jan 26,13-12-2024,India,2K to 10K,Brokerage,28," $ 3,112 "," $ 3,112 "," $ 3,112 ", $ -   , $ -   , $ -   , $ -   , $ -   , $ -   , $ -   , $ -   , $ -   , $ -   , $ -   , $ -   , $ -   , $ 0 , $ 0 , $ -   , $ 0 , $ -   , $ -   , $ 0 , $ -   , $ -   , $ -   , $ -   , $ -   , $ -   , $ -   , $ -   , $ -   , $ -   , $ -   , $ -   , $ -   , $ (1)
LoanDigit,Arunima Srivastava,Subin,High - 80 to 100%,Connect with Krishna to reconcile,Jan 26,,India,Less than 100,Payment Service Provider,"1,762", $ 48 ," $ 3,048 ", $ 59 ," $ 1,948 ", $ 56 , $ 44 , $ 47 , $ 50 , $ 48 , $ 38 , $ 36 , $ 59 , $ 11 , $ 54 , $ -   , $ 59 , $ 59 , $ 60 , $ -   , $ -   , $ -   , $ -   , $ -   , $ -   , $ -   , $ -   , $ -   , $ -   , $ -   , $ -   , $ -   , $ 87 , $ 140 , $ 72 , $ 61 , $ -   , $ 61 
KSF-CRED,Akanksha Pandaw,Chaitanya,Low - (< 50%),,Jan 26,,India,500 to 2K,NBFC,154, $ 540 ," $ 2,998 ", $ 540 , $ 627 , $ 510 , $ 560 , $ 233 , $ 435 , $ 93 , $ -   , $ -   , $ -   , $ -   , $ -   , $ -   , $ -   , $ -   , $ -   , $ -   , $ -   , $ -   , $ -   , $ -   , $ -   , $ -   , $ -   , $ -   , $ -   , $ -   , $ -   , $ -   , $ -   , $ -   , $ -   , $ -   , $ -   , $ -   
Zedvance,Aditya Rao,Subin,Low - (< 50%),,Jan 26,,Africa,500 to 2K,NBFC,60," $ 1,508 "," $ 2,900 "," $ 1,508 "," $ 1,391 ", $ 0 , $ 0 , $ -   , $ -   , $ -   , $ -   , $ -   , $ -   , $ -   , $ -   , $ -   , $ -   , $ -   , $ -   , $ -   , $ -   , $ -   , $ -   , $ -   , $ -   , $ -   , $ -   , $ -   , $ -   , $ -   , $ -   , $ -   , $ -   , $ -   , $ -   , $ -   , $ -   , $ -   
Revolut,V Kartik,Dushyanth,High - 80 to 100%,,Jan 26,,India,500 to 2K,Others,90, $ 944 ," $ 2,854 ", $ 944 , $ 918 , $ 955 , $ 0 , $ -   , $ 0 , $ -   , $ -   , $ -   , $ -   , $ -   , $ -   , $ 2 , $ 4 , $ 4 , $ 4 , $ 4 , $ 7 , $ 3 , $ 3 , $ 6 , $ -   , $ -   , $ -   , $ -   , $ -   , $ -   , $ -   , $ -   , $ -   , $ -   , $ -   , $ -   , $ -   , $ -   
Jainam Broking,Sriya,Chaitanya,Low - (< 50%),,Jan 26,,India,500 to 2K,Brokerage,0," $ 1,353 ", $ 0 , $ -   , $ 0 , $ -   , $ -   , $ -   , $ -   , $ 0 , $ -   , $ -   , $ -   , $ -   , $ -   , $ -   , $ -   , $ -   , $ -   , $ -   , $ -   , $ -   , $ -   , $ -   , $ -   , $ -   , $ -   , $ -   , $ -   , $ -   , $ -   , $ -   , $ -   , $ -   , $ -   , $ -   , $ -   , $ -   
Oona Philippines,Harshit Shrivastava,Pooja,Low - (< 50%),,Jan 26,,ASEAN,100 to 500,Insurance,151, $ 655 ," $ 2,718 ", $ 655 , $ 424 , $ 305 , $ 667 , $ 667 , $ -   , $ -   , $ -   , $ -   , $ -   , $ -   , $ -   , $ -   , $ -   , $ -   , $ -   , $ -   , $ -   , $ -   , $ -   , $ -   , $ -   , $ -   , $ -   , $ -   , $ -   , $ -   , $ -   , $ -   , $ -   , $ -   , $ -   , $ -   , $ -   , $ -   
Carbon,Lawrence Osayemi,Chaitanya,Low - (< 50%),,Jan 26,,Africa,500 to 2K,Banks,60," $ 1,180 "," $ 2,583 "," $ 1,180 "," $ 1,403 ", $ -   , $ -   , $ -   , $ -   , $ -   , $ -   , $ -   , $ -   , $ -   , $ -   , $ -   , $ -   , $ -   , $ -   , $ -   , $ -   , $ -   , $ -   , $ -   , $ -   , $ -   , $ -   , $ -   , $ -   , $ -   , $ -   , $ -   , $ -   , $ -   , $ -   , $ -   , $ -   , $ (0)
Lenden,Ashutosh Daga,Pooja,High - 80 to 100%,Reminder to follow up,Jan 26,,India,500 to 2K,Digital Lenders,38," $ 2,365 "," $ 2,567 "," $ 2,567 ", $ -   , $ -   , $ -   , $ -   , $ -   , $ 0 , $ -   , $ -   , $ -   , $ -   , $ -   , $ -   , $ -   , $ -   , $ -   , $ -   , $ -   , $ -   , $ -   , $ -   , $ -   , $ -   , $ -   , $ -   , $ -   , $ -   , $ -   , $ -   , $ -   , $ -   , $ -   , $ -   , $ -   , $ (0)
Bajaj Auto Credit,V Kartik,Dushyanth,High - 80 to 100%,,Jan 26,,India,2K to 10K,NBFC,0," $ 2,215 ", $ 0 , $ -   , $ -   , $ -   , $ -   , $ -   , $ -   , $ 0 , $ -   , $ -   , $ -   , $ -   , $ -   , $ -   , $ -   , $ -   , $ -   , $ -   , $ -   , $ -   , $ -   , $ -   , $ -   , $ -   , $ -   , $ -   , $ -   , $ -   , $ -   , $ -   , $ -   , $ -   , $ -   , $ -   , $ -   , $ -   
Fatakpay,Aditya Rao,Subin,High - 80 to 100%,,Jan 26,,India,2K to 10K,Digital Lenders,32," $ 2,310 "," $ 2,515 "," $ 2,515 ", $ 0 , $ -   , $ -   , $ -   , $ -   , $ -   , $ -   , $ -   , $ -   , $ 0 , $ -   , $ -   , $ -   , $ -   , $ -   , $ -   , $ -   , $ -   , $ -   , $ -   , $ -   , $ -   , $ -   , $ -   , $ -   , $ -   , $ -   , $ -   , $ -   , $ -   , $ -   , $ -   , $ -   , $ (0)
Marrowmed,Maline K L,Dushyanth,Medium - (50 to 79%),Reconciliation of Invoices. Pending payment Reminder,Jan 26,13-12-2024,India,500 to 2K,Ed-tech/Learning,64, $ 984 ," $ 2,472 ", $ 984 ," $ 1,346 ", $ -   , $ -   , $ -   , $ -   , $ -   , $ -   , $ -   , $ -   , $ -   , $ -   , $ -   , $ -   , $ -   , $ -   , $ -   , $ -   , $ -   , $ -   , $ -   , $ -   , $ -   , $ -   , $ 36 , $ 55 , $ 17 , $ 34 , $ -   , $ -   , $ -   , $ -   , $ -   , $ -   , $ -   
GamesKraft,Maline K L,Pooja,Low - (< 50%),,Jan 26,,India,Dormant,Gaming,#DIV/0!, $ -   ," $ 2,467 ", $ -   , $ -   , $ -   , $ -   , $ -   ," $ 2,467 ", $ -   , $ -   , $ -   , $ -   , $ -   , $ -   , $ -   , $ -   , $ -   , $ -   , $ -   , $ -   , $ -   , $ -   , $ -   , $ -   , $ -   , $ -   , $ -   , $ -   , $ -   , $ -   , $ -   , $ -   , $ -   , $ -   , $ -   , $ -   , $ -   
Sundaram Finance,Sai Prasaanth,Pramod,High - 80 to 100%,,Jan 26,,India,2K to 10K,NBFC,30," $ 2,436 "," $ 2,436 "," $ 2,436 ", $ -   , $ -   , $ 0 , $ 0 , $ -   , $ -   , $ -   , $ -   , $ -   , $ -   , $ -   , $ -   , $ -   , $ -   , $ -   , $ -   , $ -   , $ -   , $ -   , $ -   , $ -   , $ -   , $ -   , $ -   , $ -   , $ -   , $ -   , $ -   , $ -   , $ -   , $ -   , $ -   , $ -   , $ -   
 Powerup Money ,Gokul M,Dushyanth,High - 80 to 100%,,Jan 26,,India,2K to 10K,Others,34," $ 2,393 "," $ 2,393 "," $ 2,393 ", $ -   , $ -   , $ -   , $ -   , $ -   , $ -   , $ -   , $ -   , $ -   , $ -   , $ -   , $ -   , $ -   , $ -   , $ -   , $ -   , $ -   , $ -   , $ -   , $ -   , $ -   , $ -   , $ -   , $ -   , $ -   , $ -   , $ -   , $ -   , $ -   , $ -   , $ -   , $ -   , $ -   , $ -   
Scripbox,Maline K L,Pooja,Low - (< 50%),,Jan 26,,India,500 to 2K,Wealth Management,62," $ 1,110 "," $ 2,306 "," $ 1,111 "," $ 1,124 ", $ -   , $ -   , $ -   , $ -   , $ -   , $ 62 , $ -   , $ -   , $ -   , $ -   , $ -   , $ 9 , $ -   , $ -   , $ -   , $ -   , $ -   , $ -   , $ -   , $ -   , $ -   , $ -   , $ -   , $ -   , $ -   , $ -   , $ -   , $ -   , $ -   , $ -   , $ -   , $ -   , $ -   
 One Percent ,Manoj Kumar Singh,Chaitanya,High - 80 to 100%,,Jan 26,,India,100 to 500,Others,63, $ 961 ," $ 1,039 ", $ 961 , $ -   , $ -   , $ 38 , $ 39 , $ -   , $ -   , $ -   , $ -   , $ -   , $ -   , $ -   , $ -   , $ -   , $ -   , $ -   , $ -   , $ -   , $ -   , $ -   , $ -   , $ -   , $ -   , $ -   , $ -   , $ -   , $ -   , $ -   , $ -   , $ -   , $ -   , $ -   , $ -   , $ -   , $ -   
Act,Akanksha Pandaw,Chaitanya,High - 80 to 100%,,Jan 26,,India,2K to 10K,Telecom,28," $ 2,004 "," $ 2,004 "," $ 2,004 ", $ -   , $ -   , $ 0 , $ 0 , $ -   , $ -   , $ -   , $ -   , $ -   , $ -   , $ -   , $ -   , $ -   , $ -   , $ -   , $ -   , $ -   , $ -   , $ -   , $ -   , $ -   , $ -   , $ -   , $ -   , $ -   , $ -   , $ -   , $ -   , $ -   , $ -   , $ -   , $ -   , $ -   , $ (0)
Paymadi,Kritika Ramesh,Dushyanth,High - 80 to 100%,,Jan 26,,India,Less than 100,Others,670, $ 89 ," $ 1,996 ", $ 89 , $ -   , $ -   , $ 0 , $ -   , $ 0 , $ -   , $ -   , $ -   , $ -   , $ -   , $ -   , $ -   , $ -   , $ 126 ," $ 1,977 ", $ -   , $ -   , $ -   , $ -   , $ -   , $ -   , $ -   , $ -   , $ -   , $ -   , $ -   , $ -   , $ -   , $ -   , $ -   , $ -   , $ -   , $ -   , $ (196)
Transunion,Sriya,Pooja,High - 80 to 100%,To discuss with Ashutosh on what to do with 422 errors. Invoice to be rasied for 200 success code and cleared.,Jan 26,,India,500 to 2K,Channel Partner,155, $ 0 ," $ 1,991 ", $ 0 , $ 771 ," $ 1,220 ", $ -   , $ -   , $ -   , $ -   , $ -   , $ -   , $ -   , $ -   , $ -   , $ -   , $ -   , $ -   , $ -   , $ -   , $ -   , $ -   , $ -   , $ -   , $ -   , $ -   , $ -   , $ -   , $ -   , $ -   , $ -   , $ -   , $ -   , $ -   , $ -   , $ -   , $ -   , $ -   
Royal Brothers,Maline K L,Chaitanya,High - 80 to 100%,"By end of next week, all invoices to be cleared. ",Jan 26,,India,500 to 2K,Bike/Car Rental,28," $ 1,923 "," $ 1,923 "," $ 1,923 ", $ -   , $ -   , $ -   , $ 0 , $ -   , $ -   , $ -   , $ -   , $ -   , $ -   , $ -   , $ -   , $ -   , $ -   , $ -   , $ -   , $ -   , $ -   , $ -   , $ -   , $ -   , $ -   , $ -   , $ -   , $ -   , $ -   , $ -   , $ -   , $ -   , $ -   , $ -   , $ -   , $ -   , $ (0)
Cosmic,Naveen Shankar Choudhury,Pramod,Medium - (50 to 79%),Reminder to follow up,Jan 26,,India,500 to 2K,Crypto,58," $ 1,914 "," $ 1,914 "," $ 1,914 ", $ -   , $ -   , $ -   , $ -   , $ -   , $ -   , $ -   , $ -   , $ -   , $ -   , $ -   , $ -   , $ -   , $ -   , $ -   , $ -   , $ -   , $ -   , $ -   , $ -   , $ -   , $ -   , $ -   , $ -   , $ -   , $ -   , $ -   , $ -   , $ -   , $ -   , $ -   , $ -   , $ -   , $ -   
Gimo,Minh Nguyen Duc,Pooja,High - 80 to 100%,Prepaid,Jan 26,,ASEAN,500 to 2K,Digital Lenders,210, $ 173 ," $ 1,893 ", $ 173 , $ 368 ," $ 1,371 ", $ -   , $ 0 , $ -   , $ -   , $ -   , $ 0 , $ -   , $ -   , $ -   , $ -   , $ -   , $ -   , $ -   , $ -   , $ -   , $ -   , $ -   , $ -   , $ -   , $ -   , $ -   , $ -   , $ -   , $ -   , $ -   , $ -   , $ -   , $ -   , $ -   , $ -   , $ -   , $ (20)
9pay,Minh Nguyen Duc,Pooja,Low - (< 50%),,Jan 26,,ASEAN,500 to 2K,Payment Service Provider,69, $ 809 ," $ 1,873 ", $ 809 , $ 124 , $ 202 , $ 234 , $ 244 , $ 261 , $ -   , $ -   , $ -   , $ -   , $ -   , $ -   , $ -   , $ -   , $ -   , $ -   , $ -   , $ -   , $ -   , $ -   , $ -   , $ -   , $ -   , $ -   , $ -   , $ -   , $ -   , $ -   , $ -   , $ -   , $ -   , $ -   , $ -   , $ -   , $ (0)
Protium,Sriya,Pramod,High - 80 to 100%,Aditya to follow up,Jan 26,,India,500 to 2K,Digital Lenders,60, $ 917 ," $ 1,870 ", $ 917 , $ 954 , $ -   , $ -   , $ -   , $ -   , $ -   , $ -   , $ -   , $ -   , $ -   , $ -   , $ -   , $ -   , $ -   , $ -   , $ -   , $ -   , $ -   , $ -   , $ -   , $ -   , $ -   , $ -   , $ -   , $ -   , $ -   , $ -   , $ -   , $ -   , $ -   , $ -   , $ -   , $ -   , $ -   
India Shelter,Anshuman Gill,Pramod,High - 80 to 100%,,Jan 26,,India,500 to 2K,NBFC,30," $ 1,853 "," $ 1,853 "," $ 1,853 ", $ -   , $ -   , $ -   , $ 0 , $ 0 , $ -   , $ -   , $ -   , $ -   , $ -   , $ -   , $ -   , $ -   , $ -   , $ -   , $ -   , $ -   , $ -   , $ -   , $ -   , $ -   , $ -   , $ -   , $ -   , $ -   , $ -   , $ -   , $ -   , $ -   , $ -   , $ -   , $ -   , $ -   , $ (0)
Furlenco,Kritika Ramesh,Subin,High - 80 to 100%,,Jan 26,,India,100 to 500,Marketplaces,132, $ 439 ," $ 1,845 ", $ 745 , $ 680 , $ 421 , $ -   , $ -   , $ -   , $ -   , $ -   , $ -   , $ -   , $ -   , $ -   , $ -   , $ -   , $ -   , $ -   , $ -   , $ -   , $ -   , $ -   , $ -   , $ -   , $ -   , $ -   , $ -   , $ -   , $ -   , $ -   , $ -   , $ -   , $ -   , $ -   , $ -   , $ -   , $ -   
Loadshare,Maline K L,Pramod,Medium - (50 to 79%),,Jan 26,,India,2K to 10K,Gig economy,26," $ 1,802 "," $ 1,803 "," $ 1,803 ", $ -   , $ -   , $ (0), $ (0), $ -   , $ 0 , $ -   , $ -   , $ -   , $ -   , $ -   , $ -   , $ -   , $ -   , $ -   , $ -   , $ -   , $ -   , $ -   , $ -   , $ -   , $ -   , $ -   , $ -   , $ -   , $ -   , $ -   , $ -   , $ -   , $ -   , $ -   , $ -   , $ -   , $ (0)
Finle,Sales,Dushyanth,Low - (< 50%),,Jan 26,,India,Churned,Digital Lenders,401, $ 133 ," $ 1,792 ", $ 133 , $ 135 , $ 135 , $ 135 , $ 138 , $ 138 , $ 138 , $ 141 , $ 141 , $ 141 , $ 140 , $ 273 , $ -   , $ 5 , $ -   , $ -   , $ -   , $ -   , $ -   , $ -   , $ -   , $ -   , $ -   , $ -   , $ -   , $ -   , $ -   , $ -   , $ -   , $ -   , $ -   , $ -   , $ -   , $ -   , $ -   
Pinelabs,Sriya,Pooja,Low - (< 50%),"Agreement Signning WIP
Email to the client. Loop in Finance",Jan 26,13-12-2024,India,100 to 500,Payment Service Provider,124, $ 429 ," $ 1,771 ", $ -   ," $ 1,889 ", $ 10 , $ 9 , $ 10 , $ 8 , $ 7 , $ 12 , $ 6 , $ 85 , $ -   , $ -   , $ -   , $ -   , $ -   , $ -   , $ -   , $ -   , $ -   , $ -   , $ -   , $ -   , $ -   , $ -   , $ -   , $ -   , $ -   , $ -   , $ -   , $ -   , $ -   , $ -   , $ -   , $ -   , $ (265)
GreyBlue - KYC,Sriya,Pramod,Low - (< 50%),,Jan 26,,India,100 to 500,Channel Partner,467, $ 111 ," $ 1,740 ", $ 111 , $ 112 , $ 112 , $ 112 , $ 305 , $ 616 , $ 371 , $ -   , $ -   , $ -   , $ -   , $ -   , $ -   , $ -   , $ -   , $ -   , $ -   , $ -   , $ -   , $ -   , $ -   , $ -   , $ -   , $ -   , $ -   , $ -   , $ -   , $ -   , $ -   , $ -   , $ -   , $ -   , $ -   , $ -   , $ -   
The Finger Tip,Kritika Ramesh,Dushyanth,Medium - (50 to 79%),,Jan 26,,India,100 to 500,Gig economy,452, $ 111 ," $ 1,676 ", $ 111 , $ 112 , $ 112 , $ 112 , $ 115 , $ 115 , $ 115 , $ -   , $ -   , $ -   , $ -   , $ -   ," $ 1,704 ", $ -   , $ -   , $ -   , $ -   , $ -   , $ -   , $ -   , $ -   , $ -   , $ -   , $ -   , $ -   , $ -   , $ -   , $ -   , $ -   , $ -   , $ -   , $ -   , $ -   , $ -   , $ (821)
Payoneer,Michelle George,Pramod,High - 80 to 100%,,Jan 26,,India,500 to 2K,Digital Lenders,30," $ 1,667 "," $ 1,667 "," $ 1,667 ", $ -   , $ -   , $ -   , $ -   , $ -   , $ -   , $ -   , $ -   , $ -   , $ -   , $ -   , $ -   , $ -   , $ -   , $ -   , $ -   , $ -   , $ -   , $ -   , $ -   , $ -   , $ -   , $ -   , $ -   , $ -   , $ -   , $ -   , $ -   , $ -   , $ -   , $ -   , $ -   , $ -   , $ -   
Kuhoo_NBFC,Kritika Ramesh,Pramod,Low - (< 50%),,Jan 26,,India,100 to 500,Digital Lenders,197, $ 245 ," $ 1,666 ", $ 475 , $ 423 , $ 489 , $ 279 , $ -   , $ -   , $ 0 , $ -   , $ -   , $ -   , $ -   , $ -   , $ -   , $ -   , $ -   , $ -   , $ -   , $ -   , $ -   , $ -   , $ -   , $ -   , $ -   , $ -   , $ -   , $ -   , $ -   , $ -   , $ -   , $ -   , $ -   , $ -   , $ -   , $ -   , $ -   
Aeroflex Finance Private Limited,Ashutosh Daga,Pramod,Medium - (50 to 79%),,Jan 26,,India,100 to 500,NBFC,329, $ 166 ," $ 1,639 ", $ 166 , $ 134 , $ 133 , $ 131 , $ 134 , $ 297 , $ 335 , $ 310 , $ -   , $ -   , $ -   , $ -   , $ -   , $ -   , $ -   , $ -   , $ -   , $ -   , $ -   , $ -   , $ -   , $ -   , $ -   , $ -   , $ -   , $ -   , $ -   , $ -   , $ -   , $ -   , $ -   , $ -   , $ -   , $ -   , $ -   
UniOrbit,Kritika Ramesh,Pramod,High - 80 to 100%,,Jan 26,,India,500 to 2K,Others,60, $ 917 ," $ 1,636 ", $ 917 , $ 719 , $ -   , $ -   , $ -   , $ -   , $ -   , $ -   , $ -   , $ -   , $ -   , $ -   , $ -   , $ -   , $ -   , $ -   , $ -   , $ -   , $ -   , $ -   , $ -   , $ -   , $ -   , $ -   , $ -   , $ -   , $ -   , $ -   , $ -   , $ -   , $ -   , $ -   , $ -   , $ -   , $ -   
Indiabulls Dhani,Sriya,Dushyanth,High - 80 to 100%,,Jan 26,,India,500 to 2K,Digital Lenders,30," $ 1,631 "," $ 1,631 "," $ 1,631 ", $ -   , $ -   , $ 0 , $ 0 , $ -   , $ -   , $ -   , $ -   , $ -   , $ -   , $ -   , $ -   , $ -   , $ -   , $ -   , $ -   , $ -   , $ -   , $ -   , $ -   , $ -   , $ -   , $ -   , $ -   , $ -   , $ -   , $ -   , $ -   , $ -   , $ -   , $ -   , $ -   , $ -   , $ -   
CEdge,Sriya,Pooja,High - 80 to 100%,Master file to be updated & Chasers needs to be sent,Jan 26,17-12-2024,India,500 to 2K,Payment Service Provider,27," $ 1,633 "," $ 1,624 "," $ 1,633 ", $ -   , $ -   , $ -   , $ -   , $ -   , $ -   , $ -   , $ -   , $ -   , $ -   , $ -   , $ -   , $ -   , $ -   , $ -   , $ -   , $ -   , $ -   , $ -   , $ -   , $ -   , $ -   , $ -   , $ -   , $ -   , $ -   , $ -   , $ -   , $ -   , $ -   , $ -   , $ -   , $ -   , $ (8)
Giftpack,Naveen Shankar Choudhury,Pooja,Low - (< 50%),Pooja/vaibhav to update the master sheet. ,Jan 26,13-Dec-24,US and ROW Fintech,100 to 500,Channel Partner,240, $ 200 ," $ 1,600 ", $ 200 , $ 200 , $ 200 , $ 200 , $ 200 , $ 200 , $ 200 , $ 200 , $ -   , $ -   , $ -   , $ -   , $ -   , $ -   , $ -   , $ -   , $ -   , $ -   , $ -   , $ -   , $ -   , $ -   , $ -   , $ -   , $ -   , $ -   , $ -   , $ -   , $ -   , $ -   , $ -   , $ -   , $ -   , $ -   , $ -   
Aventus SL,Kritika Ramesh,Chaitanya,High - 80 to 100%,Krishna ,Jan 26,,India,100 to 500,Digital lenders ,176, $ 246 ," $ 1,555 ", $ 246 , $ 284 , $ -   , $ -   , $ 0 , $ 0 , $ -   , $ -   , $ -   , $ -   , $ -   , $ -   , $ -   , $ -   , $ -   , $ -   , $ -   , $ -   , $ -   , $ -   , $ -   , $ -   , $ -   , $ 100 , $ -   , $ 925 , $ -   , $ -   , $ -   , $ -   , $ -   , $ -   , $ -   , $ -   , $ -   
Karza,Sriya,Pooja,Low - (< 50%),,Jan 26,,India,500 to 2K,Channel Partner,29," $ 1,511 "," $ 1,511 "," $ 1,511 ", $ -   , $ -   , $ -   , $ -   , $ -   , $ -   , $ -   , $ -   , $ -   , $ -   , $ -   , $ -   , $ -   , $ -   , $ -   , $ -   , $ -   , $ -   , $ -   , $ -   , $ -   , $ -   , $ -   , $ -   , $ -   , $ -   , $ -   , $ -   , $ -   , $ -   , $ -   , $ -   , $ -   , $ -   
Xpressbees,Sai Prasaanth,Pramod,Low - (< 50%),,Jan 26,,India,Dormant,Gig economy,#DIV/0!, $ -   ," $ 1,490 ", $ -   , $ -   , $ -   , $ -   , $ -   , $ -   , $ -   , $ 29 , $ 882 , $ -   , $ -   , $ -   , $ -   , $ -   , $ 80 , $ 86 , $ 412 , $ -   , $ -   , $ -   , $ -   , $ -   , $ -   , $ -   , $ -   , $ -   , $ -   , $ -   , $ -   , $ -   , $ -   , $ -   , $ -   , $ -   , $ -   
Capfront,Kritika Ramesh,Pramod,High - 80 to 100%,,Older Than Apr 23,,India,500 to 2K,Digital Lenders,0," $ 1,489 ", $ -   , $ -   , $ -   , $ -   , $ -   , $ -   , $ -   , $ -   , $ -   , $ -   , $ -   , $ -   , $ -   , $ -   , $ -   , $ -   , $ -   , $ -   , $ -   , $ -   , $ -   , $ -   , $ -   , $ -   , $ -   , $ -   , $ -   , $ -   , $ -   , $ -   , $ -   , $ -   , $ -   , $ -   , $ -   , $ -   
Incred Money,Aditya Rao,Pooja,High - 80 to 100%,,Jan 26,,India,500 to 2K,Digital Lenders,61, $ 985 ," $ 1,485 ", $ 999 , $ 486 , $ -   , $ 0 , $ 0 , $ -   , $ -   , $ -   , $ -   , $ -   , $ -   , $ -   , $ -   , $ -   , $ -   , $ -   , $ -   , $ -   , $ -   , $ -   , $ -   , $ -   , $ -   , $ -   , $ -   , $ -   , $ -   , $ -   , $ -   , $ -   , $ -   , $ -   , $ -   , $ -   , $ -   
Groww AMC,Sai Prasaanth,Pooja,Low - (< 50%),,Jan 26,,India,100 to 500,AMCs,167, $ 271 ," $ 1,443 ", $ 271 , $ 248 , $ -   , $ -   , $ -   , $ -   , $ 863 , $ -   , $ -   , $ -   , $ -   , $ -   , $ -   , $ -   , $ -   , $ 34 , $ 27 , $ -   , $ -   , $ -   , $ -   , $ -   , $ -   , $ -   , $ -   , $ -   , $ -   , $ -   , $ -   , $ -   , $ -   , $ -   , $ -   , $ -   , $ -   
MySellerCentral,Naveen Shankar Choudhury,Pramod,Low - (< 50%),,Jan 26,,India,100 to 500,Channel Partner,378, $ 111 ," $ 1,406 ", $ 111 , $ 112 , $ 112 , $ 112 , $ 115 , $ 115 , $ 115 , $ 118 , $ 118 , $ 118 , $ 116 , $ 115 , $ 29 , $ -   , $ -   , $ -   , $ -   , $ -   , $ -   , $ -   , $ -   , $ -   , $ -   , $ -   , $ -   , $ -   , $ -   , $ -   , $ -   , $ -   , $ -   , $ -   , $ -   , $ -   , $ -   
Aimtoget,Lawrence Osayemi,Subin,Low - (< 50%),,Jan 26,,Africa,500 to 2K,Others,60, $ 449 ," $ 1,378 ", $ 449 , $ 929 , $ -   , $ -   , $ -   , $ -   , $ -   , $ -   , $ -   , $ -   , $ -   , $ -   , $ -   , $ -   , $ -   , $ -   , $ 0 , $ -   , $ -   , $ -   , $ -   , $ -   , $ -   , $ -   , $ -   , $ -   , $ -   , $ -   , $ -   , $ -   , $ -   , $ -   , $ -   , $ -   , $ -   
KSF-PayTM,Akanksha Pandaw,Chaitanya,Low - (< 50%),,Jan 26,,India,500 to 2K,NBFC,33," $ 1,365 "," $ 1,340 "," $ 1,365 "," $ 1,070 ", $ 512 , $ 171 ," $ (1,781)", $ 1 , $ 1 , $ -   , $ 1 , $ -   , $ -   , $ -   , $ -   , $ -   , $ -   , $ -   , $ -   , $ -   , $ -   , $ -   , $ -   , $ -   , $ -   , $ -   , $ -   , $ -   , $ -   , $ -   , $ -   , $ -   , $ -   , $ -   , $ -   , $ -   , $ -   
MyShubhlife,Sriya,Chaitanya,Medium - (50 to 79%),,Jan 26,,India,500 to 2K,Digital Lenders,30," $ 1,320 "," $ 1,320 "," $ 1,320 ", $ -   , $ -   , $ -   , $ -   , $ -   , $ -   , $ -   , $ -   , $ -   , $ -   , $ -   , $ -   , $ -   , $ -   , $ -   , $ -   , $ -   , $ -   , $ -   , $ -   , $ -   , $ -   , $ -   , $ -   , $ -   , $ -   , $ -   , $ -   , $ -   , $ -   , $ -   , $ -   , $ -   , $ -   
FYP Money,Sales,Pramod,High - 80 to 100%,,Jan 26,,India,100 to 500,Payment Service Provider,118, $ 359 ," $ 1,305 ", $ -   , $ -   , $ -   , $ -   , $ -   , $ -   , $ -   , $ -   , $ 2 , $ 2 , $ -   ," $ 1,289 ", $ 716 , $ 4 , $ -   , $ -   , $ -   , $ -   , $ -   , $ -   , $ -   , $ -   , $ -   , $ -   , $ -   , $ -   , $ -   , $ -   , $ -   , $ -   , $ -   , $ -   , $ -   , $ -   , $ (708)
UnoCoin,Kritika Ramesh,Subin,Medium - (50 to 79%),Payment Reconcilition to be checked for Positive Cashflows - vaibhav,Jan 26,16-Dec-24,India,100 to 500,Crypto,125, $ 142 , $ 582 , $ -   , $ -   , $ 93 , $ 123 , $ -   , $ -   , $ -   , $ 136 , $ 171 , $ -   , $ -   , $ -   , $ -   , $ -   , $ -   , $ -   , $ -   , $ -   , $ -   , $ -   , $ -   , $ -   , $ 59 , $ -   , $ -   , $ -   , $ -   , $ -   , $ -   , $ -   , $ -   , $ -   , $ -   , $ -   , $ -   
R Rabit,Arunima Srivastava,Pooja,Low - (< 50%),,Jan 26,,India,Less than 100,Others,"1,089", $ 35 ," $ 1,273 ", $ 37 , $ 37 , $ 746 , $ 230 , $ 106 , $ 115 , $ 0 , $ -   , $ -   , $ -   , $ -   , $ -   , $ -   , $ -   , $ -   , $ -   , $ -   , $ -   , $ -   , $ -   , $ -   , $ -   , $ -   , $ -   , $ -   , $ -   , $ -   , $ -   , $ -   , $ -   , $ -   , $ -   , $ -   , $ -   , $ -   
AB MFB Nigeria,Lawrence Osayemi,Chaitanya,Low - (< 50%),,Jan 26,,Africa,100 to 500,Banks,257, $ 48 ," $ 1,256 ", $ 48 , $ 245 , $ 66 , $ 113 , $ 129 , $ 1 , $ 1 , $ 2 , $ 650 , $ -   , $ -   , $ -   , $ -   , $ -   , $ -   , $ -   , $ -   , $ -   , $ -   , $ -   , $ -   , $ -   , $ -   , $ -   , $ -   , $ -   , $ -   , $ -   , $ -   , $ -   , $ -   , $ -   , $ -   , $ -   , $ -   
Augie,Sales,Chaitanya,Low - (< 50%),,Jan 26,,US and ROW Fintech,100 to 500,Others,92, $ 448 ," $ 1,236 ", $ 448 , $ 356 , $ 171 , $ 261 , $ -   , $ -   , $ -   , $ -   , $ -   , $ -   , $ -   , $ -   , $ -   , $ -   , $ -   , $ -   , $ -   , $ -   , $ -   , $ -   , $ -   , $ -   , $ -   , $ -   , $ -   , $ -   , $ -   , $ -   , $ -   , $ -   , $ -   , $ -   , $ -   , $ -   , $ -   
Enrich Money,Khushi S,Dushyanth,High - 80 to 100%,Reminder to follow up,Jan 26,,India,500 to 2K,Brokerage,45," $ 1,197 "," $ 1,231 "," $ 1,197 ", $ -   , $ -   , $ 34 , $ -   , $ -   , $ -   , $ -   , $ -   , $ -   , $ -   , $ -   , $ -   , $ -   , $ -   , $ -   , $ -   , $ -   , $ -   , $ -   , $ -   , $ -   , $ -   , $ -   , $ -   , $ -   , $ -   , $ -   , $ -   , $ -   , $ -   , $ -   , $ -   , $ -   , $ (0)
SBI General Insurance,Nikhil Gopinath,Pramod,High - 80 to 100%,,Jan 26,,India,500 to 2K,Insurance,63, $ 596 ," $ 1,207 ", $ 625 , $ 581 , $ -   , $ -   , $ -   , $ 0 , $ -   , $ -   , $ -   , $ -   , $ -   , $ -   , $ -   , $ -   , $ -   , $ -   , $ -   , $ -   , $ -   , $ -   , $ -   , $ -   , $ -   , $ -   , $ -   , $ -   , $ -   , $ -   , $ -   , $ -   , $ -   , $ -   , $ -   , $ -   , $ -   
Kredete NG,Lawrence Osayemi,Chaitanya,Low - (< 50%),,Jan 26,,Africa,100 to 500,Lending Marketplace,174, $ 41 ," $ 1,196 ", $ 41 , $ 372 , $ 167 , $ 190 , $ 302 , $ 125 , $ -   , $ -   , $ -   , $ -   , $ -   , $ -   , $ -   , $ -   , $ -   , $ -   , $ -   , $ -   , $ -   , $ -   , $ -   , $ -   , $ -   , $ -   , $ -   , $ -   , $ -   , $ -   , $ -   , $ -   , $ -   , $ -   , $ -   , $ -   , $ -   
Cggb,Naveen Shankar Choudhury,Dushyanth,High - 80 to 100%,,Older Than Apr 23,,India,500 to 2K,Banks,0," $ 1,167 ", $ -   , $ -   , $ -   , $ -   , $ -   , $ -   , $ -   , $ -   , $ -   , $ -   , $ -   , $ -   , $ -   , $ -   , $ -   , $ -   , $ -   , $ -   , $ -   , $ -   , $ -   , $ -   , $ -   , $ -   , $ -   , $ -   , $ -   , $ -   , $ -   , $ -   , $ -   , $ -   , $ -   , $ -   , $ -   , $ -   
Paasa,Anshuman Gill,Chaitanya,Low - (< 50%),,Jan 26,,India,100 to 500,Others,150, $ 233 ," $ 1,165 ", $ 233 , $ 233 , $ 233 , $ 233 , $ 233 , $ -   , $ -   , $ -   , $ -   , $ -   , $ -   , $ -   , $ -   , $ -   , $ -   , $ -   , $ -   , $ -   , $ -   , $ -   , $ -   , $ -   , $ -   , $ -   , $ -   , $ -   , $ -   , $ -   , $ -   , $ -   , $ -   , $ -   , $ -   , $ -   , $ -   
Advancly NG,Lawrence Osayemi,Subin,Low - (< 50%),,Jan 26,,Africa,Less than 100,Others,589, $ 60 ," $ 1,107 ", $ 60 , $ 52 , $ 65 , $ 88 , $ 73 , $ 83 , $ 71 , $ 77 , $ 89 , $ 106 , $ 81 , $ 134 , $ 80 , $ 19 , $ 28 , $ -   , $ -   , $ -   , $ -   , $ -   , $ -   , $ -   , $ -   , $ -   , $ -   , $ -   , $ -   , $ -   , $ -   , $ -   , $ -   , $ -   , $ -   , $ -   , $ -   
Tala Philippines,Harshit Shrivastava,Pooja,Low - (< 50%),,Jan 26,,ASEAN,Less than 100,Digital lenders ,"23,009", $ 1 ," $ 1,074 ", $ 1 , $ 2 , $ -   ," $ 2,000 ", $ -   ," $ 2,798 ", $ -   , $ -   , $ -   , $ -   , $ -   , $ -   , $ -   , $ -   , $ -   , $ -   , $ -   , $ -   , $ -   , $ -   , $ -   , $ -   , $ -   , $ -   , $ -   , $ -   , $ -   , $ -   , $ -   , $ -   , $ -   , $ -   , $ -   , $ -   ," $ (3,727)"
Onmeta,Naveen Shankar Choudhury,Pooja,Low - (< 50%),Commercial Closure is pending. ,Jan 26,20-12-2024,India,500 to 2K,Crypto,40, $ 905 ," $ 1,069 "," $ 1,069 ", $ -   , $ -   , $ -   , $ -   , $ -   , $ -   , $ -   , $ -   , $ -   , $ -   , $ -   , $ -   , $ -   , $ -   , $ -   , $ -   , $ -   , $ -   , $ -   , $ -   , $ -   , $ -   , $ -   , $ -   , $ -   , $ -   , $ -   , $ -   , $ -   , $ -   , $ -   , $ -   , $ -   , $ -   
BuyStars,Arunima Srivastava,Dushyanth,Medium - (50 to 79%),Master file to be updated & Chasers needs to be sent,Jan 26,13-12-2024,India,Less than 100,Gaming,#DIV/0!, $ (0)," $ 1,064 ", $ 0 , $ -   , $ 3 , $ 5 , $ 16 , $ 420 , $ 619 , $ -   , $ -   , $ -   , $ -   , $ -   , $ -   , $ -   , $ -   , $ -   , $ -   , $ -   , $ -   , $ -   , $ -   , $ -   , $ -   , $ -   , $ -   , $ -   , $ -   , $ -   , $ -   , $ -   , $ -   , $ -   , $ -   , $ -   , $ -   
FHL,Harshit Shrivastava,Pooja,Low - (< 50%),,Jan 26,,ASEAN,Dormant,Brokerage,#DIV/0!, $ -   ," $ 1,050 ", $ -   , $ -   , $ -   , $ 256 , $ 339 , $ 264 , $ 192 , $ -   , $ -   , $ -   , $ -   , $ -   , $ -   , $ -   , $ -   , $ -   , $ -   , $ -   , $ -   , $ -   , $ -   , $ -   , $ -   , $ -   , $ -   , $ -   , $ -   , $ -   , $ -   , $ -   , $ -   , $ -   , $ -   , $ -   , $ -   
Swastika Investmart,Anshuman Gill,Chaitanya,Low - (< 50%),,Jan 26,,India,100 to 500,Brokerage,154, $ 191 ," $ 1,047 ", $ 191 , $ 218 , $ 171 , $ 160 , $ 191 , $ -   , $ 110 , $ 7 , $ -   , $ -   , $ -   , $ -   , $ -   , $ -   , $ -   , $ -   , $ -   , $ -   , $ -   , $ -   , $ -   , $ -   , $ -   , $ -   , $ -   , $ -   , $ -   , $ -   , $ -   , $ -   , $ -   , $ -   , $ -   , $ -   , $ -   
LightHouse Learning,Anshuman Gill,Dushyanth,Low - (< 50%),,Jan 26,,India,100 to 500,Ed-tech/Learning,276, $ 111 ," $ 1,028 ", $ 111 , $ 112 , $ 112 , $ 112 , $ 115 , $ 115 , $ 115 , $ 118 , $ 118 , $ -   , $ -   , $ -   , $ -   , $ -   , $ -   , $ -   , $ -   , $ -   , $ -   , $ -   , $ -   , $ -   , $ -   , $ -   , $ -   , $ -   , $ -   , $ -   , $ -   , $ -   , $ -   , $ -   , $ -   , $ -   , $ -   
Wezboone,Arunima Srivastava,Pramod,Low - (< 50%),,Jan 26,,India,100 to 500,Others,230, $ 133 ," $ 1,028 ", $ 133 , $ 135 , $ 135 , $ 135 , $ 178 , $ 92 , $ 220 , $ -   , $ -   , $ -   , $ -   , $ -   , $ -   , $ -   , $ -   , $ -   , $ -   , $ -   , $ -   , $ -   , $ -   , $ -   , $ -   , $ -   , $ -   , $ -   , $ -   , $ -   , $ -   , $ -   , $ -   , $ -   , $ -   , $ -   , $ -   
Aspira,Akanksha Pandaw,Subin,High - 80 to 100%,Payment Link to be sent,Jan 26,13-12-2024,Africa,Dormant,Gaming,#DIV/0!, $ -   ," $ 1,018 ", $ -   , $ -   , $ -   , $ 0 , $ 29 , $ 37 , $ 40 , $ 45 , $ 50 , $ 54 , $ 66 , $ 697 , $ -   , $ -   , $ -   , $ -   , $ -   , $ -   , $ -   , $ -   , $ -   , $ -   , $ -   , $ -   , $ -   , $ -   , $ -   , $ -   , $ -   , $ -   , $ -   , $ -   , $ -   , $ -   , $ -   
Ecofy,Sriya,Pooja,High - 80 to 100%,Commercial Closure is pending. ,Jan 26,16-12-2024,India,500 to 2K,NBFC,30, $ 951 , $ 951 , $ 951 , $ 0 , $ (0), $ 0 , $ -   , $ -   , $ -   , $ -   , $ -   , $ -   , $ -   , $ -   , $ -   , $ -   , $ -   , $ -   , $ -   , $ -   , $ -   , $ -   , $ -   , $ -   , $ -   , $ -   , $ -   , $ -   , $ -   , $ -   , $ -   , $ -   , $ -   , $ -   , $ -   , $ -   , $ -   
Awign,Kritika Ramesh,Pramod,Low - (< 50%),,Jan 26,,India,Less than 100,Gig economy,#DIV/0!, $ -   , $ 922 , $ -   , $ -   , $ 112 , $ 112 , $ 115 , $ 115 , $ 115 , $ 118 , $ 118 , $ 118 , $ -   , $ 0 , $ -   , $ -   , $ -   , $ -   , $ -   , $ -   , $ -   , $ -   , $ -   , $ -   , $ -   , $ -   , $ -   , $ -   , $ -   , $ -   , $ -   , $ -   , $ -   , $ -   , $ -   , $ -   , $ (1)
ClickMyLoan,Michelle George,Pramod,Low - (< 50%),,Jan 26,,India,100 to 500,Digital Lenders,239, $ 111 , $ 889 , $ 111 , $ 112 , $ 112 , $ 112 , $ 389 , $ 24 , $ 21 , $ 7 , $ -   , $ -   , $ -   , $ -   , $ -   , $ -   , $ -   , $ -   , $ -   , $ -   , $ -   , $ -   , $ -   , $ -   , $ -   , $ -   , $ -   , $ -   , $ -   , $ -   , $ -   , $ -   , $ -   , $ -   , $ -   , $ -   , $ -   
Junglee Games,Aditya Rao,Pramod,High - 80 to 100%,Prepaid,Jan 26,,India,500 to 2K,Gaming,34, $ 792 , $ 888 , $ 888 , $ -   , $ -   , $ -   , $ -   , $ -   , $ -   , $ -   , $ -   , $ -   , $ -   , $ -   , $ -   , $ -   , $ -   , $ -   , $ -   , $ -   , $ -   , $ -   , $ -   , $ -   , $ -   , $ -   , $ -   , $ -   , $ -   , $ -   , $ -   , $ -   , $ -   , $ -   , $ -   , $ -   , $ -   
Thinhphat,Minh Nguyen Duc,Subin,High - 80 to 100%,,Jan 26,,ASEAN,100 to 500,NBFC,60, $ 410 , $ 825 , $ 410 , $ 415 , $ -   , $ -   , $ -   , $ -   , $ -   , $ -   , $ -   , $ -   , $ -   , $ -   , $ -   , $ -   , $ -   , $ -   , $ -   , $ -   , $ -   , $ -   , $ -   , $ -   , $ -   , $ -   , $ -   , $ -   , $ -   , $ -   , $ -   , $ -   , $ -   , $ -   , $ -   , $ -   , $ (0)
Jio Payment Solutions Ltd (JPSL),Aishwarya Paraskar,Chaitanya,Low - (< 50%),,Jan 26,,India,Less than 100,Payment Service Provider,704, $ 6 , $ 817 , $ 6 , $ -   , $ -   , $ -   , $ 31 , $ 62 , $ 128 , $ -   , $ -   , $ -   , $ -   , $ -   , $ 406 , $ -   , $ 55 , $ 26 , $ 18 , $ 10 , $ 55 , $ -   , $ -   , $ -   , $ -   , $ 20 , $ -   , $ -   , $ -   , $ -   , $ -   , $ -   , $ -   , $ -   , $ -   , $ -   , $ -   
SMC,Sriya,Chaitanya,Low - (< 50%),,Jan 26,,India,500 to 2K,Brokerage,32, $ 815 , $ 815 , $ 815 , $ -   , $ -   , $ -   , $ -   , $ -   , $ -   , $ -   , $ -   , $ -   , $ -   , $ -   , $ -   , $ -   , $ -   , $ -   , $ -   , $ -   , $ -   , $ -   , $ -   , $ -   , $ -   , $ -   , $ -   , $ -   , $ -   , $ -   , $ -   , $ -   , $ -   , $ -   , $ -   , $ -   , $ -   
Advocate Rights Center,Sriya,Pooja,Low - (< 50%),Churned. Please check if all the receipts are received or not. ,Jan 26,13-12-2024,US and ROW Fintech,Churned,legal Service provider ,#DIV/0!, $ -   , $ 800 , $ -   , $ -   , $ -   , $ -   , $ -   , $ -   , $ -   , $ -   , $ -   , $ -   , $ -   , $ -   , $ -   , $ -   , $ 200 , $ 200 , $ 200 , $ 200 , $ -   , $ -   , $ -   , $ -   , $ -   , $ -   , $ -   , $ -   , $ -   , $ -   , $ -   , $ -   , $ -   , $ -   , $ -   , $ -   , $ -   
Sama Insurance,Venkat Subramanian,Dushyanth,Medium - (50 to 79%),,Jan 26,,India,100 to 500,Insurance,213, $ 111 , $ 795 , $ 111 , $ 112 , $ 112 , $ 112 , $ 115 , $ 115 , $ 115 , $ 1 , $ 1 , $ -   , $ -   , $ -   , $ -   , $ -   , $ -   , $ -   , $ -   , $ -   , $ -   , $ -   , $ -   , $ -   , $ -   , $ -   , $ -   , $ -   , $ -   , $ -   , $ -   , $ -   , $ -   , $ -   , $ -   , $ -   , $ -   
WellStreet,Ayyappa K R,Dushyanth,Low - (< 50%),Payment Chaser to be sent. (Call),Jan 26,13-12-2024,HyperStart,500 to 2K,CLM,30, $ 790 , $ 790 , $ 790 , $ -   , $ -   ,,,,,,,,,,,,,,,,,,,,,,,,,,,,,,,,
TechMojo,Michelle George,Chaitanya,High - 80 to 100%,,Jan 26,,India,100 to 500,Channel Partner,233, $ 100 , $ 775 , $ 100 , $ 100 , $ 100 , $ 100 , $ 100 , $ 100 , $ -   , $ -   , $ 175 , $ -   , $ -   , $ -   , $ -   , $ -   , $ -   , $ 0 , $ -   , $ -   , $ -   , $ -   , $ -   , $ -   , $ -   , $ -   , $ -   , $ -   , $ -   , $ -   , $ -   , $ -   , $ -   , $ -   , $ -   , $ -   , $ -   
FundKite,Nikhil Gopinath,Dushyanth,High - 80 to 100%,Reminder to follow up,Jan 26,,US and ROW Fintech,2K to 10K,Others,30, $ 765 , $ 765 , $ 765 , $ -   , $ -   , $ -   , $ -   ,,,,,,,,,,,,,,,,,,,,,,,,,,,,,,
Mallow Technologies Private Limited,Naveen Shankar Choudhury,Subin,High - 80 to 100%,,Older Than Apr 23,,India,500 to 2K,Gig economy,0, $ 760 , $ -   , $ -   , $ -   , $ -   , $ -   , $ -   , $ -   , $ -   , $ -   , $ -   , $ -   , $ -   , $ -   , $ -   , $ -   , $ -   , $ -   , $ -   , $ -   , $ -   , $ -   , $ -   , $ -   , $ -   , $ -   , $ -   , $ -   , $ -   , $ -   , $ -   , $ -   , $ -   , $ -   , $ -   , $ -   , $ -   
Infliv Cryptoswap,Arunima Srivastava,Dushyanth,Medium - (50 to 79%),,Jan 26,,India,Less than 100,Crypto,255, $ 89 , $ 759 , $ 89 , $ 90 , $ 90 , $ 90 , $ 92 , $ 92 , $ 123 , $ 94 , $ -   , $ -   , $ -   , $ -   , $ -   , $ -   , $ -   , $ -   , $ -   , $ -   , $ -   , $ -   , $ -   , $ -   , $ -   , $ -   , $ -   , $ -   , $ -   , $ -   , $ -   , $ -   , $ -   , $ -   , $ -   , $ -   , $ -   
Arnifi,Naveen Shankar Choudhury,Pramod,Low - (< 50%),Krishna is taking care of it,Older Than Apr 23,,India,Churned,Others,#DIV/0!, $ -   , $ -   , $ -   , $ -   , $ -   , $ -   , $ -   , $ -   , $ -   , $ -   , $ -   , $ -   , $ -   , $ -   , $ -   , $ -   , $ -   , $ -   , $ -   , $ -   , $ -   , $ -   , $ -   , $ -   , $ -   , $ -   , $ -   , $ -   , $ -   , $ -   , $ -   , $ -   , $ -   , $ -   , $ -   , $ -   , $ -   
GMAC,Anshuman Gill,Subin,Low - (< 50%),Work on the reconciliation and share an update the group. ,Jan 26,13-Dec-24,India,Less than 100,Ed-tech/Learning,39, $ 2 , $ 2 , $ 2 , $ -   , $ 0 , $ -   , $ 0 , $ 0 , $ -   , $ -   , $ -   , $ -   , $ -   , $ -   , $ -   , $ -   , $ -   , $ -   , $ -   , $ -   , $ -   , $ -   , $ -   , $ -   , $ -   , $ -   , $ -   , $ -   , $ -   , $ -   , $ -   , $ -   , $ -   , $ -   , $ -   , $ -   , $ -   
StableINR,Kritika Ramesh,Pramod,High - 80 to 100%,,Jan 26,,India,500 to 2K,Crypto,32, $ 714 , $ 717 , $ 717 , $ -   , $ -   , $ -   , $ (0), $ -   , $ 0 , $ -   , $ -   , $ -   , $ -   , $ -   , $ -   , $ -   , $ -   , $ -   , $ -   , $ -   , $ -   , $ -   , $ -   , $ -   , $ -   , $ -   , $ -   , $ -   , $ -   , $ -   , $ -   , $ -   , $ -   , $ -   , $ -   , $ -   , $ (0)
Asset Plus,Kritika Ramesh,Dushyanth,High - 80 to 100%,,Jan 26,,India,Less than 100,AMCs,1, $ 23 , $ 0 , $ 0 , $ -   , $ 0 , $ -   , $ (0), $ -   , $ 0 , $ -   , $ -   , $ -   , $ -   , $ -   , $ -   , $ -   , $ -   , $ -   , $ -   , $ -   , $ -   , $ -   , $ -   , $ -   , $ -   , $ -   , $ -   , $ -   , $ -   , $ -   , $ -   , $ -   , $ -   , $ -   , $ -   , $ -   , $ (0)
OVO,Harshit Shrivastava,Pooja,Low - (< 50%),,Jan 26,,ASEAN,Less than 100,Wallet,#DIV/0!, $ -   , $ 682 , $ -   , $ -   , $ 8 , $ 674 , $ 0 , $ -   , $ -   , $ -   , $ -   , $ -   , $ -   , $ -   , $ -   , $ -   , $ -   , $ -   , $ -   , $ -   , $ -   , $ -   , $ -   , $ -   , $ -   , $ -   , $ -   , $ -   , $ -   , $ -   , $ -   , $ -   , $ -   , $ -   , $ -   , $ -   , $ -   
Policy Boss,Anshuman Gill,Pramod,High - 80 to 100%,,Jan 26,,India,100 to 500,Insurance,30, $ 222 , $ 222 , $ 222 , $ -   , $ -   , $ -   , $ -   , $ -   , $ -   , $ -   , $ -   , $ -   , $ -   , $ -   , $ -   , $ -   , $ -   , $ -   , $ -   , $ -   , $ -   , $ -   , $ -   , $ -   , $ -   , $ -   , $ -   , $ -   , $ -   , $ -   , $ -   , $ -   , $ -   , $ -   , $ -   , $ -   , $ (0)
CIECO SECURITIES PRIVATE LIMITED ,Veeramesh,Pramod,Low - (< 50%),Payment Chaser to be sent. (Call),Jan 26,13-12-2024,India,Dormant,Others,#DIV/0!, $ -   , $ 667 , $ 667 , $ -   , $ -   ,,,,,,,,,,,,,,,,,,,,,,,,,,,,,,,,
Deserv,V Kartik,Pramod,Medium - (50 to 79%),,Jan 26,,India,500 to 2K,Digital Lenders,30, $ 666 , $ 667 , $ 667 , $ -   , $ -   , $ -   , $ -   , $ -   , $ -   , $ -   , $ -   , $ -   , $ -   , $ -   , $ -   , $ -   , $ -   , $ -   , $ -   , $ -   , $ -   , $ -   , $ -   , $ -   , $ -   , $ -   , $ -   , $ -   , $ -   , $ -   , $ -   , $ -   , $ -   , $ -   , $ -   , $ -   , $ -   
KhataBook,Anusha Gonuguntla,Dushyanth,Medium - (50 to 79%),,Jan 26,,India,500 to 2K,Payment Service Provider,30, $ 666 , $ 666 , $ 666 , $ -   , $ -   , $ -   , $ -   , $ -   , $ -   , $ -   , $ -   , $ -   , $ -   , $ -   , $ -   , $ -   , $ -   , $ -   , $ -   , $ -   , $ -   , $ -   , $ -   , $ -   , $ -   , $ -   , $ -   , $ -   , $ -   , $ -   , $ -   , $ -   , $ -   , $ -   , $ -   , $ -   , $ -   
Jubilant,Veer Ramesh Chembath,Pramod,Low - (< 50%),,Jan 26,,India,Less than 100,Others,269, $ 72 , $ 651 , $ 72 , $ 73 , $ 73 , $ 73 , $ 75 , $ 75 , $ 75 , $ 77 , $ 15 , $ 18 , $ 26 , $ -   , $ -   , $ -   , $ -   , $ -   , $ -   , $ -   , $ -   , $ -   , $ -   , $ -   , $ -   , $ -   , $ -   , $ -   , $ -   , $ -   , $ -   , $ -   , $ -   , $ -   , $ -   , $ -   , $ -   
Fixerra,Anshuman Gill,Chaitanya,Low - (< 50%),,Jan 26,,India,100 to 500,Others,79, $ 254 , $ 643 , $ 643 , $ 0 , $ -   , $ -   , $ -   , $ 0 , $ -   , $ -   , $ -   , $ -   , $ -   , $ -   , $ -   , $ -   , $ -   , $ -   , $ -   , $ -   , $ -   , $ -   , $ -   , $ -   , $ -   , $ -   , $ -   , $ -   , $ -   , $ -   , $ -   , $ -   , $ -   , $ -   , $ -   , $ -   , $ (1)
HD Bank,Minh Nguyen Duc,Pooja,Low - (< 50%),,Jan 26,,ASEAN,100 to 500,Banks,102, $ 170 , $ 641 , $ 170 , $ -   , $ 0 , $ -   , $ -   , $ -   , $ -   , $ 472 , $ -   , $ -   , $ -   , $ -   , $ -   , $ -   , $ -   , $ -   , $ -   , $ -   , $ -   , $ -   , $ -   , $ -   , $ -   , $ -   , $ -   , $ -   , $ -   , $ -   , $ -   , $ -   , $ -   , $ -   , $ -   , $ -   , $ (1)
Vivriti Capital,V Kartik,Pooja,Low - (< 50%),,Jan 26,,India,500 to 2K,NBFC,33, $ 619 , $ 622 , $ 619 , $ -   , $ -   , $ 0 , $ 0 , $ 0 , $ -   , $ -   , $ -   , $ -   , $ -   , $ 1 , $ 1 , $ 1 , $ -   , $ -   , $ -   , $ -   , $ -   , $ -   , $ -   , $ -   , $ -   , $ -   , $ -   , $ -   , $ -   , $ -   , $ -   , $ -   , $ -   , $ -   , $ -   , $ -   , $ -   
Apollo Finvest,Anshuman Gill,Dushyanth,Medium - (50 to 79%),,Jan 26,,India,100 to 500,NBFC,42, $ 269 , $ 336 , $ 329 , $ 3 , $ 4 , $ (0), $ 0 , $ -   , $ 0 , $ -   , $ -   , $ -   , $ -   , $ -   , $ -   , $ -   , $ -   , $ -   , $ -   , $ -   , $ -   , $ -   , $ -   , $ -   , $ -   , $ -   , $ -   , $ -   , $ -   , $ -   , $ -   , $ -   , $ -   , $ -   , $ -   , $ -   , $ -   
 EZMS ,Karthik Shivakumara,Pramod,Medium - (50 to 79%),,Jan 26,,US and ROW Fintech,500 to 2K,Others,35, $ 603 , $ 609 , $ 603 , $ 0 , $ -   , $ 6 , $ -   , $ -   , $ -   , $ -   , $ -   , $ -   , $ -   , $ -   , $ -   , $ -   , $ -   , $ -   , $ -   , $ -   , $ -   , $ -   , $ -   , $ -   , $ -   , $ -   , $ -   , $ -   , $ -   , $ -   , $ -   , $ -   , $ -   , $ -   , $ -   , $ -   , $ -   
UdhaarPay (RocketPay),Naveen Shankar Choudhury,Dushyanth,Medium - (50 to 79%),,Jan 26,,India,Less than 100,Payment Service Provider,202, $ 83 , $ 590 , $ 125 , $ 139 , $ 148 , $ 247 , $ 0 , $ 0 , $ -   , $ -   , $ -   , $ -   , $ -   , $ -   , $ -   , $ -   , $ -   , $ -   , $ -   , $ -   , $ -   , $ -   , $ -   , $ -   , $ -   , $ -   , $ -   , $ -   , $ -   , $ -   , $ -   , $ -   , $ -   , $ -   , $ -   , $ -   , $ (69)
Bvndle,Lawrence Osayemi,Subin,Low - (< 50%),,Jan 26,,Africa,Less than 100,Channel Partner,142, $ 62 , $ 579 , $ 62 , $ 183 , $ 23 , $ 20 , $ 9 , $ 12 , $ 9 , $ 10 , $ 22 , $ 14 , $ 29 , $ 17 , $ 42 , $ 117 , $ 11 , $ -   , $ -   , $ -   , $ -   , $ -   , $ -   , $ -   , $ -   , $ -   , $ -   , $ -   , $ -   , $ -   , $ -   , $ -   , $ -   , $ -   , $ -   , $ -   , $ -   
Finsall Resources,Kritika Ramesh,Pramod,High - 80 to 100%,,Nov 25,,India,500 to 2K,Insurance,(0), $ 578 , $ (0), $ -   , $ 0 , $ 0 , $ -   , $ (0), $ -   , $ -   , $ -   , $ -   , $ -   , $ -   , $ -   , $ -   , $ -   , $ -   , $ -   , $ -   , $ -   , $ -   , $ -   , $ -   , $ -   , $ -   , $ -   , $ -   , $ -   , $ -   , $ -   , $ -   , $ -   , $ -   , $ -   , $ -   , $ -   , $ (0)
Open Money,Anshuman Gill,Pooja,Low - (< 50%),Reconciliation WIP,Jan 26,13-12-2024,India,Churned,NBFC,#DIV/0!, $ -   , $ 573 , $ -   , $ -   , $ -   , $ -   , $ -   , $ -   , $ -   , $ -   , $ -   , $ -   , $ -   , $ -   , $ -   , $ -   , $ -   , $ -   , $ 12 , $ 11 , $ 16 , $ 14 , $ 13 , $ 23 , $ 93 , $ 244 , $ -   , $ 20 , $ 15 , $ 15 , $ 19 , $ 51 , $ 11 , $ 15 , $ -   , $ -   , $ -   
 fyers securities ,V Kartik,Pooja,High - 80 to 100%,,Jan 26,,India,500 to 2K,Brokerage,28, $ 565 , $ 565 , $ 565 , $ -   , $ (0), $ -   , $ -   , $ -   , $ -   , $ -   , $ -   , $ -   , $ -   , $ -   , $ -   , $ -   , $ -   , $ -   , $ -   , $ -   , $ -   , $ -   , $ -   , $ -   , $ -   , $ -   , $ -   , $ -   , $ -   , $ -   , $ -   , $ -   , $ -   , $ -   , $ -   , $ -   , $ -   
Karya,Anshuman Gill,Chaitanya,Low - (< 50%),,Jan 26,,India,100 to 500,Channel Partner,151, $ 111 , $ 563 , $ 111 , $ 112 , $ 112 , $ 112 , $ 115 , $ -   , $ -   , $ -   , $ -   , $ -   , $ -   , $ -   , $ -   , $ -   , $ -   , $ -   , $ -   , $ -   , $ -   , $ -   , $ -   , $ -   , $ -   , $ -   , $ -   , $ -   , $ -   , $ -   , $ -   , $ -   , $ -   , $ -   , $ -   , $ -   , $ -   
Cipherepay,Arunima Srivastava,Pramod,High - 80 to 100%,,Jan 26,,India,100 to 500,Crypto,151, $ 111 , $ 563 , $ 111 , $ 112 , $ 112 , $ 112 , $ 115 , $ -   , $ -   , $ -   , $ -   , $ -   , $ -   , $ -   , $ -   , $ -   , $ -   , $ -   , $ -   , $ -   , $ -   , $ -   , $ -   , $ -   , $ -   , $ -   , $ -   , $ -   , $ -   , $ -   , $ -   , $ -   , $ -   , $ -   , $ -   , $ -   , $ -   
Ventura1,Anshuman Gill,Chaitanya,Low - (< 50%),,Jan 26,,India,100 to 500,Brokerage,0, $ 272 , $ 0 , $ -   , $ -   , $ 0 , $ -   , $ 0 , $ -   , $ -   , $ -   , $ -   , $ -   , $ -   , $ -   , $ -   , $ -   , $ -   , $ -   , $ -   , $ -   , $ -   , $ -   , $ -   , $ -   , $ -   , $ -   , $ -   , $ -   , $ -   , $ -   , $ -   , $ -   , $ -   , $ -   , $ -   , $ -   , $ -   
Micelio,Naveen Shankar Choudhury,Churned,High - 80 to 100%,Pramod to update master sheet. Pramod to send chaser and contact client for FY 23-24 payments.,Jan 26,13-Dec-24,India,Churned,Digital Lenders,#DIV/0!, $ -   , $ 550 , $ -   , $ -   , $ -   , $ -   , $ -   , $ -   , $ -   , $ -   , $ -   , $ -   , $ -   , $ -   , $ -   , $ -   , $ -   , $ -   , $ -   , $ -   , $ -   , $ -   , $ -   , $ -   , $ -   , $ -   , $ -   , $ -   , $ 550 , $ -   , $ -   , $ -   , $ -   , $ -   , $ -   , $ -   , $ -   
Abcom In,Anshuman Gill,Pramod,Low - (< 50%),,Jan 26,,India,Less than 100,Lending Marketplace,"35,243", $ 0 , $ 548 , $ 0 , $ -   , $ 90 , $ 90 , $ 92 , $ 92 , $ 92 , $ 92 , $ -   , $ -   , $ -   , $ -   , $ -   , $ -   , $ -   , $ -   , $ -   , $ -   , $ -   , $ -   , $ -   , $ -   , $ -   , $ -   , $ -   , $ -   , $ -   , $ -   , $ -   , $ -   , $ -   , $ -   , $ -   , $ -   , $ -   
MoneyRush,Arunima Srivastava,Chaitanya,Low - (< 50%),,Jan 26,,India,Less than 100,Gaming,182, $ 89 , $ 542 , $ 89 , $ 90 , $ 90 , $ 90 , $ 92 , $ 92 , $ -   , $ -   , $ -   , $ -   , $ -   , $ -   , $ -   , $ -   , $ -   , $ -   , $ -   , $ -   , $ -   , $ -   , $ -   , $ -   , $ -   , $ -   , $ -   , $ -   , $ -   , $ -   , $ -   , $ -   , $ -   , $ -   , $ -   , $ -   , $ (0)
Ramsoft - CLM,Ayyappa K R,Dushyanth,High - 80 to 100%,,Older Than Apr 23,,HyperStart,500 to 2K,CLM,0, $ 540 , $ -   , $ -   , $ -   , $ -   , $ -   , $ -   , $ -   , $ -   , $ -   , $ -   , $ -   , $ -   , $ -   , $ -   , $ -   , $ -   , $ -   , $ -   , $ -   , $ -   , $ -   , $ -   , $ -   , $ -   , $ -   , $ -   , $ -   , $ -   , $ -   , $ -   , $ -   , $ -   , $ -   , $ -   , $ -   , $ -   
Bidryde,Arunima Srivastava,Dushyanth,Low - (< 50%),,Jan 26,,India,Less than 100,Gig economy,358, $ 44 , $ 534 , $ 44 , $ 45 , $ 45 , $ 45 , $ 46 , $ 46 , $ 46 , $ 47 , $ 47 , $ 29 , $ 93 , $ -   , $ -   , $ -   , $ -   , $ -   , $ -   , $ -   , $ -   , $ -   , $ -   , $ -   , $ -   , $ -   , $ -   , $ -   , $ -   , $ -   , $ -   , $ -   , $ -   , $ -   , $ -   , $ -   , $ -   
Vidyut Tech,Karthik Shivakumara,Pramod,High - 80 to 100%,,Jan 26,,India,500 to 2K,Others,28, $ 516 , $ 517 , $ 516 , $ -   , $ -   , $ -   , $ -   , $ 0 , $ -   , $ -   , $ -   , $ -   , $ -   , $ -   , $ -   , $ -   , $ -   , $ -   , $ -   , $ -   , $ -   , $ -   , $ -   , $ -   , $ -   , $ -   , $ -   , $ -   , $ -   , $ -   , $ -   , $ -   , $ -   , $ -   , $ -   , $ -   , $ -   
Truecaller,Naveen Shankar Choudhury,Dushyanth,High - 80 to 100%,,Jan 26,,India,100 to 500,Telecom,30, $ 255 , $ 255 , $ 255 , $ -   , $ -   , $ -   , $ -   , $ -   , $ -   , $ -   , $ -   , $ -   , $ -   , $ -   , $ -   , $ -   , $ -   , $ -   , $ -   , $ -   , $ -   , $ -   , $ -   , $ -   , $ -   , $ -   , $ -   , $ -   , $ -   , $ -   , $ -   , $ -   , $ -   , $ -   , $ -   , $ -   , $ -   
SBI Bank,Gopinath Yerra,Pramod,High - 80 to 100%,,Jan 26,,India,500 to 2K,Banks,11, $ 510 , $ 510 , $ 510 , $ -   , $ -   , $ -   , $ -   , $ 0 , $ -   , $ -   , $ -   , $ -   , $ -   , $ -   , $ -   , $ -   , $ -   , $ -   , $ -   , $ -   , $ -   , $ -   , $ -   , $ -   , $ -   , $ -   , $ -   , $ -   , $ -   , $ -   , $ -   , $ -   , $ -   , $ -   , $ -   , $ -   , $ -   
Aegiscovenant,Arunima Srivastava,Chaitanya,Medium - (50 to 79%),,Jan 26,,India,100 to 500,Insurance,73, $ 286 , $ 508 , $ 286 , $ 132 , $ 90 , $ -   , $ -   , $ -   , $ -   , $ -   , $ -   , $ -   , $ -   , $ -   , $ -   , $ -   , $ -   , $ -   , $ -   , $ -   , $ -   , $ -   , $ -   , $ -   , $ -   , $ -   , $ -   , $ -   , $ -   , $ -   , $ -   , $ -   , $ -   , $ -   , $ -   , $ -   , $ -   
Una financial,Michele,Dushyanth,Medium - (50 to 79%),Payment Chaser to be sent. (Call),Jan 26,13-12-2024,India,100 to 500,Others,60, $ 153 , $ 506 , $ 153 , $ 353 , $ -   , $ -   , $ -   ,,,,,,,,,,,,,,,,,,,,,,,,,,,,,,
Spicemoney,Arunima Srivastava,Dushyanth,Low - (< 50%),,Jan 26,,India,Less than 100,Digital Lenders,161, $ 100 , $ 501 , $ 101 , $ 88 , $ 68 , $ 85 , $ 71 , $ 18 , $ -   , $ -   , $ -   , $ -   , $ -   , $ -   , $ -   , $ -   , $ -   , $ -   , $ -   , $ -   , $ -   , $ -   , $ -   , $ -   , $ -   , $ 3 , $ 3 , $ 27 , $ 0 , $ -   , $ 1 , $ 8 , $ 14 , $ 14 , $ -   , $ -   , $ -   
Mintyn,Lawrence Osayemi,Chaitanya,Low - (< 50%),Reminder to follow up,Jan 26,,Africa,100 to 500,Banks,60, $ 233 , $ 500 , $ 233 , $ 268 , $ -   , $ -   , $ -   , $ -   , $ -   , $ -   , $ -   , $ -   , $ -   , $ -   , $ -   , $ -   , $ -   , $ -   , $ -   , $ -   , $ -   , $ -   , $ -   , $ -   , $ -   , $ -   , $ -   , $ -   , $ -   , $ -   , $ -   , $ -   , $ -   , $ -   , $ -   , $ -   , $ -   
Aventus Ukraine,Kritika Ramesh,Pooja,Low - (< 50%),Maline to followup with client on payment cleraance date,Jan 26,13-Dec-24,US and ROW Fintech,100 to 500,Digital lenders ,29, $ 492 , $ 492 , $ 492 , $ -   , $ -   , $ -   , $ -   , $ -   , $ -   , $ -   , $ -   , $ -   , $ -   , $ -   , $ -   , $ -   , $ -   , $ -   , $ -   , $ -   , $ -   , $ -   , $ -   , $ -   , $ -   , $ -   , $ -   , $ -   , $ -   , $ -   , $ -   , $ -   , $ -   , $ -   , $ -   , $ -   , $ -   
GrayQuest,Anshuman Gill,Pramod,High - 80 to 100%,,Jan 26,,India,100 to 500,Lending Marketplace,60, $ 243 , $ 480 , $ 243 , $ 237 , $ -   , $ -   , $ -   , $ -   , $ -   , $ -   , $ -   , $ -   , $ -   , $ -   , $ -   , $ -   , $ -   , $ -   , $ -   , $ -   , $ -   , $ -   , $ -   , $ -   , $ -   , $ -   , $ -   , $ -   , $ -   , $ -   , $ -   , $ -   , $ -   , $ -   , $ -   , $ -   , $ -   
GICHF,Unassigned,Pooja,Low - (< 50%),,Jan 26,,India,100 to 500,Insurance,143, $ 65 , $ 474 , $ 65 , $ 134 , $ 154 , $ 58 , $ 26 , $ 23 , $ 13 , $ 0 , $ 0 , $ 1 , $ -   , $ -   , $ -   , $ -   , $ -   , $ -   , $ -   , $ -   , $ -   , $ -   , $ -   , $ -   , $ -   , $ -   , $ -   , $ -   , $ -   , $ -   , $ -   , $ -   , $ -   , $ -   , $ -   , $ -   , $ -   
Cleveralpha,Naveen Shankar Choudhury,Subin,Low - (< 50%),,Jan 26,,US and ROW Fintech,Less than 100,AMCs,48, $ 296 , $ 472 , $ 296 , $ -   , $ -   , $ 35 , $ 35 , $ 48 , $ -   , $ 2 , $ 2 , $ 5 , $ 2 , $ 4 , $ 1 , $ 10 , $ 9 , $ 7 , $ -   , $ 2 , $ 1 , $ 5 , $ 2 , $ 7 , $ -   , $ -   , $ -   , $ -   , $ -   , $ -   , $ -   , $ -   , $ -   , $ -   , $ -   , $ -   , $ -   
Equirus Wealth,Anshuman Gill,Subin,Low - (< 50%),"Recon + List of O/s Invoices. Loop in KT, SM, VM, SK",Jan 26,,India,Less than 100,Others,672, $ 19 , $ 456 , $ 19 , $ 22 , $ 25 , $ 25 , $ 40 , $ 47 , $ 51 , $ 54 , $ 37 , $ 28 , $ 11 , $ 11 , $ 8 , $ 22 , $ 10 , $ 15 , $ 8 , $ 5 , $ 5 , $ 7 , $ 6 , $ -   , $ -   , $ -   , $ -   , $ -   , $ -   , $ -   , $ -   , $ -   , $ -   , $ -   , $ -   , $ -   , $ -   
Hellowable,Naveen Shankar Choudhury,Pooja,Low - (< 50%),,Jan 26,,US and ROW Fintech,100 to 500,Gig economy,39, $ 449 , $ 449 , $ 449 , $ -   , $ -   , $ -   , $ -   , $ -   , $ -   , $ -   , $ -   , $ -   , $ -   , $ -   , $ -   , $ -   , $ -   , $ -   , $ -   , $ -   , $ -   , $ -   , $ -   , $ -   , $ -   , $ -   , $ -   , $ -   , $ -   , $ -   , $ -   , $ -   , $ -   , $ -   , $ -   , $ -   , $ -   
Light Finance,Anshuman Gill,Dushyanth,High - 80 to 100%,,Jan 26,,India,100 to 500,NBFC,0, $ 443 , $ 0 , $ -   , $ -   , $ -   , $ -   , $ -   , $ 0 , $ -   , $ -   , $ -   , $ -   , $ -   , $ -   , $ -   , $ -   , $ -   , $ -   , $ -   , $ 0 , $ -   , $ -   , $ -   , $ -   , $ -   , $ -   , $ -   , $ -   , $ -   , $ -   , $ -   , $ -   , $ -   , $ -   , $ -   , $ -   , $ -   
India Bonds,Anshuman Gill,Dushyanth,High - 80 to 100%,,Jan 26,,India,100 to 500,Brokerage,42, $ 264 , $ 419 , $ 264 , $ -   , $ -   , $ 155 , $ -   , $ -   , $ -   , $ -   , $ -   , $ -   , $ -   , $ -   , $ -   , $ -   , $ -   , $ -   , $ -   , $ -   , $ -   , $ -   , $ -   , $ -   , $ -   , $ -   , $ -   , $ -   , $ -   , $ -   , $ -   , $ -   , $ -   , $ -   , $ -   , $ -   , $ -   
City Furnish,Arunima Srivastava,Dushyanth,High - 80 to 100%,,Jan 26,,India,100 to 500,Others,30, $ 411 , $ 412 , $ 411 , $ -   , $ 1 , $ -   , $ 0 , $ -   , $ -   , $ -   , $ -   , $ -   , $ -   , $ -   , $ -   , $ -   , $ -   , $ -   , $ -   , $ -   , $ -   , $ -   , $ -   , $ -   , $ -   , $ -   , $ -   , $ -   , $ -   , $ -   , $ -   , $ -   , $ -   , $ -   , $ -   , $ -   , $ (0)
Oriental & Partners,Sriya,Subin,Low - (< 50%),"Aditya to initiate a thread with Sabya, Krishna on current status",Jan 26,,India,Less than 100,Insurance,"24,837", $ 0 , $ 405 , $ 405 , $ -   , $ -   , $ -   , $ -   , $ -   , $ -   , $ -   , $ -   , $ -   , $ -   , $ -   , $ -   , $ -   , $ -   , $ -   , $ -   , $ -   , $ -   , $ -   , $ -   , $ -   , $ -   , $ -   , $ -   , $ -   , $ -   , $ -   , $ -   , $ -   , $ -   , $ -   , $ -   , $ -   , $ -   
Credit7,Maline K L,Chaitanya,High - 80 to 100%,"Recon + List of O/s Invoices. Loop in KT, SM, VM, SK",Jan 26,,US and ROW Fintech,100 to 500,Others,60, $ 200 , $ 400 , $ 200 , $ 200 , $ -   , $ (0), $ -   , $ -   , $ -   , $ -   , $ -   , $ -   , $ -   , $ -   , $ -   , $ -   , $ -   , $ -   , $ -   , $ -   , $ -   , $ -   , $ -   , $ -   , $ -   , $ -   , $ -   , $ -   , $ -   , $ -   , $ -   , $ -   , $ -   , $ -   , $ -   , $ -   , $ -   
Lets Aspire,Kritika Ramesh,Pramod,High - 80 to 100%,,Jan 26,,India,100 to 500,Digital Lenders,0, $ 326 , $ 0 , $ -   , $ -   , $ 0 , $ -   , $ -   , $ -   , $ -   , $ -   , $ -   , $ -   , $ -   , $ -   , $ -   , $ -   , $ -   , $ -   , $ -   , $ -   , $ -   , $ -   , $ -   , $ -   , $ -   , $ -   , $ -   , $ -   , $ -   , $ -   , $ -   , $ -   , $ -   , $ -   , $ -   , $ -   , $ -   
Dotpe,Arunima Srivastava,Pramod,High - 80 to 100%,,Jan 26,,India,100 to 500,Channel Partner,75, $ 111 , $ 281 , $ 111 , $ -   , $ 112 , $ -   , $ 57 , $ -   , $ -   , $ -   , $ -   , $ 0 , $ -   , $ -   , $ -   , $ -   , $ -   , $ -   , $ -   , $ -   , $ -   , $ -   , $ -   , $ -   , $ -   , $ -   , $ -   , $ -   , $ -   , $ -   , $ -   , $ -   , $ -   , $ -   , $ -   , $ -   , $ (0)
Babalease,Arunima Srivastava,Dushyanth,High - 80 to 100%,Pramod to update the master sheet,Jan 26,,India,100 to 500,NBFC,0, $ 389 , $ 0 , $ -   , $ -   , $ -   , $ -   , $ -   , $ -   , $ 0 , $ -   , $ -   , $ -   , $ -   , $ -   , $ -   , $ -   , $ -   , $ -   , $ -   , $ -   , $ 0 , $ -   , $ -   , $ -   , $ -   , $ -   , $ -   , $ -   , $ -   , $ -   , $ -   , $ -   , $ -   , $ -   , $ -   , $ -   , $ -   
Galaxy Pay (and Joy),Minh Nguyen Duc,Dushyanth,Medium - (50 to 79%),,Jan 26,,ASEAN,100 to 500,Payment Service Provider,31, $ 380 , $ 380 , $ 380 , $ -   , $ -   , $ -   , $ -   , $ -   , $ -   , $ -   , $ -   , $ -   , $ -   , $ -   , $ -   , $ -   , $ -   , $ -   , $ -   , $ -   , $ -   , $ -   , $ -   , $ -   , $ -   , $ -   , $ -   , $ -   , $ -   , $ -   , $ -   , $ -   , $ -   , $ -   , $ -   , $ -   , $ (0)
Bigul,Anshuman Gill,Pooja,Low - (< 50%),,Jan 26,,India,100 to 500,Brokerage,60, $ 167 , $ 375 , $ 167 , $ 208 , $ 0 , $ (0), $ 0 , $ 0 , $ -   , $ -   , $ -   , $ -   , $ -   , $ -   , $ -   , $ -   , $ -   , $ -   , $ -   , $ -   , $ -   , $ -   , $ -   , $ -   , $ -   , $ -   , $ -   , $ -   , $ -   , $ -   , $ -   , $ -   , $ -   , $ -   , $ -   , $ -   , $ (0)
Suncrypto,Sriya,Pramod,High - 80 to 100%,,Jun 25,,India,100 to 500,Crypto,(0), $ 374 , $ (0), $ -   , $ -   , $ -   , $ -   , $ (0), $ -   , $ 0 , $ -   , $ -   , $ -   , $ -   , $ -   , $ -   , $ -   , $ -   , $ -   , $ -   , $ -   , $ -   , $ -   , $ -   , $ -   , $ -   , $ -   , $ -   , $ -   , $ -   , $ -   , $ -   , $ -   , $ -   , $ -   , $ -   , $ -   , $ -   
32nd Vistas Pvt Ltd,Kritika Ramesh,Pramod,Low - (< 50%),,Jan 26,,India,Less than 100,Others,#DIV/0!, $ -   , $ 373 , $ -   , $ -   , $ 1 , $ 5 , $ 13 , $ 12 , $ 6 , $ 34 , $ 36 , $ 27 , $ 116 , $ 115 , $ 9 , $ -   , $ -   , $ -   , $ -   , $ -   , $ -   , $ -   , $ -   , $ -   , $ -   , $ -   , $ -   , $ -   , $ -   , $ -   , $ -   , $ -   , $ -   , $ -   , $ -   , $ -   , $ -   
Neofi,Kritika Ramesh,Dushyanth,High - 80 to 100%,,Jan 26,,India,100 to 500,Crypto,60, $ 249 , $ 361 , $ 249 , $ 112 , $ (0), $ -   , $ -   , $ -   , $ -   , $ -   , $ -   , $ -   , $ -   , $ -   , $ -   , $ -   , $ -   , $ -   , $ -   , $ -   , $ -   , $ -   , $ -   , $ -   , $ -   , $ -   , $ -   , $ -   , $ -   , $ -   , $ -   , $ -   , $ -   , $ -   , $ -   , $ -   , $ -   
Ardent Capital,Michelle George,Pramod,Low - (< 50%),,Jan 26,,India,Less than 100,Others,30, $ 88 , $ 88 , $ 89 , $ 90 , $ 0 , $ 0 , $ -   , $ -   , $ -   , $ -   , $ -   , $ -   , $ -   , $ -   , $ -   , $ -   , $ -   , $ -   , $ -   , $ -   , $ -   , $ -   , $ -   , $ -   , $ -   , $ -   , $ -   , $ -   , $ -   , $ -   , $ -   , $ -   , $ -   , $ -   , $ -   , $ -   , $ (90)
Shriram General Insurance,Sales,Chaitanya,High - 80 to 100%,Prepaid,Jan 26,,India,Less than 100,Insurance,"57,381", $ 0 , $ 360 , $ 0 , $ -   , $ -   , $ 0 , $ 1 , $ -   , $ -   , $ -   , $ -   , $ -   , $ -   , $ 6 , $ -   , $ 38 , $ 164 , $ 150 , $ -   , $ -   , $ -   , $ -   , $ -   , $ -   , $ -   , $ -   , $ -   , $ -   , $ -   , $ -   , $ -   , $ -   , $ -   , $ -   , $ -   , $ -   , $ -   
Head digital Works (A23 Games),Gopinath Yerra,Pooja,Low - (< 50%),,Jan 26,,India,100 to 500,Gaming,38, $ 286 , $ 357 , $ 357 , $ -   , $ -   , $ -   , $ (0), $ -   , $ -   , $ -   , $ -   , $ -   , $ -   , $ -   , $ -   , $ -   , $ -   , $ -   , $ 0 , $ -   , $ -   , $ -   , $ -   , $ -   , $ -   , $ -   , $ -   , $ -   , $ -   , $ -   , $ -   , $ -   , $ -   , $ -   , $ -   , $ -   , $ (0)
WeRize,Kritika Ramesh,Pramod,High - 80 to 100%,,Jan 26,,India,100 to 500,Others,60, $ 206 , $ 352 , $ 206 , $ 147 , $ 0 , $ -   , $ -   , $ -   , $ -   , $ -   , $ -   , $ -   , $ -   , $ -   , $ -   , $ -   , $ -   , $ -   , $ -   , $ -   , $ -   , $ -   , $ -   , $ -   , $ -   , $ -   , $ -   , $ -   , $ -   , $ -   , $ -   , $ -   , $ -   , $ -   , $ -   , $ -   , $ -   
Apnamart,Kritika Ramesh,Dushyanth,High - 80 to 100%,,Jan 26,,India,100 to 500,Gig economy,30, $ 351 , $ 351 , $ 351 , $ -   , $ -   , $ -   , $ -   , $ -   , $ 0 , $ -   , $ -   , $ -   , $ -   , $ -   , $ -   , $ -   , $ -   , $ -   , $ -   , $ -   , $ -   , $ -   , $ -   , $ -   , $ -   , $ -   , $ -   , $ -   , $ -   , $ -   , $ -   , $ -   , $ -   , $ -   , $ -   , $ -   , $ -   
EverSafe Academy,Arunima Srivastava,Pooja,Low - (< 50%),,Jan 26,,US and ROW Fintech,100 to 500,Ed-tech/Learning,30, $ 350 , $ 350 , $ 350 , $ 0 , $ 0 , $ 0 , $ -   , $ -   , $ -   , $ -   , $ -   , $ -   , $ -   , $ -   , $ -   , $ -   , $ -   , $ -   , $ -   , $ -   , $ -   , $ -   , $ -   , $ -   , $ -   , $ -   , $ -   , $ -   , $ -   , $ -   , $ -   , $ -   , $ -   , $ -   , $ -   , $ -   , $ -   
KarmaLife,Maline K L,Dushyanth,High - 80 to 100%,,Sep 25,,India,100 to 500,Digital Lenders,0, $ 308 , $ -   , $ -   , $ -   , $ -   , $ 0 , $ -   , $ -   , $ -   , $ -   , $ -   , $ -   , $ -   , $ -   , $ -   , $ -   , $ -   , $ -   , $ -   , $ -   , $ -   , $ -   , $ -   , $ -   , $ -   , $ -   , $ -   , $ -   , $ -   , $ -   , $ -   , $ -   , $ -   , $ -   , $ -   , $ -   , $ (0)
BuyUCoin,Arunima Srivastava,Pramod,High - 80 to 100%,Master file to be updated & Chasers needs to be sent,Older Than Apr 23,16-12-2024,India,Less than 100,Crypto,0, $ 94 , $ -   , $ -   , $ -   , $ -   , $ -   , $ -   , $ -   , $ -   , $ -   , $ -   , $ -   , $ -   , $ -   , $ -   , $ -   , $ -   , $ -   , $ -   , $ -   , $ -   , $ -   , $ -   , $ -   , $ -   , $ -   , $ -   , $ -   , $ -   , $ -   , $ -   , $ -   , $ -   , $ -   , $ -   , $ -   , $ -   
Hey wavelength dating,Veeramesh,Subin,Low - (< 50%),Payment Chaser to be sent. (Call),Jan 26,13-12-2024,India,Less than 100,Others,"2,488", $ 5 , $ 345 , $ 5 , $ 340 , $ -   , $ -   , $ -   ,,,,,,,,,,,,,,,,,,,,,,,,,,,,,,
Rainplatforms,Naveen Shankar Choudhury,Pramod,High - 80 to 100%,,Jan 26,,India,100 to 500,Others,92, $ 111 , $ 341 , $ 111 , $ 112 , $ -   , $ -   , $ -   , $ -   , $ -   , $ -   , $ -   , $ -   , $ -   , $ -   , $ -   , $ 118 , $ -   , $ -   , $ -   , $ -   , $ -   , $ -   , $ -   , $ -   , $ -   , $ -   , $ -   , $ -   , $ -   , $ -   , $ -   , $ -   , $ -   , $ -   , $ -   , $ -   , $ -   
Indiabit,Khushi S,Dushyanth,Medium - (50 to 79%),Reminder to follow up,Jan 26,,India,Less than 100,Others,38, $ 111 , $ 112 , $ 111 , $ -   , $ -   , $ 1 , $ -   , $ -   , $ -   , $ -   , $ -   , $ -   , $ -   , $ -   , $ -   , $ -   , $ -   , $ -   , $ -   , $ -   , $ -   , $ -   , $ -   , $ -   , $ -   , $ -   , $ -   , $ -   , $ -   , $ -   , $ -   , $ -   , $ -   , $ -   , $ -   , $ -   , $ -   
Dokopay,Manish J,Pramod,Medium - (50 to 79%),Reminder to follow up,Jan 26,,India,100 to 500,Others,90, $ 111 , $ 336 , $ 111 , $ 112 , $ 112 , $ -   , $ -   ,,,,,,,,,,,,,,,,,,,,,,,,,,,,,,
Syngenta,Anshuman Gill,Pramod,Medium - (50 to 79%),Prepaid,Jan 26,,India,100 to 500,Others,96, $ 105 , $ 336 , $ 111 , $ 112 , $ 112 , $ -   , $ -   , $ -   , $ -   , $ -   , $ -   , $ -   , $ -   , $ -   , $ -   , $ -   , $ -   , $ -   , $ -   , $ -   , $ -   , $ -   , $ -   , $ -   , $ -   , $ -   , $ -   , $ -   , $ -   , $ -   , $ -   , $ -   , $ -   , $ -   , $ -   , $ -   , $ -   
FISS VN,Nam Nguyen,Pooja,Low - (< 50%),,Jan 26,,ASEAN,Less than 100,Channel Partner,846, $ 10 , $ 334 , $ 10 , $ 13 , $ 8 , $ 10 , $ 3 , $ 5 , $ 12 , $ 3 , $ 7 , $ 7 , $ 23 , $ 61 , $ 52 , $ 31 , $ 31 , $ 57 , $ 1 , $ -   , $ -   , $ -   , $ -   , $ -   , $ -   , $ -   , $ -   , $ -   , $ -   , $ -   , $ -   , $ -   , $ -   , $ -   , $ -   , $ -   , $ -   
Travelexic,Arunima Srivastava,Pooja,Low - (< 50%),,Jan 26,,India,Less than 100,Channel Partner,128, $ 78 , $ 328 , $ 78 , $ -   , $ -   , $ 136 , $ 113 , $ -   , $ -   , $ -   , $ -   , $ -   , $ -   , $ -   , $ -   , $ -   , $ -   , $ -   , $ -   , $ -   , $ -   , $ -   , $ -   , $ -   , $ -   , $ -   , $ -   , $ -   , $ -   , $ -   , $ -   , $ -   , $ -   , $ -   , $ -   , $ -   , $ -   
Go Kiwi,Kritika Ramesh,Dushyanth,Low - (< 50%),,Jan 26,,India,Less than 100,Channel Partner,"1,452", $ 6 , $ 315 , $ 6 , $ 7 , $ 2 , $ 1 , $ 2 , $ 2 , $ 1 , $ 1 , $ 1 , $ 1 , $ 291 , $ 1 , $ -   , $ -   , $ -   , $ -   , $ -   , $ -   , $ -   , $ -   , $ -   , $ -   , $ -   , $ -   , $ -   , $ -   , $ -   , $ -   , $ -   , $ -   , $ -   , $ -   , $ -   , $ -   , $ -   
Fisdom,Sriya,Pramod,High - 80 to 100%,,Jan 26,,India,100 to 500,AMCs,108, $ 34 , $ 315 , $ 315 , $ -   , $ -   , $ -   , $ -   , $ -   , $ -   , $ -   , $ -   , $ -   , $ -   , $ -   , $ -   , $ -   , $ -   , $ -   , $ -   , $ -   , $ -   , $ -   , $ -   , $ -   , $ -   , $ -   , $ -   , $ -   , $ -   , $ -   , $ -   , $ -   , $ -   , $ -   , $ -   , $ -   , $ (0)
Acko Life Insurance,Gopinath Yerra,Subin,Low - (< 50%),,Jan 26,,India,Less than 100,Insurance,794, $ 13 , $ 305 , $ 13 , $ 10 , $ 11 , $ 14 , $ 11 , $ 16 , $ 21 , $ 19 , $ 19 , $ 74 , $ 22 , $ 16 , $ 16 , $ 14 , $ 29 , $ -   , $ -   , $ -   , $ -   , $ -   , $ -   , $ -   , $ -   , $ -   , $ -   , $ -   , $ -   , $ -   , $ -   , $ -   , $ -   , $ -   , $ -   , $ -   , $ -   
Dollarpe,Arunima Srivastava,Chaitanya,Low - (< 50%),,Jan 26,,India,100 to 500,Payment Service Provider,161, $ 1 , $ 302 , $ 1 , $ 112 , $ -   , $ -   , $ 129 , $ 4 , $ -   , $ -   , $ -   , $ -   , $ -   , $ -   , $ -   , $ -   , $ -   , $ 17 , $ 27 , $ -   , $ -   , $ 0 , $ 1 , $ -   , $ -   , $ 8 , $ -   , $ 3 , $ -   , $ -   , $ -   , $ -   , $ -   , $ -   , $ -   , $ -   , $ -   
FinOS Vietnam,Linh Doan,Churned,Low - (< 50%),,Jan 26,,ASEAN,Churned,Others,818, $ 7 , $ 302 , $ 7 , $ 15 , $ 280 , $ -   , $ -   , $ -   , $ -   , $ -   , $ -   , $ -   , $ -   , $ -   , $ -   , $ -   , $ -   , $ -   , $ -   , $ -   , $ -   , $ -   , $ -   , $ -   , $ -   , $ -   , $ -   , $ -   , $ -   , $ -   , $ -   , $ -   , $ -   , $ -   , $ -   , $ -   , $ -   
Oona Insurance,Harshit Shrivastava,Pooja,Low - (< 50%),,Jan 26,,ASEAN,Less than 100,Insurance,140, $ 47 , $ 286 , $ 47 , $ 76 , $ 82 , $ 81 , $ -   , $ -   , $ -   , $ -   , $ -   , $ -   , $ -   , $ -   , $ -   , $ -   , $ -   , $ -   , $ -   , $ -   , $ -   , $ -   , $ -   , $ -   , $ -   , $ -   , $ -   , $ -   , $ -   , $ -   , $ -   , $ -   , $ -   , $ -   , $ -   , $ -   , $ -   
Jiraaf,Kritika Ramesh,Pramod,High - 80 to 100%,Payment Chaser to be sent,Jan 26,13-12-2024,India,100 to 500,AMCs,22, $ 286 , $ 286 , $ 286 , $ -   , $ -   , $ -   , $ 0 , $ 0 , $ -   , $ -   , $ -   , $ -   , $ -   , $ -   , $ -   , $ -   , $ -   , $ -   , $ -   , $ -   , $ -   , $ -   , $ -   , $ -   , $ -   , $ -   , $ -   , $ -   , $ -   , $ -   , $ -   , $ -   , $ -   , $ -   , $ -   , $ -   , $ -   
 FinGenie ,Naveen Shankar Choudhury,Dushyanth,High - 80 to 100%,,Dec 25,,India,Less than 100,Others,(12), $ 1 , $ (0), $ 0 , $ -   , $ -   , $ (0), $ (0), $ -   , $ -   , $ -   , $ -   , $ -   , $ -   , $ -   , $ -   , $ -   , $ -   , $ -   , $ -   , $ -   , $ -   , $ -   , $ -   , $ -   , $ -   , $ -   , $ -   , $ -   , $ -   , $ -   , $ -   , $ -   , $ -   , $ -   , $ -   , $ -   , $ -   
Unlimit,Arunima Srivastava,Dushyanth,High - 80 to 100%,,Jan 26,,India,100 to 500,Payment Service Provider,30, $ 278 , $ 278 , $ 278 , $ -   , $ -   , $ -   , $ 0 , $ -   , $ -   , $ -   , $ -   , $ -   , $ -   , $ -   , $ -   , $ -   , $ -   , $ -   , $ -   , $ -   , $ -   , $ -   , $ -   , $ -   , $ -   , $ -   , $ -   , $ -   , $ -   , $ -   , $ -   , $ -   , $ -   , $ -   , $ -   , $ -   , $ -   
 InCred Finance ,V Kartik,Pooja,High - 80 to 100%,,Jan 26,,India,Less than 100,NBFC,60, $ 125 , $ 261 , $ 125 , $ 136 , $ -   , $ -   , $ -   , $ -   , $ -   , $ -   , $ -   , $ -   , $ -   , $ -   , $ -   , $ -   , $ -   , $ -   , $ -   , $ -   , $ -   , $ -   , $ -   , $ -   , $ -   , $ -   , $ -   , $ -   , $ -   , $ -   , $ -   , $ -   , $ -   , $ -   , $ -   , $ -   , $ -   
Lastmiles,Arunima Srivastava,Pramod,Low - (< 50%),,Jan 26,,India,Less than 100,Others,271, $ 33 , $ 259 , $ 33 , $ 24 , $ 100 , $ 139 , $ 90 , $ 5 , $ 15 , $ -   , $ -   , $ -   , $ -   , $ -   , $ -   , $ -   , $ -   , $ -   , $ -   , $ -   , $ -   , $ -   , $ -   , $ -   , $ -   , $ -   , $ -   , $ -   , $ -   , $ -   , $ -   , $ -   , $ -   , $ -   , $ -   , $ -   , $ (147)
Pokerbaazi,Sriya,Dushyanth,Low - (< 50%),,Jan 26,,India,Less than 100,Gaming,80, $ 73 , $ 258 , $ 73 , $ 122 , $ 62 , $ -   , $ (0), $ -   , $ -   , $ -   , $ -   , $ -   , $ -   , $ -   , $ -   , $ -   , $ -   , $ -   , $ -   , $ -   , $ -   , $ -   , $ -   , $ -   , $ -   , $ -   , $ -   , $ -   , $ -   , $ -   , $ -   , $ -   , $ -   , $ -   , $ -   , $ -   , $ -   
Entitled Solutions Private Limited,Naveen Shankar Choudhury,Pooja,Low - (< 50%),,Jan 26,,India,Less than 100,Channel Partner,90, $ 83 , $ 252 , $ 83 , $ 84 , $ 84 , $ -   , $ -   , $ -   , $ -   , $ -   , $ -   , $ -   , $ -   , $ -   , $ -   , $ -   , $ -   , $ -   , $ -   , $ -   , $ -   , $ -   , $ -   , $ -   , $ -   , $ -   , $ -   , $ -   , $ -   , $ -   , $ -   , $ -   , $ -   , $ -   , $ -   , $ -   , $ -   
IIFL Samasta,Maline K L,Subin,High - 80 to 100%,,Jan 26,,India,100 to 500,Others,61, $ 130 , $ 245 , $ 130 , $ -   , $ -   , $ -   , $ -   , $ 115 , $ -   , $ -   , $ -   , $ -   , $ -   , $ -   , $ -   , $ -   , $ -   , $ -   , $ -   , $ -   , $ -   , $ -   , $ -   , $ -   , $ -   , $ -   , $ -   , $ -   , $ -   , $ -   , $ -   , $ -   , $ -   , $ -   , $ -   , $ -   , $ -   
03 Capital,Lawrence Osayemi,Chaitanya,Low - (< 50%),,Jan 26,,Africa,Less than 100,Payment Service Provider,94, $ 94 , $ 244 , $ 94 , $ 62 , $ 13 , $ 28 , $ 48 , $ -   , $ -   , $ -   , $ -   , $ -   , $ -   , $ -   , $ -   , $ -   , $ -   , $ -   , $ -   , $ -   , $ -   , $ -   , $ -   , $ -   , $ -   , $ -   , $ -   , $ -   , $ -   , $ -   , $ -   , $ -   , $ -   , $ -   , $ -   , $ -   , $ -   
DotPe Cappitals,Arunima Srivastava,Pramod,Low - (< 50%),,Jan 26,,India,Dormant,Channel Partner,#DIV/0!, $ -   , $ 244 , $ -   , $ -   , $ -   , $ -   , $ (57), $ -   , $ -   , $ 118 , $ 118 , $ 118 , $ 3 , $ 3 , $ -   , $ -   , $ -   , $ -   , $ -   , $ -   , $ -   , $ -   , $ -   , $ -   , $ -   , $ -   , $ -   , $ -   , $ -   , $ -   , $ -   , $ -   , $ -   , $ -   , $ -   , $ -   , $ (57)
Kotak Cherry,Sales,Churned,High - 80 to 100%,,Jan 26,,India,Churned,AMCs,#DIV/0!, $ -   , $ 243 , $ -   , $ -   , $ -   , $ -   , $ -   , $ -   , $ -   , $ -   , $ -   , $ -   , $ -   , $ -   , $ -   , $ -   , $ -   , $ -   , $ -   , $ -   , $ -   , $ -   , $ -   , $ 4 , $ 239 , $ -   , $ -   , $ -   , $ -   , $ -   , $ -   , $ -   , $ -   , $ -   , $ -   , $ -   , $ -   
TenX,Nam Nguyen,Pooja,Low - (< 50%),,Jan 26,,ASEAN,Less than 100,Channel Partner,78, $ 111 , $ 242 , $ 111 , $ 76 , $ 55 , $ -   , $ -   , $ -   , $ -   , $ -   , $ -   , $ -   , $ -   , $ -   , $ -   , $ -   , $ -   , $ -   , $ -   , $ -   , $ -   , $ -   , $ -   , $ -   , $ -   , $ -   , $ -   , $ -   , $ -   , $ -   , $ -   , $ -   , $ -   , $ -   , $ -   , $ -   , $ -   
Zokudo (Premium eBusiness Ventures Private Limited),Arunima Srivastava,Pramod,High - 80 to 100%,,Jan 26,,India,Less than 100,Payment Service Provider,27, $ 40 , $ 74 , $ 0 , $ -   , $ -   , $ -   , $ 0 , $ -   , $ 0 , $ -   , $ -   , $ -   , $ -   , $ 39 , $ -   , $ -   , $ -   , $ 35 , $ -   , $ -   , $ -   , $ -   , $ -   , $ -   , $ -   , $ -   , $ -   , $ -   , $ -   , $ -   , $ -   , $ -   , $ -   , $ -   , $ -   , $ -   , $ (0)
Husk Power Systems,Anshuman Gill,Pramod,Medium - (50 to 79%),,Jan 26,,India,100 to 500,Others,23, $ 235 , $ 235 , $ 235 , $ 0 , $ -   , $ -   , $ -   , $ -   , $ -   , $ -   , $ -   , $ -   , $ -   , $ -   , $ -   , $ -   , $ -   , $ -   , $ -   , $ -   , $ -   , $ -   , $ -   , $ -   , $ -   , $ -   , $ -   , $ -   , $ -   , $ -   , $ -   , $ -   , $ -   , $ -   , $ -   , $ -   , $ -   
 Achiievers Equities ,Michelle George,Pramod,High - 80 to 100%,,Jan 26,,India,100 to 500,Brokerage,18, $ 234 , $ 234 , $ 234 , $ 0 , $ -   , $ -   , $ -   , $ -   , $ 0 , $ -   , $ -   , $ -   , $ -   , $ -   , $ -   , $ -   , $ -   , $ -   , $ -   , $ -   , $ -   , $ -   , $ -   , $ -   , $ -   , $ -   , $ -   , $ -   , $ -   , $ -   , $ -   , $ -   , $ -   , $ -   , $ -   , $ -   , $ -   
Hood,Arunima Srivastava,Dushyanth,High - 80 to 100%,,Jan 26,,India,100 to 500,Others,32, $ 111 , $ 121 , $ -   , $ -   , $ -   , $ 6 , $ -   , $ -   , $ 0 , $ -   , $ -   , $ -   , $ -   , $ 115 , $ -   , $ -   , $ -   , $ -   , $ -   , $ -   , $ -   , $ -   , $ -   , $ -   , $ -   , $ -   , $ -   , $ -   , $ -   , $ -   , $ -   , $ -   , $ -   , $ -   , $ -   , $ -   , $ -   
SwapSo,Anshuman Gill,Pramod,Low - (< 50%),,Jan 26,,India,Dormant,Crypto,#DIV/0!, $ -   , $ 230 , $ -   , $ -   , $ -   , $ -   , $ 115 , $ 115 , $ -   , $ -   , $ -   , $ -   , $ -   , $ -   , $ -   , $ -   , $ -   , $ -   , $ -   , $ -   , $ -   , $ -   , $ -   , $ -   , $ -   , $ -   , $ -   , $ -   , $ -   , $ -   , $ -   , $ -   , $ -   , $ -   , $ -   , $ -   , $ -   
ADMF GAMEBITE WAR PRIVATE LIMITED,Karthik Shivakumara,Pramod,Low - (< 50%),,Jan 26,,India,Dormant,Gaming,#DIV/0!, $ -   , $ 230 , $ -   , $ -   , $ -   , $ -   , $ 115 , $ 115 , $ -   , $ -   , $ -   , $ -   , $ -   , $ -   , $ -   , $ -   , $ -   , $ -   , $ -   , $ -   , $ -   , $ -   , $ -   , $ -   , $ -   , $ -   , $ -   , $ -   , $ -   , $ -   , $ -   , $ -   , $ -   , $ -   , $ -   , $ -   , $ -   
Urban Match,Anshuman Gill,Dushyanth,High - 80 to 100%,,Jan 26,,India,100 to 500,Others,61, $ 111 , $ 228 , $ 111 , $ -   , $ (0), $ 112 , $ -   , $ -   , $ -   , $ -   , $ -   , $ -   , $ -   , $ -   , $ -   , $ -   , $ 4 , $ -   , $ -   , $ -   , $ -   , $ -   , $ -   , $ -   , $ -   , $ -   , $ -   , $ -   , $ -   , $ -   , $ -   , $ -   , $ -   , $ -   , $ -   , $ -   , $ -   
Cedar Ridge Capital Corp,Akhilesh agarwal,Dushyanth,Low - (< 50%),Payment Chaser to be sent. (Call),Older Than Apr 23,13-12-2024,US and ROW Fintech,100 to 500,Others,0, $ 218 , $ -   , $ -   , $ -   , $ -   , $ -   ,,,,,,,,,,,,,,,,,,,,,,,,,,,,,,,
MoEVing,Arunima Srivastava,Pramod,Medium - (50 to 79%),,Jan 26,,India,Churned,Others,"128,705", $ 0 , $ 205 , $ 1 , $ -   , $ 67 , $ 67 , $ 69 , $ 0 , $ 0 , $ -   , $ -   , $ -   , $ -   , $ -   , $ -   , $ -   , $ -   , $ -   , $ -   , $ -   , $ -   , $ -   , $ -   , $ -   , $ -   , $ -   , $ -   , $ -   , $ -   , $ -   , $ -   , $ -   , $ -   , $ -   , $ -   , $ -   , $ -   
SmartPay,Phi Le Huynh,Pooja,Low - (< 50%),,Jan 26,,ASEAN,Less than 100,Wallet,78, $ 70 , $ 202 , $ 70 , $ 87 , $ 14 , $ 32 , $ -   , $ 0 , $ 0 , $ -   , $ -   , $ -   , $ -   , $ -   , $ -   , $ -   , $ -   , $ -   , $ -   , $ -   , $ -   , $ -   , $ -   , $ -   , $ -   , $ -   , $ -   , $ -   , $ -   , $ -   , $ -   , $ -   , $ -   , $ -   , $ -   , $ -   , $ -   
Skydo,Naveen Shankar Choudhury,Subin,Low - (< 50%),,Jan 26,,India,100 to 500,Payment Service Provider,47, $ 136 , $ 201 , $ 136 , $ -   , $ -   , $ -   , $ -   , $ -   , $ -   , $ -   , $ -   , $ -   , $ -   , $ -   , $ -   , $ -   , $ -   , $ -   , $ 64 , $ -   , $ -   , $ -   , $ -   , $ -   , $ -   , $ -   , $ -   , $ -   , $ -   , $ -   , $ -   , $ -   , $ -   , $ -   , $ -   , $ -   , $ -   
Casperwealth,Arunima Srivastava,Pramod,Medium - (50 to 79%),,Jan 26,,India,Less than 100,AMCs,58, $ 167 , $ 200 , $ 200 , $ -   , $ 0 , $ 0 , $ -   , $ -   , $ -   , $ -   , $ -   , $ -   , $ -   , $ -   , $ -   , $ -   , $ -   , $ -   , $ -   , $ -   , $ -   , $ -   , $ -   , $ -   , $ -   , $ -   , $ -   , $ -   , $ -   , $ -   , $ -   , $ -   , $ -   , $ -   , $ -   , $ -   , $ (0)
Om Logistics,Arunima Srivastava,Dushyanth,High - 80 to 100%,,Jan 26,,India,100 to 500,Gig economy,0, $ 195 , $ 0 , $ -   , $ -   , $ -   , $ -   , $ -   , $ 0 , $ -   , $ -   , $ -   , $ -   , $ -   , $ -   , $ -   , $ -   , $ -   , $ -   , $ -   , $ -   , $ -   , $ -   , $ -   , $ -   , $ -   , $ -   , $ -   , $ -   , $ -   , $ -   , $ -   , $ -   , $ -   , $ -   , $ -   , $ -   , $ -   
Aventus Kenya,Maline K L,Subin,Low - (< 50%),,Jan 26,,Africa,Dormant,Digital lenders ,#DIV/0!, $ -   , $ 191 , $ -   , $ -   , $ -   , $ -   , $ -   , $ -   , $ -   , $ -   , $ -   , $ -   , $ 191 , $ -   , $ -   , $ -   , $ -   , $ -   , $ -   , $ -   , $ -   , $ -   , $ -   , $ -   , $ -   , $ -   , $ -   , $ -   , $ -   , $ -   , $ -   , $ -   , $ -   , $ -   , $ -   , $ -   , $ -   
 PayPay ,Linh Doan,Pooja,Low - (< 50%),,Jan 26,,ASEAN,Less than 100,Payment Service Provider,61, $ 69 , $ 189 , $ 69 , $ 116 , $ 2 , $ 1 , $ 1 , $ -   , $ -   , $ -   , $ -   , $ -   , $ -   , $ -   , $ -   , $ -   , $ -   , $ -   , $ -   , $ -   , $ -   , $ -   , $ -   , $ -   , $ -   , $ -   , $ -   , $ -   , $ -   , $ -   , $ -   , $ -   , $ -   , $ -   , $ -   , $ -   , $ -   
Bhawana finance,Maline K,Pooja,Low - (< 50%),Payment Chaser to be sent. (Call),Jan 26,13-12-2024,India,Less than 100,Others,63, $ 160 , $ 184 , $ 183 , $ 2 , $ -   , $ -   , $ -   ,,,,,,,,,,,,,,,,,,,,,,,,,,,,,,
 Floxy Labs Informtion Technology LLC ,Karthik Shivakumara,Pramod,High - 80 to 100%,,Jan 26,,India,Less than 100,Others,300, $ 20 , $ 184 , $ 20 , $ 17 , $ 26 , $ 26 , $ 24 , $ 32 , $ 39 , $ -   , $ -   , $ -   , $ -   , $ -   , $ -   , $ -   , $ -   , $ -   , $ -   , $ -   , $ -   , $ -   , $ -   , $ -   , $ -   , $ -   , $ -   , $ -   , $ -   , $ -   , $ -   , $ -   , $ -   , $ -   , $ -   , $ -   , $ -   
Grab SG,Harshit Shrivastava,Pooja,Low - (< 50%),,Jan 26,,ASEAN,100 to 500,Gig economy,29, $ 175 , $ 181 , $ 175 , $ -   , $ 0 , $ 0 , $ 5 , $ -   , $ -   , $ -   , $ -   , $ -   , $ -   , $ -   , $ -   , $ -   , $ -   , $ -   , $ 0 , $ -   , $ -   , $ -   , $ -   , $ -   , $ -   , $ -   , $ -   , $ -   , $ -   , $ -   , $ -   , $ -   , $ -   , $ -   , $ -   , $ -   , $ 0 
BlitzNow,Kritika Ramesh,Pramod,High - 80 to 100%,,Jan 26,,India,100 to 500,Others,31, $ 178 , $ 180 , $ 180 , $ -   , $ -   , $ -   , $ 0 , $ 0 , $ -   , $ -   , $ -   , $ -   , $ -   , $ -   , $ -   , $ -   , $ -   , $ -   , $ -   , $ -   , $ -   , $ -   , $ -   , $ -   , $ -   , $ -   , $ -   , $ -   , $ -   , $ -   , $ -   , $ -   , $ -   , $ -   , $ -   , $ -   , $ (0)
Unitic Exchange,Naveen Shankar Choudhury,Dushyanth,High - 80 to 100%,,Jan 26,,India,Less than 100,Crypto,60, $ 89 , $ 179 , $ 89 , $ 90 , $ 0 , $ 0 , $ -   , $ 0 , $ -   , $ -   , $ -   , $ -   , $ -   , $ -   , $ -   , $ -   , $ -   , $ -   , $ -   , $ -   , $ -   , $ -   , $ -   , $ -   , $ -   , $ -   , $ -   , $ -   , $ -   , $ -   , $ -   , $ -   , $ -   , $ -   , $ -   , $ -   , $ -   
Blockoville,Naveen Shankar Choudhury,Dushyanth,High - 80 to 100%,,Jan 26,,India,Less than 100,Crypto,60, $ 89 , $ 179 , $ 89 , $ 90 , $ -   , $ -   , $ -   , $ -   , $ -   , $ -   , $ -   , $ -   , $ -   , $ -   , $ -   , $ -   , $ -   , $ -   , $ -   , $ -   , $ -   , $ -   , $ -   , $ -   , $ -   , $ -   , $ -   , $ -   , $ -   , $ -   , $ -   , $ -   , $ -   , $ -   , $ -   , $ -   , $ (0)
Karbon Card,Kritika Ramesh,Churned,High - 80 to 100%,,Jan 26,,India,Churned,Payment Service Provider,#DIV/0!, $ -   , $ 178 , $ -   , $ -   , $ -   , $ -   , $ -   , $ -   , $ -   , $ -   , $ -   , $ -   , $ -   , $ -   , $ -   , $ 59 , $ 59 , $ 60 , $ -   , $ -   , $ -   , $ -   , $ -   , $ -   , $ -   , $ -   , $ -   , $ -   , $ -   , $ -   , $ -   , $ -   , $ -   , $ -   , $ -   , $ -   , $ -   
Zebu Share and Wealth Managements Pvt. Ltd.,Kritika Ramesh,Pramod,High - 80 to 100%,,Jan 26,,India,100 to 500,Brokerage,0, $ 169 , $ 0 , $ -   , $ 0 , $ -   , $ 0 , $ -   , $ 0 , $ 0 , $ -   , $ -   , $ 0 , $ -   , $ -   , $ -   , $ -   , $ -   , $ -   , $ -   , $ -   , $ -   , $ -   , $ -   , $ -   , $ -   , $ -   , $ -   , $ -   , $ -   , $ -   , $ -   , $ -   , $ -   , $ -   , $ -   , $ -   , $ -   
Crypto India,Arunima Srivastava,Pramod,High - 80 to 100%,,Jan 26,,India,100 to 500,Crypto,0, $ 159 , $ 0 , $ -   , $ 0 , $ -   , $ -   , $ -   , $ -   , $ 0 , $ -   , $ -   , $ -   , $ -   , $ -   , $ -   , $ -   , $ -   , $ -   , $ -   , $ -   , $ -   , $ -   , $ -   , $ -   , $ -   , $ -   , $ -   , $ -   , $ -   , $ -   , $ -   , $ -   , $ -   , $ -   , $ -   , $ -   , $ (0)
ZOHO,Kritika Ramesh,Pramod,High - 80 to 100%,,Older Than Apr 23,,India,100 to 500,Channel Partner,0, $ 167 , $ -   , $ -   , $ -   , $ -   , $ -   , $ -   , $ -   , $ -   , $ -   , $ -   , $ -   , $ -   , $ -   , $ -   , $ -   , $ -   , $ -   , $ -   , $ -   , $ -   , $ -   , $ -   , $ -   , $ -   , $ -   , $ -   , $ -   , $ -   , $ -   , $ -   , $ -   , $ -   , $ -   , $ -   , $ -   , $ -   
Rupee Flow,Kritika Ramesh,Subin,High - 80 to 100%,,Older Than Apr 23,,India,100 to 500,Digital Lenders,0, $ 165 , $ -   , $ -   , $ -   , $ -   , $ -   , $ -   , $ -   , $ -   , $ -   , $ -   , $ -   , $ -   , $ -   , $ -   , $ -   , $ -   , $ -   , $ -   , $ -   , $ -   , $ -   , $ -   , $ -   , $ -   , $ -   , $ -   , $ -   , $ -   , $ -   , $ -   , $ -   , $ -   , $ -   , $ -   , $ -   , $ -   
Ecstasy Nigeria.,Lawrence Osayemi,Subin,Low - (< 50%),,Jan 26,,Africa,Less than 100,Others,177, $ 32 , $ 151 , $ 32 , $ 19 , $ 20 , $ 27 , $ 34 , $ 20 , $ -   , $ -   , $ -   , $ -   , $ -   , $ -   , $ -   , $ -   , $ -   , $ -   , $ -   , $ -   , $ -   , $ -   , $ -   , $ -   , $ -   , $ -   , $ -   , $ -   , $ -   , $ -   , $ -   , $ -   , $ -   , $ -   , $ -   , $ -   , $ -   
 LIP Indonesia ,Churned,Pooja,Low - (< 50%),,Jan 26,,ASEAN,Less than 100,Digital Lenders,"74,960", $ 0 , $ 150 , $ 0 , $ -   , $ 0 , $ 0 , $ 2 , $ 96 , $ 52 , $ -   , $ -   , $ -   , $ -   , $ -   , $ -   , $ -   , $ -   , $ -   , $ -   , $ -   , $ -   , $ -   , $ -   , $ -   , $ -   , $ -   , $ -   , $ -   , $ -   , $ -   , $ -   , $ -   , $ -   , $ -   , $ -   , $ -   , $ -   
Indiagold,Arunima Srivastava,Dushyanth,High - 80 to 100%,,Older Than Apr 23,,India,100 to 500,Lending Marketplace,(0), $ 145 , $ (0), $ -   , $ -   , $ -   , $ -   , $ -   , $ -   , $ -   , $ -   , $ -   , $ -   , $ -   , $ -   , $ -   , $ -   , $ -   , $ -   , $ -   , $ -   , $ -   , $ -   , $ -   , $ -   , $ -   , $ -   , $ -   , $ -   , $ -   , $ -   , $ -   , $ -   , $ -   , $ -   , $ -   , $ -   , $ (0)
LiveTrade,Nam Nguyen,Pooja,Low - (< 50%),"Recon + List of O/s Invoices. Loop in KT, SM, VM, SK",Jan 26,,ASEAN,Less than 100,Crypto,"11,766", $ -   , $ 145 , $ -   , $ 0 , $ 0 , $ 0 , $ 0 , $ 0 , $ 3 , $ 1 , $ 3 , $ 2 , $ 2 , $ 2 , $ 8 , $ 16 , $ 45 , $ 14 , $ 18 , $ 13 , $ -   , $ 3 , $ 5 , $ 9 , $ -   , $ -   , $ -   , $ -   , $ -   , $ -   , $ -   , $ -   , $ -   , $ -   , $ -   , $ -   , $ -   
PayTM Lending,Gopinath Yerra,Pramod,High - 80 to 100%,,Jan 26,,India,Less than 100,Others,#DIV/0!, $ -   , $ 137 , $ -   , $ -   , $ 0 , $ 0 , $ 0 , $ 0 , $ -   , $ -   , $ -   , $ 6 , $ 10 , $ 5 , $ 7 , $ 7 , $ 40 , $ 62 , $ -   , $ -   , $ -   , $ -   , $ -   , $ -   , $ -   , $ -   , $ -   , $ -   , $ -   , $ -   , $ -   , $ -   , $ -   , $ -   , $ -   , $ -   , $ -   
Ayu Health,Kritika Ramesh,Pramod,High - 80 to 100%,,Jan 26,,India,100 to 500,Others,27, $ 133 , $ 133 , $ 133 , $ -   , $ -   , $ -   , $ -   , $ -   , $ -   , $ -   , $ -   , $ 0 , $ -   , $ -   , $ -   , $ -   , $ -   , $ -   , $ -   , $ -   , $ -   , $ -   , $ -   , $ -   , $ -   , $ -   , $ -   , $ -   , $ -   , $ -   , $ -   , $ -   , $ -   , $ -   , $ -   , $ -   , $ -   
Flipkart,Kritika Ramesh,Pramod,High - 80 to 100%,,Jan 26,,India,Less than 100,Gig economy,54, $ 120 , $ 120 , $ 120 , $ -   , $ -   , $ -   , $ 0 , $ -   , $ 0 , $ -   , $ -   , $ -   , $ -   , $ -   , $ -   , $ -   , $ -   , $ -   , $ -   , $ -   , $ -   , $ -   , $ -   , $ -   , $ -   , $ -   , $ -   , $ -   , $ -   , $ -   , $ -   , $ -   , $ -   , $ -   , $ -   , $ -   , $ -   
360 One,Anshuman Gill,Pramod,High - 80 to 100%,,Jan 26,,India,100 to 500,AMCs,39, $ 99 , $ 130 , $ 111 , $ -   , $ -   , $ (0), $ -   , $ -   , $ -   , $ -   , $ -   , $ -   , $ -   , $ -   , $ 19 , $ -   , $ -   , $ -   , $ -   , $ -   , $ -   , $ -   , $ -   , $ -   , $ -   , $ -   , $ -   , $ -   , $ -   , $ -   , $ -   , $ -   , $ -   , $ -   , $ -   , $ -   , $ -   
Dispatch Network,Veer Ramesh Chembath,Pramod,Medium - (50 to 79%),Reminder to follow up,Jan 26,,India,Less than 100,Others,"1,084", $ 1 , $ 130 , $ 1 , $ 6 , $ 23 , $ 100 , $ -   , $ -   , $ -   , $ -   , $ -   , $ -   , $ -   , $ -   , $ -   , $ -   , $ -   , $ -   , $ -   , $ -   , $ -   , $ -   , $ -   , $ -   , $ -   , $ -   , $ -   , $ -   , $ -   , $ -   , $ -   , $ -   , $ -   , $ -   , $ -   , $ -   , $ -   
NowNow,Aditya Rao,Chaitanya,Low - (< 50%),Suspension notice shared. Need to follow up with a legal notice,Jan 26,,Africa,Churned,Others,#DIV/0!, $ (0), $ 126 , $ 126 , $ -   , $ -   , $ -   , $ -   , $ -   , $ -   , $ -   , $ -   , $ -   , $ -   , $ -   , $ -   , $ -   , $ -   , $ -   , $ -   , $ -   , $ -   , $ -   , $ -   , $ -   , $ -   , $ -   , $ -   , $ -   , $ -   , $ -   , $ -   , $ -   , $ -   , $ -   , $ -   , $ -   , $ -   
kotak_811,,Pooja,Low - (< 50%),Payment Chaser to be sent. (Call),Jan 26,13-12-2024,India,100 to 500,Others,30, $ 124 , $ 124 , $ 124 , $ -   , $ -   ,,,,,,,,,,,,,,,,,,,,,,,,,,,,,,,,
 KSF-BharatPe ,Akanksha Pandaw,Chaitanya,Low - (< 50%),,Jan 26,,India,Less than 100,others,123, $ 30 , $ 116 , $ 30 , $ 27 , $ 1 , $ -   , $ 59 , $ -   , $ -   , $ -   , $ -   , $ -   , $ -   , $ -   , $ -   , $ -   , $ -   , $ -   , $ -   , $ -   , $ -   , $ -   , $ -   , $ -   , $ -   , $ -   , $ -   , $ -   , $ -   , $ -   , $ -   , $ -   , $ -   , $ -   , $ -   , $ -   , $ -   
Destination Drives,Karthik Shivakumara,Pramod,High - 80 to 100%,,Jan 26,,India,Dormant,Bike/Car rental,#DIV/0!, $ -   , $ 115 , $ -   , $ -   , $ -   , $ -   , $ -   , $ 115 , $ -   , $ -   , $ -   , $ -   , $ -   , $ -   , $ -   , $ -   , $ -   , $ -   , $ -   , $ -   , $ -   , $ -   , $ -   , $ -   , $ -   , $ -   , $ -   , $ -   , $ -   , $ -   , $ -   , $ -   , $ -   , $ -   , $ -   , $ -   , $ -   
Zinc,Anshuman Gill,Pramod,High - 80 to 100%,,Jan 26,,India,Churned,Others,#DIV/0!, $ -   , $ 112 , $ -   , $ -   , $ 112 , $ -   , $ -   , $ -   , $ -   , $ -   , $ -   , $ -   , $ -   , $ -   , $ -   , $ -   , $ -   , $ -   , $ -   , $ -   , $ -   , $ -   , $ -   , $ -   , $ -   , $ -   , $ -   , $ -   , $ -   , $ -   , $ -   , $ -   , $ -   , $ -   , $ -   , $ -   , $ -   
Sameeksha Capital,Anshuman Gill,Dushyanth,High - 80 to 100%,,Jan 26,,India,100 to 500,Others,30, $ 111 , $ 111 , $ 111 , $ 0 , $ -   , $ 0 , $ (0), $ -   , $ -   , $ -   , $ -   , $ -   , $ -   , $ -   , $ -   , $ -   , $ -   , $ -   , $ -   , $ -   , $ -   , $ -   , $ -   , $ -   , $ -   , $ -   , $ -   , $ -   , $ -   , $ -   , $ -   , $ -   , $ -   , $ -   , $ -   , $ -   , $ -   
Inocyx NFT,Naveen Shankar Choudhury,Subin,High - 80 to 100%,,Jan 26,,India,100 to 500,Channel Partner,0, $ 100 , $ 0 , $ -   , $ -   , $ -   , $ -   , $ -   , $ 0 , $ -   , $ -   , $ -   , $ -   , $ -   , $ -   , $ -   , $ -   , $ -   , $ -   , $ -   , $ -   , $ -   , $ -   , $ -   , $ -   , $ -   , $ -   , $ -   , $ -   , $ -   , $ -   , $ -   , $ -   , $ -   , $ -   , $ -   , $ -   , $ -   
ECanna Coin,Naveen Shankar Choudhury,Pramod,Low - (< 50%),,Jan 26,,India,100 to 500,Crypto,30, $ 111 , $ 111 , $ 111 , $ -   , $ 0 , $ 0 , $ -   , $ -   , $ -   , $ -   , $ -   , $ -   , $ -   , $ -   , $ -   , $ -   , $ -   , $ -   , $ -   , $ -   , $ -   , $ -   , $ -   , $ -   , $ -   , $ -   , $ -   , $ -   , $ -   , $ -   , $ -   , $ -   , $ -   , $ -   , $ -   , $ -   , $ (0)
TradeCredit,Karthik Shivakumara,Pramod,High - 80 to 100%,,Sep 25,,India,100 to 500,Others,0, $ 111 , $ -   , $ -   , $ -   , $ (0), $ 0 , $ -   , $ -   , $ -   , $ -   , $ -   , $ -   , $ -   , $ -   , $ -   , $ -   , $ -   , $ -   , $ -   , $ -   , $ -   , $ -   , $ -   , $ -   , $ -   , $ -   , $ -   , $ -   , $ -   , $ -   , $ -   , $ -   , $ -   , $ -   , $ -   , $ -   , $ -   
J&K Grameen Bank,Arunima Srivastava,Pramod,High - 80 to 100%,Reissue invoices. ,Jan 26,,India,100 to 500,Others,30, $ 111 , $ 111 , $ 111 , $ -   , $ -   , $ -   , $ -   , $ -   , $ -   , $ -   , $ -   , $ -   , $ -   , $ -   , $ -   , $ -   , $ -   , $ -   , $ -   , $ -   , $ -   , $ -   , $ -   , $ -   , $ -   , $ -   , $ -   , $ -   , $ -   , $ -   , $ -   , $ -   , $ -   , $ -   , $ -   , $ -   , $ -   
belong,Manish Jan,Subin,Low - (< 50%),Payment Chaser to be sent. (Call),Jan 26,13-12-2024,India,100 to 500,Others,30, $ 111 , $ 111 , $ 111 , $ -   , $ -   , $ -   , $ -   ,,,,,,,,,,,,,,,,,,,,,,,,,,,,,,
Ippo Pay,Kritika Ramesh,Dushyanth,High - 80 to 100%,Krishna is taking care of it,Older Than Apr 23,,India,100 to 500,Payment Service Provider,0, $ 111 , $ -   , $ -   , $ -   , $ -   , $ -   , $ -   , $ -   , $ -   , $ -   , $ -   , $ -   , $ -   , $ -   , $ -   , $ -   , $ -   , $ -   , $ -   , $ -   , $ -   , $ -   , $ -   , $ -   , $ -   , $ -   , $ -   , $ -   , $ -   , $ -   , $ -   , $ -   , $ -   , $ -   , $ -   , $ -   , $ -   
Doshaheen Solutions,Anshuman Gill,Pramod,High - 80 to 100%,"Loop in KT, SM, VM, SK",Older Than Apr 23,,India,100 to 500,Others,(0), $ 111 , $ (0), $ -   , $ -   , $ -   , $ -   , $ (0), $ -   , $ -   , $ -   , $ -   , $ -   , $ -   , $ -   , $ -   , $ -   , $ -   , $ -   , $ -   , $ -   , $ -   , $ -   , $ -   , $ -   , $ -   , $ -   , $ -   , $ -   , $ -   , $ -   , $ -   , $ -   , $ -   , $ -   , $ -   , $ -   , $ (0)
Niyogin,Anshuman Gill,Chaitanya,Low - (< 50%),,Jan 26,,India,Less than 100,Digital Lenders,281, $ 9 , $ 111 , $ 10 , $ 17 , $ 21 , $ 22 , $ 42 , $ -   , $ -   , $ -   , $ -   , $ -   , $ -   , $ -   , $ -   , $ -   , $ -   , $ -   , $ -   , $ -   , $ -   , $ -   , $ -   , $ -   , $ -   , $ -   , $ -   , $ -   , $ -   , $ -   , $ -   , $ -   , $ -   , $ -   , $ -   , $ -   , $ -   
Juleo,Sriya,Chaitanya,Low - (< 50%),Master file to be updated & Chasers needs to be sent,Sep 25,13-12-2024,India,Churned,Others,(0), $ 111 , $ (0), $ -   , $ -   , $ -   , $ 0 , $ -   , $ -   , $ 0 , $ -   , $ -   , $ -   , $ -   , $ -   , $ -   , $ -   , $ -   , $ -   , $ -   , $ -   , $ -   , $ -   , $ -   , $ -   , $ -   , $ -   , $ -   , $ -   , $ -   , $ -   , $ -   , $ -   , $ -   , $ -   , $ -   , $ -   , $ (0)
IndusInd Insurance,Michelle George,Chaitanya,Low - (< 50%),Reminder to follow up,Jan 26,,India,Less than 100,Insurance,122, $ 27 , $ 109 , $ 31 , $ 32 , $ 43 , $ 3 , $ -   , $ -   , $ -   , $ -   , $ -   , $ -   , $ -   , $ -   , $ -   , $ -   , $ -   , $ -   , $ -   , $ -   , $ -   , $ -   , $ -   , $ -   , $ -   , $ -   , $ -   , $ -   , $ -   , $ -   , $ -   , $ -   , $ -   , $ -   , $ -   , $ -   , $ -   
Coinsbit,Naveen Shankar Choudhury,Pramod,High - 80 to 100%,Update the Master File. ,Jan 26,13-Dec-24,India,Less than 100,Crypto,256, $ 14 , $ 96 , $ 18 , $ 11 , $ 20 , $ 27 , $ 20 , $ -   , $ -   , $ -   , $ -   , $ -   , $ -   , $ -   , $ -   , $ -   , $ -   , $ -   , $ -   , $ -   , $ -   , $ -   , $ -   , $ -   , $ -   , $ -   , $ -   , $ -   , $ -   , $ -   , $ -   , $ -   , $ -   , $ -   , $ -   , $ -   , $ -   
Addosser,Lawrence Osayemi,Chaitanya,#N/A,,Jan 26,,Africa,Less than 100,Others,60, $ 23 , $ 95 , $ 23 , $ 71 , $ -   , $ -   , $ -   , $ -   , $ -   , $ -   , $ -   , $ -   , $ -   , $ -   , $ -   , $ -   , $ -   , $ -   , $ -   , $ -   , $ -   , $ -   , $ -   , $ -   , $ -   , $ -   , $ -   , $ -   , $ -   , $ -   , $ -   , $ -   , $ -   , $ -   , $ -   , $ -   , $ -   
 BattleBucks ,Karthik Shivakumara,Pramod,High - 80 to 100%,,Older Than Apr 23,,India,Less than 100,Gaming,0, $ 94 , $ -   , $ -   , $ -   , $ -   , $ -   , $ -   , $ -   , $ -   , $ -   , $ -   , $ -   , $ -   , $ -   , $ -   , $ -   , $ -   , $ -   , $ -   , $ -   , $ -   , $ -   , $ -   , $ -   , $ -   , $ -   , $ -   , $ -   , $ -   , $ -   , $ -   , $ -   , $ -   , $ -   , $ -   , $ -   , $ -   
Moneycat,Maline K L,Pramod,Medium - (50 to 79%),Pramod to send chasers and get on a discussion with client,Jan 26,,India,Dormant,Digital Lenders,#DIV/0!, $ -   , $ 94 , $ -   , $ -   , $ -   , $ -   , $ -   , $ -   , $ -   , $ 94 , $ -   , $ -   , $ -   , $ -   , $ -   , $ -   , $ -   , $ -   , $ -   , $ -   , $ -   , $ -   , $ -   , $ -   , $ -   , $ -   , $ -   , $ -   , $ -   , $ -   , $ -   , $ -   , $ -   , $ -   , $ -   , $ -   , $ -   
Bringgg,Kritika Ramesh,Pramod,High - 80 to 100%,,Jan 26,,India,Less than 100,Gig economy,30, $ 89 , $ 89 , $ 89 , $ -   , $ 0 , $ -   , $ -   , $ -   , $ -   , $ -   , $ -   , $ -   , $ -   , $ -   , $ -   , $ -   , $ -   , $ -   , $ -   , $ -   , $ -   , $ -   , $ -   , $ -   , $ -   , $ -   , $ -   , $ -   , $ -   , $ -   , $ -   , $ -   , $ -   , $ -   , $ -   , $ -   , $ -   
Blive,Kritika Ramesh,Pramod,Medium - (50 to 79%),,Older Than Apr 23,,India,Less than 100,Others,0, $ 89 , $ -   , $ -   , $ -   , $ -   , $ -   , $ -   , $ -   , $ -   , $ -   , $ -   , $ -   , $ -   , $ -   , $ -   , $ -   , $ -   , $ -   , $ -   , $ -   , $ -   , $ -   , $ -   , $ -   , $ -   , $ -   , $ -   , $ -   , $ -   , $ -   , $ -   , $ -   , $ -   , $ -   , $ -   , $ -   , $ -   
Alt Mobility,Anshuman Gill,Pramod,High - 80 to 100%,,Older Than Apr 23,,India,Less than 100,Bike/Car Rental,0, $ 89 , $ -   , $ -   , $ -   , $ -   , $ -   , $ -   , $ -   , $ -   , $ -   , $ -   , $ -   , $ -   , $ -   , $ -   , $ -   , $ -   , $ -   , $ -   , $ -   , $ -   , $ -   , $ -   , $ -   , $ -   , $ -   , $ -   , $ -   , $ -   , $ -   , $ -   , $ -   , $ -   , $ -   , $ -   , $ -   , $ -   
LABOURHOME,Arunima Srivastava,Dushyanth,High - 80 to 100%,,Jan 26,,India,Less than 100,Gig economy,30, $ 89 , $ 89 , $ 89 , $ -   , $ 0 , $ 0 , $ -   , $ -   , $ -   , $ -   , $ -   , $ -   , $ -   , $ -   , $ -   , $ -   , $ -   , $ -   , $ -   , $ -   , $ -   , $ -   , $ -   , $ -   , $ -   , $ -   , $ -   , $ -   , $ -   , $ -   , $ -   , $ -   , $ -   , $ -   , $ -   , $ -   , $ (0)
Scapia Cards,Naveen Shankar Choudhury,Dushyanth,High - 80 to 100%,,Jan 26,,India,Less than 100,Payment Service Provider,37, $ 80 , $ 87 , $ 80 , $ -   , $ -   , $ -   , $ -   , $ -   , $ -   , $ -   , $ -   , $ -   , $ -   , $ -   , $ -   , $ -   , $ 7 , $ 1 , $ -   , $ -   , $ -   , $ -   , $ -   , $ -   , $ -   , $ -   , $ -   , $ -   , $ -   , $ -   , $ -   , $ -   , $ -   , $ -   , $ -   , $ -   , $ -   
Rario,Anshuman Gill,Pramod,Medium - (50 to 79%),,Jan 26,,India,Less than 100,Gaming,"2,127", $ 1 , $ 79 , $ 1 , $ -   , $ 66 , $ 6 , $ 5 , $ -   , $ -   , $ -   , $ -   , $ -   , $ -   , $ -   , $ -   , $ -   , $ -   , $ -   , $ -   , $ -   , $ -   , $ -   , $ -   , $ -   , $ -   , $ -   , $ -   , $ -   , $ -   , $ -   , $ -   , $ -   , $ -   , $ -   , $ -   , $ -   , $ -   
Manashree Insurance,Sales,Pramod,Low - (< 50%),,Jan 26,,India,Less than 100,Insurance,30, $ 78 , $ 78 , $ 78 , $ -   , $ -   , $ -   , $ -   , $ -   , $ -   , $ -   , $ -   , $ -   , $ -   , $ -   , $ -   , $ -   , $ -   , $ -   , $ -   , $ -   , $ -   , $ -   , $ -   , $ -   , $ -   , $ -   , $ -   , $ -   , $ -   , $ -   , $ -   , $ -   , $ -   , $ -   , $ -   , $ -   , $ -   
Gameskraft Securities,Naveen Shankar Choudhury,Pooja,Low - (< 50%),,Jan 26,,India,Less than 100,Brokerage,106, $ 25 , $ 74 , $ 25 , $ 19 , $ 11 , $ 6 , $ (17), $ 11 , $ 12 , $ 6 , $ -   , $ -   , $ -   , $ -   , $ -   , $ -   , $ -   , $ -   , $ -   , $ -   , $ -   , $ -   , $ -   , $ -   , $ -   , $ -   , $ -   , $ -   , $ -   , $ -   , $ -   , $ -   , $ -   , $ -   , $ -   , $ -   , $ -   
Bluno,Naveen Shankar Choudhury,Dushyanth,High - 80 to 100%,,Jan 26,,India,Less than 100,Crypto,36, $ 56 , $ 67 , $ 56 , $ -   , $ -   , $ -   , $ 11 , $ -   , $ 0 , $ -   , $ -   , $ -   , $ -   , $ -   , $ -   , $ -   , $ -   , $ -   , $ -   , $ -   , $ -   , $ -   , $ -   , $ -   , $ -   , $ -   , $ -   , $ -   , $ -   , $ -   , $ -   , $ -   , $ -   , $ -   , $ -   , $ -   , $ -   
KoinPark NB,Sebastian Richard Martin,Pramod,High - 80 to 100%,,Older Than Apr 23,,India,Less than 100,Crypto,(0), $ 67 , $ (0), $ -   , $ -   , $ -   , $ -   , $ (0), $ -   , $ -   , $ -   , $ -   , $ -   , $ -   , $ -   , $ -   , $ -   , $ -   , $ -   , $ -   , $ -   , $ -   , $ -   , $ -   , $ -   , $ -   , $ -   , $ -   , $ -   , $ -   , $ -   , $ -   , $ -   , $ -   , $ -   , $ -   , $ -   , $ -   
KSF-PaySense,Akanksha Pandaw,Pooja,Low - (< 50%),,Jan 26,,India,Less than 100,NBFC,#DIV/0!, $ -   , $ 63 , $ -   , $ -   , $ 2 , $ 27 , $ 33 , $ -   , $ -   , $ -   , $ -   , $ -   , $ -   , $ -   , $ -   , $ -   , $ -   , $ -   , $ -   , $ -   , $ -   , $ -   , $ -   , $ -   , $ -   , $ -   , $ -   , $ -   , $ -   , $ -   , $ -   , $ -   , $ -   , $ -   , $ -   , $ -   , $ -   
Plebgraph,Aishwarya Paraskar,Subin,Low - (< 50%),,Jan 26,,India,Dormant,Others,#DIV/0!, $ -   , $ 60 , $ -   , $ -   , $ -  .000 , $ -  .000 , $ -  .000 , $ -   , $ -   , $ -   , $ -   , $ 0 , $ 6 , $ 7 , $ 19 , $ 16 , $ 12 , $ -   , $ -   , $ -   , $ -   , $ -   , $ -   , $ -   , $ -   , $ -   , $ -   , $ -   , $ -   , $ -   , $ -   , $ -   , $ -   , $ -   , $ -   , $ -   , $ -   
ACP LLP,Kritika Ramesh,Pramod,Low - (< 50%),,Jan 26,,India,Churned,Others,#DIV/0!, $ -   , $ 59 , $ -   , $ -   , $ -   , $ -   , $ -   , $ -   , $ -   , $ -   , $ -   , $ 59 , $ -   , $ -   , $ -   , $ -   , $ -   , $ -   , $ -   , $ -   , $ -   , $ -   , $ -   , $ -   , $ -   , $ -   , $ -   , $ -   , $ -   , $ -   , $ -   , $ -   , $ -   , $ -   , $ -   , $ -   , $ -   
PlatinX,Arunima Srivastava,Pramod,Medium - (50 to 79%),,Jan 26,,India,Less than 100,Crypto,"1,200", $ 3 , $ 57 , $ 3 , $ 0 , $ 1 , $ 3 , $ 21 , $ 17 , $ 9 , $ -   , $ 3 , $ -   , $ -   , $ -   , $ -   , $ -   , $ -   , $ -   , $ -   , $ -   , $ -   , $ -   , $ -   , $ -   , $ -   , $ -   , $ -   , $ -   , $ -   , $ -   , $ -   , $ -   , $ -   , $ -   , $ -   , $ -   , $ -   
 Invsify ,Anshuman Gill,Dushyanth,High - 80 to 100%,,Jan 26,,India,Less than 100,Wealth Management,250, $ 4 , $ 50 , $ 6 , $ 15 , $ 13 , $ 9 , $ 8 , $ -   , $ -   , $ -   , $ -   , $ -   , $ -   , $ -   , $ -   , $ -   , $ -   , $ -   , $ -   , $ -   , $ -   , $ -   , $ -   , $ -   , $ -   , $ -   , $ -   , $ -   , $ -   , $ -   , $ -   , $ -   , $ -   , $ -   , $ -   , $ -   , $ -   
Federal bank,Veeramesh,Pramod,Low - (< 50%),Payment Chaser to be sent. (Call),Jan 26,13-12-2024,India,Less than 100,Others,60, $ 25 , $ 47 , $ 25 , $ 22 , $ -   , $ -   , $ -   ,,,,,,,,,,,,,,,,,,,,,,,,,,,,,,
Finofin Investment Advisory,Gokul M,Pramod,Low - (< 50%),Reminder to follow up,Jan 26,,India,Less than 100,Others,71, $ 26 , $ 46 , $ 26 , $ 13 , $ 7 , $ -   , $ -   ,,,,,,,,,,,,,,,,,,,,,,,,,,,,,,
HDFC Aidwell,Sales,Subin,Low - (< 50%),,Jan 26,,India,Dormant,Others,#DIV/0!, $ -   , $ 46 , $ -   , $ -   , $ -   , $ -   , $ -   , $ -   , $ -   , $ -   , $ 3 , $ 4 , $ 4 , $ 4 , $ 3 , $ 3 , $ 3 , $ 3 , $ 3 , $ 5 , $ 5 , $ 3 , $ 3 , $ -   , $ -   , $ -   , $ -   , $ -   , $ -   , $ -   , $ -   , $ -   , $ -   , $ -   , $ -   , $ -   , $ -   
Touro Bikes,Kritika Ramesh,Pramod,Medium - (50 to 79%),,Jan 26,,India,Less than 100,Bike/Car Rental,546, $ 3 , $ 46 , $ 3 , $ 3 , $ 2 , $ 1 , $ 4 , $ 5 , $ 7 , $ 6 , $ 15 , $ 0 , $ -   , $ -   , $ -   , $ -   , $ -   , $ -   , $ -   , $ -   , $ -   , $ -   , $ -   , $ -   , $ -   , $ -   , $ -   , $ -   , $ -   , $ -   , $ -   , $ -   , $ -   , $ -   , $ -   , $ -   , $ -   
Truzo,Aditya Rao,Chaitanya,Low - (< 50%),Krishna is taking care of it,Jan 26,,Africa,Less than 100,Others,178, $ 7 , $ 45 , $ 7 , $ 8 , $ 9 , $ 5 , $ 4 , $ 7 , $ 4 , $ -   , $ -   , $ 0 , $ -   , $ -   , $ -   , $ -   , $ -   , $ -   , $ -   , $ -   , $ -   , $ -   , $ -   , $ -   , $ -   , $ -   , $ -   , $ -   , $ -   , $ -   , $ -   , $ -   , $ -   , $ -   , $ -   , $ -   , $ -   
SayF,Kritika Ramesh,Pramod,Medium - (50 to 79%),,Jan 26,,India,Dormant,Others,#DIV/0!, $ -   , $ 45 , $ -   , $ -   , $ -   , $ -   , $ -   , $ -   , $ 18 , $ -   , $ -   , $ -   , $ -   , $ -   , $ 1 , $ 1 , $ 4 , $ 2 , $ 5 , $ 5 , $ 8 , $ -   , $ -   , $ -   , $ -   , $ -   , $ -   , $ -   , $ -   , $ -   , $ -   , $ -   , $ -   , $ -   , $ -   , $ -   , $ -   
MoneyHop,Kritika Ramesh,Pramod,Medium - (50 to 79%),,Jan 26,,India,Less than 100,Others,47, $ 31 , $ 45 , $ 45 , $ -   , $ -   , $ -   , $ -   , $ -   , $ -   , $ -   , $ -   , $ -   , $ -   , $ -   , $ -   , $ -   , $ -   , $ -   , $ -   , $ -   , $ -   , $ -   , $ -   , $ -   , $ -   , $ -   , $ -   , $ -   , $ -   , $ -   , $ -   , $ -   , $ -   , $ -   , $ -   , $ -   , $ -   
GoApptiv,Anshuman Gill,Dushyanth,High - 80 to 100%,,Older Than Apr 23,,India,Less than 100,Others,(0), $ 41 , $ (0), $ -   , $ -   , $ -   , $ -   , $ -   , $ -   , $ -   , $ -   , $ -   , $ -   , $ -   , $ -   , $ -   , $ -   , $ -   , $ -   , $ -   , $ -   , $ -   , $ -   , $ -   , $ -   , $ -   , $ -   , $ -   , $ -   , $ -   , $ -   , $ -   , $ -   , $ -   , $ -   , $ -   , $ -   , $ (0)
Paytm First Games,Arunima Srivastava,Chaitanya,Low - (< 50%),,Jan 26,,India,Less than 100,Others,100, $ 9 , $ 40 , $ 9 , $ 15 , $ 7 , $ 9 , $ -   , $ -   , $ -   , $ -   , $ -   , $ -   , $ -   , $ -   , $ -   , $ -   , $ -   , $ -   , $ -   , $ -   , $ -   , $ -   , $ -   , $ -   , $ -   , $ -   , $ -   , $ -   , $ -   , $ -   , $ -   , $ -   , $ -   , $ -   , $ -   , $ -   , $ -   
Tata Communications,Anshuman Gill,Chaitanya,Low - (< 50%),,Jan 26,,India,Less than 100,Channel Partner,66, $ 27 , $ 39 , $ 27 , $ -   , $ -   , $ 0 , $ -   , $ -   , $ 9 , $ 4 , $ -   , $ -   , $ -   , $ -   , $ -   , $ -   , $ -   , $ -   , $ -   , $ -   , $ -   , $ -   , $ -   , $ -   , $ -   , $ -   , $ -   , $ -   , $ -   , $ -   , $ -   , $ -   , $ -   , $ -   , $ -   , $ -   , $ -   
Togopool,Arunima Srivastava,Dushyanth,High - 80 to 100%,,Jan 26,,India,Less than 100,Gig economy,0, $ 37 , $ 0 , $ -   , $ -   , $ 0 , $ -   , $ 0 , $ -   , $ -   , $ -   , $ -   , $ -   , $ -   , $ -   , $ -   , $ -   , $ -   , $ -   , $ -   , $ -   , $ -   , $ -   , $ -   , $ -   , $ -   , $ -   , $ -   , $ -   , $ -   , $ -   , $ -   , $ -   , $ -   , $ -   , $ -   , $ -   , $ -   
Sachiko Gaming,Sales,Pramod,Low - (< 50%),,Jan 26,,India,Less than 100,Gaming,145, $ 8 , $ 36 , $ 10 , $ 9 , $ 9 , $ 8 , $ -   , $ -   , $ -   , $ -   , $ -   , $ -   , $ -   , $ -   , $ -   , $ -   , $ -   , $ -   , $ -   , $ -   , $ -   , $ -   , $ -   , $ -   , $ -   , $ -   , $ -   , $ -   , $ -   , $ -   , $ -   , $ -   , $ -   , $ -   , $ -   , $ -   , $ -   
FaceTech MY,Harshit Shrivastava,Pooja,Low - (< 50%),Reminder to follow up,Jan 26,,ASEAN,Less than 100,Others,252, $ 5 , $ 35 , $ 5 , $ 3 , $ 9 , $ 18 , $ -   , $ -   , $ -   , $ -   , $ -   , $ -   , $ -   , $ -   , $ -   , $ -   , $ -   , $ -   , $ -   , $ -   , $ -   , $ -   , $ -   , $ -   , $ -   , $ -   , $ -   , $ -   , $ -   , $ -   , $ -   , $ -   , $ -   , $ -   , $ -   , $ -   , $ -   
 Vahan ,V Kartik,Pramod,High - 80 to 100%,,Nov 25,,India,Less than 100,Others,(0), $ 34 , $ (0), $ -   , $ 0 , $ -   , $ -   , $ (0), $ -   , $ -   , $ -   , $ -   , $ -   , $ -   , $ -   , $ -   , $ -   , $ -   , $ -   , $ -   , $ -   , $ -   , $ -   , $ -   , $ -   , $ -   , $ -   , $ -   , $ -   , $ -   , $ -   , $ -   , $ -   , $ -   , $ -   , $ -   , $ -   , $ -   
Unimoni India,Michelle George,Chaitanya,Low - (< 50%),Reminder to follow up,Jan 26,,India,Less than 100,Others,61, $ 27 , $ 33 , $ 27 , $ 5 , $ 1 , $ -   , $ -   ,,,,,,,,,,,,,,,,,,,,,,,,,,,,,,
Nira Finance,Naveen Shankar Choudhury,Dushyanth,High - 80 to 100%,Recon & List of O/s Invoices should be shared by EOW,Older Than Apr 23,,India,100 to 500,Others,(0), $ 32 , $ (0), $ -   , $ -   , $ -   , $ -   , $ (0), $ -   , $ -   , $ -   , $ -   , $ -   , $ -   , $ -   , $ -   , $ -   , $ -   , $ -   , $ -   , $ -   , $ -   , $ -   , $ -   , $ -   , $ -   , $ -   , $ -   , $ -   , $ -   , $ -   , $ -   , $ -   , $ -   , $ -   , $ -   , $ -   , $ -   
smallcase,Kritika Ramesh,Dushyanth,High - 80 to 100%,,Jan 26,,India,Less than 100,Brokerage,30, $ 31 , $ 31 , $ 31 , $ -   , $ -   , $ -   , $ -   , $ -   , $ -   , $ -   , $ -   , $ -   , $ -   , $ -   , $ -   , $ -   , $ -   , $ -   , $ -   , $ -   , $ -   , $ -   , $ -   , $ -   , $ -   , $ -   , $ -   , $ -   , $ -   , $ -   , $ -   , $ -   , $ -   , $ -   , $ -   , $ -   , $ -   
Astral,Naveen Shankar Choudhury,Pramod,Medium - (50 to 79%),IBR Update,Jan 26,,India,Less than 100,Others,27, $ 27 , $ 27 , $ 27 , $ -   , $ -   , $ -   , $ -   , $ -   , $ 0 , $ -   , $ -   , $ -   , $ -   , $ -   , $ -   , $ -   , $ -   , $ -   , $ -   , $ -   , $ -   , $ -   , $ -   , $ -   , $ -   , $ -   , $ -   , $ -   , $ -   , $ -   , $ -   , $ -   , $ -   , $ -   , $ -   , $ -   , $ -   
Kvix,Arunima Srivastava,Pramod,Medium - (50 to 79%),"Recon + List of O/s Invoices. Loop in KT, SM, VM, SK",Jan 26,,India,Less than 100,Others,54, $ 16 , $ 24 , $ 24 , $ -   , $ 0 , $ -   , $ -   , $ -   , $ -   , $ -   , $ -   , $ -   , $ -   , $ -   , $ -   , $ -   , $ -   , $ -   , $ -   , $ -   , $ -   , $ -   , $ -   , $ -   , $ -   , $ -   , $ -   , $ -   , $ -   , $ -   , $ -   , $ -   , $ -   , $ -   , $ -   , $ -   , $ (0)
Hdfc amc partner,Manoj K,Chaitanya,Low - (< 50%),Payment Chaser to be sent. (Call),Jan 26,13-12-2024,India,Less than 100,Others,62, $ 13 , $ 22 , $ 14 , $ 8 , $ -   , $ -   , $ -   ,,,,,,,,,,,,,,,,,,,,,,,,,,,,,,
Atlys,Arunima Srivastava,Pramod,High - 80 to 100%,,Jan 26,,India,Churned,Others,153, $ 4 , $ 22 , $ 4 , $ -   , $ 7 , $ 11 , $ -   , $ -   , $ -   , $ -   , $ -   , $ -   , $ -   , $ -   , $ -   , $ -   , $ -   , $ -   , $ -   , $ -   , $ -   , $ -   , $ -   , $ -   , $ -   , $ -   , $ -   , $ -   , $ -   , $ -   , $ -   , $ -   , $ -   , $ -   , $ -   , $ -   , $ (0)
IIHT,Kritika Ramesh,Dushyanth,High - 80 to 100%,Chaser needs to be sent and suspension notice in case of No response. ,Jan 26,16-12-2024,India,Less than 100,Ed-tech/Learning,17, $ 21 , $ 21 , $ 21 , $ -   , $ -   , $ -   , $ (0), $ -   , $ 0 , $ -   , $ -   , $ -   , $ -   , $ -   , $ -   , $ -   , $ -   , $ -   , $ -   , $ -   , $ -   , $ -   , $ -   , $ -   , $ -   , $ -   , $ -   , $ -   , $ -   , $ -   , $ -   , $ -   , $ -   , $ -   , $ -   , $ -   , $ -   
Carret,Naveen Shankar Choudhury,Subin,High - 80 to 100%,,Jan 26,,India,Less than 100,Crypto,28, $ 22 , $ 21 , $ 22 , $ -   , $ -   , $ -   , $ 0 , $ -   , $ -   , $ -   , $ -   , $ -   , $ -   , $ -   , $ -   , $ -   , $ -   , $ -   , $ -   , $ -   , $ -   , $ -   , $ -   , $ -   , $ -   , $ -   , $ -   , $ -   , $ -   , $ -   , $ -   , $ -   , $ -   , $ -   , $ -   , $ -   , $ (0)
Five diamonds,Kritika Ramesh,Subin,Low - (< 50%),,Jan 26,,India,Less than 100,Gig economy,"8,072", $ 0 , $ 19 , $ 0 , $ 0 , $ -   , $ 0 , $ 1 , $ 2 , $ 4 , $ 2 , $ 1 , $ 1 , $ 2 , $ 0 , $ 0 , $ 1 , $ 2 , $ 1 , $ 0 , $ 0 , $ -   , $ 0 , $ -   , $ -   , $ -   , $ -   , $ -   , $ 1 , $ -   , $ -   , $ -   , $ -   , $ -   , $ -   , $ -   , $ -   , $ -   
Tititada,Nam Nguyen,Pooja,Low - (< 50%),,Jan 26,,ASEAN,Less than 100,Investment,72, $ 15 , $ 18 , $ 15 , $ 0 , $ 1 , $ 0 , $ 0 , $ 0 , $ 0 , $ 0 , $ 0 , $ 0 , $ -   , $ -   , $ 0 , $ -   , $ -   , $ -   , $ -   , $ -   , $ -   , $ -   , $ -   , $ -   , $ -   , $ -   , $ -   , $ -   , $ -   , $ -   , $ -   , $ -   , $ -   , $ -   , $ -   , $ -   , $ -   
Movie Me,Maline K L,Pramod,High - 80 to 100%,,Jan 26,,India,Churned,Others,#DIV/0!, $ -   , $ 17 , $ -   , $ -   , $ -   , $ -   , $ -   , $ -   , $ -   , $ -   , $ -   , $ -   , $ -   , $ 17 , $ 0 , $ 0 , $ -   , $ -   , $ -   , $ -   , $ -   , $ -   , $ -   , $ -   , $ -   , $ -   , $ -   , $ -   , $ -   , $ -   , $ -   , $ -   , $ -   , $ -   , $ -   , $ -   , $ -   
IDVend,Michelle George,Pooja,Low - (< 50%),,Jan 26,,US and ROW Fintech,Less than 100,Others,"14,350", $ 3 ," $ 1,603 ", $ 3 , $ 3 , $ 3 , $ 3 , $ 3 , $ 0 , $ -   , $ 0 , $ -   , $ -   , $ -   , $ -   , $ -   , $ -   , $ -   , $ -   , $ -   , $ -   , $ -   , $ -   , $ -   , $ -   , $ -   , $ -   , $ -   , $ -   , $ -   , $ -   , $ -   , $ -   , $ -   , $ -   , $ -   , $ -   ," $ 1,586 "
BetterPlace,Maline K L,Dushyanth,Medium - (50 to 79%),Pramod to update the master sheet,Older Than Apr 23,,India,Less than 100,Digital Lenders,0, $ -   , $ -   , $ -   , $ -   , $ -   , $ -   , $ -   , $ -   , $ -   , $ -   , $ -   , $ -   , $ -   , $ -   , $ -   , $ -   , $ -   , $ -   , $ -   , $ -   , $ -   , $ -   , $ -   , $ -   , $ -   , $ -   , $ -   , $ -   , $ -   , $ -   , $ -   , $ -   , $ -   , $ -   , $ -   , $ -   , $ -   
SK Finance,Anshuman Gill,Pramod,Medium - (50 to 79%),,Older Than Apr 23,,India,Less than 100,NBFC,0, $ 17 , $ -   , $ -   , $ -   , $ -   , $ -   , $ -   , $ -   , $ -   , $ -   , $ -   , $ -   , $ -   , $ -   , $ -   , $ -   , $ -   , $ -   , $ -   , $ -   , $ -   , $ -   , $ -   , $ -   , $ -   , $ -   , $ -   , $ -   , $ -   , $ -   , $ -   , $ -   , $ -   , $ -   , $ -   , $ -   , $ -   
 Karncy ,Sebastian Richard Martin,Pramod,High - 80 to 100%,,Jan 26,,India,Less than 100,Others,37, $ 15 , $ 15 , $ 15 , $ -   , $ -   , $ -   , $ -   , $ -   , $ -   , $ -   , $ -   , $ -   , $ -   , $ -   , $ -   , $ -   , $ -   , $ -   , $ -   , $ -   , $ -   , $ -   , $ -   , $ -   , $ -   , $ -   , $ -   , $ -   , $ -   , $ -   , $ -   , $ -   , $ -   , $ -   , $ -   , $ -   , $ -   
Mahindra Finance,Sales,Pramod,Medium - (50 to 79%),,Jan 26,,India,Dormant,NBFC,#DIV/0!, $ -   , $ 15 , $ -   , $ -   , $ -   , $ -   , $ 0 , $ 5 , $ 4 , $ 1 , $ 3 , $ 1 , $ 1 , $ -   , $ -   , $ -   , $ -   , $ -   , $ -   , $ -   , $ -   , $ -   , $ -   , $ -   , $ -   , $ -   , $ -   , $ -   , $ -   , $ -   , $ -   , $ -   , $ -   , $ -   , $ -   , $ -   , $ -   
 Thryve ,Karthik Shivakumara,Pramod,High - 80 to 100%,,Jan 26,,India,Less than 100,Wealth Management,"1,063", $ 0 , $ 15 , $ 0 , $ 1 , $ 2 , $ 0 , $ 2 , $ 6 , $ 4 , $ -   , $ -   , $ -   , $ -   , $ -   , $ -   , $ -   , $ -   , $ -   , $ -   , $ -   , $ -   , $ -   , $ -   , $ -   , $ -   , $ -   , $ -   , $ -   , $ -   , $ -   , $ -   , $ -   , $ -   , $ -   , $ -   , $ -   , $ -   
Fantasy Akhada,Arunima Srivastava,Chaitanya,Low - (< 50%),"Aditya to follow up with Krishna, client",Jan 26,,India,Less than 100,Gaming,"1,232", $ 0 , $ 14 , $ 0 , $ 1 , $ 0 , $ 1 , $ 2 , $ 10 , $ -   , $ -   , $ -   , $ -   , $ -   , $ -   , $ -   , $ -   , $ -   , $ -   , $ -   , $ -   , $ -   , $ -   , $ -   , $ -   , $ -   , $ -   , $ -   , $ -   , $ -   , $ -   , $ -   , $ -   , $ -   , $ -   , $ -   , $ -   , $ -   
Star Health,Nikhil Gopinath,Pooja,Low - (< 50%),IBR Update,Jan 26,,India,Less than 100,Insurance,"1,940", $ 0 , $ 14 , $ 0 , $ -   , $ 0 , $ 1 , $ 1 , $ 1 , $ 1 , $ 2 , $ 2 , $ 2 , $ 3 , $ 0 , $ -   , $ -   , $ -   , $ -   , $ -   , $ -   , $ -   , $ -   , $ -   , $ -   , $ -   , $ -   , $ -   , $ -   , $ -   , $ -   , $ -   , $ -   , $ -   , $ -   , $ -   , $ -   , $ -   
OneCard - FP Labs,Anshuman Gill,Pooja,Low - (< 50%),,Jan 26,,India,Less than 100,Digital Lenders,28, $ 14 , $ 14 , $ 14 , $ -   , $ -   , $ -   , $ -   , $ -   , $ -   , $ -   , $ -   , $ -   , $ -   , $ -   , $ -   , $ -   , $ -   , $ -   , $ -   , $ -   , $ -   , $ -   , $ -   , $ -   , $ -   , $ -   , $ -   , $ -   , $ -   , $ -   , $ -   , $ -   , $ -   , $ -   , $ -   , $ -   , $ -   
Artisan Tech,Harshit Shrivastava,Chaitanya,Low - (< 50%),,Jan 26,,Africa,Dormant,Others,#DIV/0!, $ -   , $ 13 , $ -   , $ -   , $ -   , $ -   , $ -   , $ -   , $ -   , $ -   , $ -   , $ -   , $ -   , $ -   , $ -   , $ -   , $ 13 , $ -   , $ -   , $ -   , $ -   , $ -   , $ -   , $ -   , $ -   , $ -   , $ -   , $ -   , $ -   , $ -   , $ -   , $ -   , $ -   , $ -   , $ -   , $ -   , $ -   
Kuvera-CRED,Akanksha Pandaw,Chaitanya,Low - (< 50%),,Jan 26,,India,Less than 100,Brokerage,231, $ 3 , $ 13 , $ 3 , $ 0 , $ 2 , $ 2 , $ 2 , $ 0 , $ 1 , $ 1 , $ 2 , $ -   , $ -   , $ -   , $ -   , $ -   , $ -   , $ -   , $ -   , $ -   , $ -   , $ -   , $ -   , $ -   , $ -   , $ -   , $ -   , $ -   , $ -   , $ -   , $ -   , $ -   , $ -   , $ -   , $ -   , $ -   , $ -   
Motovolt,Veer Ramesh Chembath,Pramod,Low - (< 50%),Reminder to follow up,Jan 26,,India,Less than 100,Others,72, $ 8 , $ 13 , $ 8 , $ 2 , $ 2 , $ -   , $ -   ,,,,,,,,,,,,,,,,,,,,,,,,,,,,,,
A1 Loans (Anchorage Finkred),Kritika Ramesh,Pramod,Medium - (50 to 79%),,Jan 26,,India,Less than 100,Digital Lenders,545, $ 1 , $ 12 , $ 1 , $ 0 , $ 1 , $ 1 , $ 1 , $ 2 , $ 2 , $ -   , $ -   , $ 5 , $ -   , $ -   , $ -   , $ -   , $ -   , $ -   , $ -   , $ -   , $ -   , $ -   , $ -   , $ -   , $ -   , $ -   , $ -   , $ -   , $ -   , $ -   , $ -   , $ -   , $ -   , $ -   , $ -   , $ -   , $ -   
AppInventive,Arunima Srivastava,Pramod,Medium - (50 to 79%),,Jan 26,,India,Less than 100,Channel Partner,#DIV/0!, $ (0), $ 12 , $ -   , $ -   , $ -   , $ -   , $ 0 , $ 2 , $ 10 , $ -   , $ -   , $ -   , $ -   , $ -   , $ -   , $ -   , $ -   , $ -   , $ -   , $ -   , $ -   , $ -   , $ -   , $ -   , $ -   , $ -   , $ -   , $ -   , $ -   , $ -   , $ -   , $ -   , $ -   , $ -   , $ -   , $ -   , $ -   
Loco,Aditya Rao,Pramod,Low - (< 50%),,Jan 26,,India,Dormant,Gaming,#DIV/0!, $ -   , $ 11 , $ -   , $ -   , $ -   , $ -   , $ -   , $ -   , $ -   , $ -   , $ -   , $ -   , $ -   , $ -   , $ -   , $ -   , $ 2 , $ 5 , $ 4 , $ -   , $ -   , $ -   , $ -   , $ -   , $ -   , $ -   , $ -   , $ -   , $ -   , $ -   , $ -   , $ -   , $ -   , $ -   , $ -   , $ -   , $ -   
Rentop,Kritika Ramesh,Pramod,Low - (< 50%),,Jan 26,,India,Less than 100,Gig economy,20, $ 10 , $ 10 , $ 10 , $ -   , $ -   , $ -   , $ 0 , $ -   , $ 0 , $ -   , $ -   , $ -   , $ -   , $ -   , $ -   , $ -   , $ -   , $ -   , $ -   , $ -   , $ -   , $ -   , $ -   , $ -   , $ -   , $ -   , $ -   , $ -   , $ -   , $ -   , $ -   , $ -   , $ -   , $ -   , $ -   , $ -   , $ -   
Tata Housing,Aishwarya Paraskar,Pooja,Low - (< 50%),,Jan 26,,India,Less than 100,Real Estate Development,"2,911", $ 0 , $ 10 , $ 0 , $ 0 , $ 0 , $ 1 , $ 0 , $ 0 , $ 0 , $ 1 , $ 3 , $ 1 , $ 1 , $ 1 , $ 0 , $ 1 , $ 1 , $ 1 , $ 1 , $ -   , $ -   , $ -   , $ -   , $ -   , $ -   , $ -   , $ -   , $ -   , $ -   , $ -   , $ -   , $ -   , $ -   , $ -   , $ -   , $ -   , $ -   
Cosmic Payments,Sales,Pooja,Low - (< 50%),Recon & Master Sheet Update,Jan 26,,India,Dormant,Payment Service Provider,#DIV/0!, $ -   , $ 10 , $ -   , $ -   , $ -   , $ -   , $ -   , $ -   , $ -   , $ -   , $ -   , $ -   , $ 0 , $ -   , $ 0 , $ 0 , $ -   , $ 0 , $ 1 , $ 1 , $ 2 , $ 2 , $ 3 , $ -   , $ -   , $ -   , $ -   , $ -   , $ -   , $ -   , $ -   , $ -   , $ -   , $ -   , $ -   , $ -   , $ -   
Bank of Hodlers,Kritika Ramesh,Dushyanth,Medium - (50 to 79%),"Master file to be updated & Chasers needs to be sent
Vaibhav Miglani Need to create a Provision for DD. 
Service Suspension Notice to be sent by Friday. ",Older Than Apr 23,20-12-2024,ASEAN,Less than 100,Crypto,0, $ 7 , $ -   , $ -   , $ -   , $ -   , $ -   , $ -   , $ -   , $ -   , $ -   , $ -   , $ -   , $ -   , $ -   , $ -   , $ -   , $ -   , $ -   , $ -   , $ -   , $ -   , $ -   , $ -   , $ -   , $ -   , $ -   , $ -   , $ -   , $ -   , $ -   , $ -   , $ -   , $ -   , $ -   , $ -   , $ -   , $ -   
Elastic Devs,Sebastian Richard Martin,Pramod,Medium - (50 to 79%),,Jan 26,,India,Dormant,Channel Partner,#DIV/0!, $ -   , $ 8 , $ -   , $ -   , $ -   , $ -   , $ -   , $ -   , $ -   , $ 4 , $ 5 , $ -   , $ -   , $ -   , $ -   , $ -   , $ -   , $ -   , $ -   , $ -   , $ -   , $ -   , $ -   , $ -   , $ -   , $ -   , $ -   , $ -   , $ -   , $ -   , $ -   , $ -   , $ -   , $ -   , $ -   , $ -   , $ -   
TravFerr,Sales,Pramod,Medium - (50 to 79%),,Jan 26,,India,Dormant,Others,#DIV/0!, $ -   , $ 8 , $ -   , $ -   , $ -   , $ -   , $ 0 , $ -   , $ -   , $ 8 , $ -   , $ -   , $ -   , $ -   , $ -   , $ -   , $ -   , $ -   , $ -   , $ -   , $ -   , $ -   , $ -   , $ -   , $ -   , $ -   , $ -   , $ -   , $ -   , $ -   , $ -   , $ -   , $ -   , $ -   , $ -   , $ -   , $ -   
GasValet,Shreshtha Karmakar,Chaitanya,Low - (< 50%),Recon & Master Sheet Update,Jan 26,,US and ROW Fintech,Less than 100,Others,#DIV/0!, $ -   , $ 7 , $ -   , $ -   , $ 7 , $ -   , $ -   , $ -   , $ -   , $ -   , $ -   , $ -   , $ -   , $ -   , $ -   , $ -   , $ -   , $ -   , $ -   , $ -   , $ -   , $ -   , $ -   , $ -   , $ -   , $ -   , $ -   , $ -   , $ -   , $ -   , $ -   , $ -   , $ -   , $ -   , $ -   , $ -   , $ -   
Seracle,Anshuman Gill,Subin,Low - (< 50%),,Jan 26,,India,Dormant,Others,#DIV/0!, $ -   , $ 6 , $ -   , $ -   , $ -   , $ 0 , $ -   , $ -   , $ 0 , $ 6 , $ -   , $ -   , $ -   , $ -   , $ -   , $ -   , $ -   , $ -   , $ -   , $ -   , $ -   , $ -   , $ -   , $ -   , $ -   , $ -   , $ -   , $ -   , $ -   , $ -   , $ -   , $ -   , $ -   , $ -   , $ -   , $ -   , $ -   
Payswiff,Naveen Shankar Choudhury,Subin,Low - (< 50%),,Jan 26,,India,Less than 100,Others,28, $ 6 , $ 6 , $ 6 , $ -   , $ -   , $ -   , $ -   , $ -   , $ -   , $ -   , $ -   , $ -   , $ -   , $ -   , $ -   , $ -   , $ -   , $ -   , $ -   , $ -   , $ -   , $ -   , $ -   , $ -   , $ -   , $ -   , $ -   , $ -   , $ -   , $ -   , $ -   , $ -   , $ -   , $ -   , $ -   , $ -   , $ -   
Pice.one,Kritika Ramesh,Pooja,Low - (< 50%),,Jan 26,,India,Less than 100,Digital Lenders,14, $ 6 , $ 6 , $ 6 , $ -   , $ -   , $ -   , $ -   , $ -   , $ -   , $ -   , $ -   , $ -   , $ -   , $ -   , $ -   , $ -   , $ -   , $ -   , $ -   , $ -   , $ -   , $ -   , $ -   , $ -   , $ -   , $ -   , $ -   , $ -   , $ -   , $ -   , $ -   , $ -   , $ -   , $ -   , $ -   , $ -   , $ -   
Alice Blue,Naveen Shankar Choudhury,Pramod,High - 80 to 100%,,Jan 26,,India,Less than 100,Brokerage,26, $ 6 , $ 6 , $ 6 , $ -   , $ -   , $ -   , $ -   , $ -   , $ -   , $ -   , $ -   , $ -   , $ -   , $ -   , $ -   , $ -   , $ -   , $ -   , $ -   , $ -   , $ -   , $ -   , $ -   , $ -   , $ -   , $ -   , $ -   , $ -   , $ -   , $ -   , $ -   , $ -   , $ -   , $ -   , $ -   , $ -   , $ -   
Market Pulse,Sriya,Pooja,Low - (< 50%),Master file to be updated & Chasers needs to be sent,Jan 26,16-12-2024,India,100 to 500,Brokerage,1, $ 111 , $ 6 , $ 6 , $ -   , $ 0 , $ -   , $ -   , $ -   , $ -   , $ -   , $ -   , $ -   , $ -   , $ -   , $ -   , $ -   , $ -   , $ -   , $ -   , $ -   , $ -   , $ -   , $ -   , $ -   , $ -   , $ -   , $ -   , $ -   , $ -   , $ -   , $ -   , $ -   , $ -   , $ -   , $ -   , $ -   , $ -   
Rentenpe,Naveen Shankar Choudhury,Dushyanth,Medium - (50 to 79%),,Older Than Apr 23,,India,Less than 100,Others,0, $ 6 , $ -   , $ -   , $ -   , $ -   , $ -   , $ -   , $ -   , $ -   , $ -   , $ -   , $ -   , $ -   , $ -   , $ -   , $ -   , $ -   , $ -   , $ -   , $ -   , $ -   , $ -   , $ -   , $ -   , $ -   , $ -   , $ -   , $ -   , $ -   , $ -   , $ -   , $ -   , $ -   , $ -   , $ -   , $ -   , $ -   
 Liquibonds ,Ashutosh Daga,Dushyanth,Low - (< 50%),,Jan 26,,India,Less than 100,Others,105, $ 1 , $ 5 , $ 1 , $ 1 , $ 1 , $ 1 , $ 0 , $ -   , $ -   , $ -   , $ -   , $ -   , $ -   , $ -   , $ -   , $ -   , $ -   , $ -   , $ -   , $ -   , $ -   , $ -   , $ -   , $ -   , $ -   , $ -   , $ -   , $ -   , $ -   , $ -   , $ -   , $ -   , $ -   , $ -   , $ -   , $ -   , $ -   
Mahila Money,Arunima Srivastava,Pooja,Low - (< 50%),Vaibhav to send email to client for plan for payment.,Jan 26,13-Dec-24,India,Churned,Digital Lenders,#DIV/0!, $ (0), $ 5 , $ 5 , $ -   , $ -   , $ -   , $ -   , $ -   , $ -   , $ -   , $ -   , $ -   , $ -   , $ -   , $ -   , $ -   , $ -   , $ -   , $ -   , $ -   , $ -   , $ -   , $ -   , $ -   , $ -   , $ -   , $ -   , $ -   , $ -   , $ -   , $ -   , $ -   , $ -   , $ -   , $ -   , $ -   , $ -   
Almondz,Anshuman Gill,Pramod,Medium - (50 to 79%),,Jan 26,,India,Less than 100,Payment Service Provider,30, $ -   , $ 3 , $ -   , $ 3 , $ -   , $ -   , $ -   , $ -   , $ -   , $ -   , $ -   , $ -   , $ -   , $ -   , $ -   , $ -   , $ -   , $ -   , $ -   , $ -   , $ -   , $ -   , $ -   , $ -   , $ -   , $ -   , $ -   , $ -   , $ -   , $ -   , $ -   , $ -   , $ -   , $ -   , $ -   , $ -   , $ -   
Niva Bupa,Nikhil Gopinath,Pramod,Medium - (50 to 79%),,Jan 26,,India,Less than 100,Insurance,#DIV/0!, $ -   , $ 2 , $ -   , $ -   , $ 0 , $ -   , $ -   , $ -   , $ 0 , $ 1 , $ 1 , $ -   , $ -   , $ -   , $ -   , $ -   , $ -   , $ -   , $ -   , $ -   , $ -   , $ -   , $ -   , $ -   , $ -   , $ -   , $ -   , $ -   , $ -   , $ -   , $ -   , $ -   , $ -   , $ -   , $ -   , $ -   , $ -   
Duta Money,Harshit Shrivastav,Pooja,Low - (< 50%),Payment Chaser to be sent. (Call),Jan 26,13-12-2024,ASEAN,Less than 100,Others,30, $ 2 , $ 2 , $ 2 , $ -   , $ -   ,,,,,,,,,,,,,,,,,,,,,,,,,,,,,,,,
Tata Securities,Aishwarya Paraskar,Pooja,Low - (< 50%),,Jan 26,,India,Less than 100,Brokerage,564, $ 0 , $ 2 , $ 0 , $ 0 , $ 0 , $ 0 , $ 0 , $ 0 , $ 1 , $ 0 , $ 0 , $ -   , $ -   , $ -   , $ -   , $ -   , $ -   , $ -   , $ -   , $ -   , $ -   , $ -   , $ -   , $ -   , $ -   , $ -   , $ -   , $ -   , $ -   , $ -   , $ -   , $ -   , $ -   , $ -   , $ -   , $ -   , $ -   
Eduvanz,Gopinath Yerra,Pooja,Low - (< 50%),New invoices sent. Maline/Vaibhav to send chasers.,Jan 26,17-Dec-24,India,Less than 100,Ed-tech/Learning,36, $ 2 , $ 2 , $ 2 , $ -   , $ -   , $ -   , $ -   , $ -   , $ -   , $ -   , $ -   , $ -   , $ -   , $ -   , $ -   , $ -   , $ -   , $ -   , $ -   , $ -   , $ -   , $ -   , $ -   , $ -   , $ -   , $ -   , $ -   , $ -   , $ -   , $ -   , $ -   , $ -   , $ -   , $ -   , $ -   , $ -   , $ 0 
DeltaPe,Kritika Ramesh,Subin,Low - (< 50%),,Jan 26,,India,100 to 500,Channel Partner,0, $ -   , $ 2 , $ -   , $ -   , $ (0), $ (0), $ 0 , $ 0 , $ 0 , $ 0 , $ 0 , $ 0 , $ 0 , $ -   , $ 0 , $ -   , $ -   , $ -   , $ -   , $ -   , $ -   , $ -   , $ -   , $ -   , $ -   , $ -   , $ -   , $ -   , $ -   , $ -   , $ -   , $ -   , $ -   , $ -   , $ -   , $ -   , $ (1)
Cheq,Naveen Shankar Choudhury,Pramod,Medium - (50 to 79%),,Jan 26,,India,Less than 100,Digital Lenders,60, $ 2 , $ 2 , $ 2 , $ 0 , $ -   , $ -   , $ -   , $ -   , $ -   , $ -   , $ -   , $ -   , $ -   , $ -   , $ -   , $ -   , $ -   , $ -   , $ -   , $ -   , $ -   , $ -   , $ -   , $ -   , $ -   , $ -   , $ -   , $ -   , $ -   , $ -   , $ -   , $ -   , $ -   , $ -   , $ -   , $ -   , $ -   
Ram Fincorp,Veeramesh,Subin,Low - (< 50%),Payment Chaser to be sent. (Call),Jan 26,13-12-2024,India,Less than 100,Others,30, $ 2 , $ 2 , $ 2 , $ -   , $ -   ,,,,,,,,,,,,,,,,,,,,,,,,,,,,,,,,
ICICI Bank,Sales,Chaitanya,Low - (< 50%),,Jan 26,,India,Less than 100,Others,#DIV/0!, $ -   , $ 2 , $ -   , $ -   , $ 2 , $ -   , $ -   , $ -   , $ -   , $ 0 , $ -   , $ 0 , $ -   , $ -   , $ 0 , $ -   , $ -   , $ -   , $ -   , $ -   , $ -   , $ -   , $ -   , $ -   , $ -   , $ -   , $ -   , $ -   , $ -   , $ -   , $ -   , $ -   , $ -   , $ -   , $ -   , $ -   , $ -   
A. K. STOCKMART PRIVATE LIMITED,Anshuman Gill,Dushyanth,High - 80 to 100%,,Jan 26,,India,Less than 100,Brokerage,27, $ 2 , $ 2 , $ 2 , $ -   , $ -   , $ -   , $ -   , $ -   , $ -   , $ -   , $ -   , $ -   , $ -   , $ -   , $ -   , $ -   , $ -   , $ -   , $ -   , $ -   , $ -   , $ -   , $ -   , $ -   , $ -   , $ -   , $ -   , $ -   , $ -   , $ -   , $ -   , $ -   , $ -   , $ -   , $ -   , $ -   , $ -   
Fibmesh,Arunima Srivastava,Pramod,Medium - (50 to 79%),,Jan 26,,India,Less than 100,Others,60, $ 0 , $ 1 , $ 0 , $ 1 , $ -   , $ -   , $ -   , $ -   , $ -   , $ -   , $ -   , $ -   , $ -   , $ -   , $ -   , $ -   , $ -   , $ -   , $ -   , $ -   , $ -   , $ -   , $ -   , $ -   , $ -   , $ -   , $ -   , $ -   , $ -   , $ -   , $ -   , $ -   , $ -   , $ -   , $ -   , $ -   , $ -   
HDFC Life Pension,Sriya,Pramod,High - 80 to 100%,,Jan 26,,India,Less than 100,Insurance,36, $ 1 , $ 1 , $ 1 , $ -   , $ -   , $ -   , $ -   , $ -   , $ -   , $ -   , $ -   , $ -   , $ -   , $ -   , $ -   , $ -   , $ -   , $ -   , $ -   , $ -   , $ -   , $ -   , $ -   , $ -   , $ -   , $ -   , $ -   , $ -   , $ -   , $ -   , $ -   , $ -   , $ -   , $ -   , $ -   , $ -   , $ -   
Supernan,Kritika Ramesh,Pooja,Low - (< 50%),,Jan 26,,India,Dormant,Gig economy,#DIV/0!, $ -   , $ 1 , $ -   , $ -   , $ -   , $ 1 , $ -   , $ -   , $ -   , $ -   , $ -   , $ -   , $ -   , $ -   , $ -   , $ -   , $ -   , $ -   , $ -   , $ -   , $ -   , $ -   , $ -   , $ -   , $ -   , $ -   , $ -   , $ -   , $ -   , $ -   , $ -   , $ -   , $ -   , $ -   , $ -   , $ -   , $ -   
CountGen,Anshuman Gill,Pramod,Low - (< 50%),,Jan 26,,India,Dormant,Gaming,#DIV/0!, $ -   , $ 1 , $ -   , $ -   , $ -   , $ -   , $ -   , $ 1 , $ -   , $ -   , $ -   , $ -   , $ -   , $ -   , $ -   , $ -   , $ -   , $ -   , $ -   , $ -   , $ -   , $ -   , $ -   , $ -   , $ -   , $ -   , $ -   , $ -   , $ -   , $ -   , $ -   , $ -   , $ -   , $ -   , $ -   , $ -   , $ -   
Ufin Vietnam,Nam Nguyen,Pooja,Low - (< 50%),,Jan 26,,ASEAN,Dormant,Digital Lenders,#DIV/0!, $ -   , $ 1 , $ -   , $ -   , $ -   , $ -   , $ -   , $ -   , $ 0 , $ 0 , $ -   , $ -   , $ -   , $ -   , $ -   , $ -   , $ -   , $ -   , $ -   , $ -   , $ -   , $ -   , $ -   , $ -   , $ -   , $ -   , $ -   , $ -   , $ -   , $ -   , $ -   , $ -   , $ -   , $ -   , $ -   , $ -   , $ -   
Spotshot,Unassigned,Pramod,Low - (< 50%),,Jan 26,,India,Dormant,Channel Partner,#DIV/0!, $ -   , $ 1 , $ -   , $ -   , $ -   , $ -   , $ -   , $ -   , $ -   , $ -   , $ -   , $ -   , $ 0 , $ -   , $ -   , $ 0 , $ 0 , $ 0 , $ 0 , $ -   , $ -   , $ -   , $ -   , $ -   , $ -   , $ -   , $ -   , $ -   , $ -   , $ -   , $ -   , $ -   , $ -   , $ -   , $ -   , $ -   , $ (1)
Empower,Sales,Chaitanya,Low - (< 50%),,Jan 26,,ASEAN,Dormant,Others,#DIV/0!, $ -   , $ 1 , $ -   , $ -   , $ -   , $ 0 , $ -   , $ -   , $ -   , $ -   , $ -   , $ -   , $ -   , $ -   , $ -   , $ -   , $ -   , $ 1 , $ -   , $ -   , $ -   , $ -   , $ -   , $ -   , $ -   , $ -   , $ -   , $ -   , $ -   , $ -   , $ -   , $ -   , $ -   , $ -   , $ -   , $ -   , $ -   
PropFtx,Naveen Shankar Choudhury,Pramod,Medium - (50 to 79%),,Jan 26,,India,Less than 100,Others,186, $ 0 , $ 1 , $ 0 , $ -   , $ -   , $ -   , $ 0 , $ 0 , $ -   , $ -   , $ -   , $ -   , $ -   , $ -   , $ -   , $ -   , $ -   , $ -   , $ -   , $ -   , $ -   , $ -   , $ -   , $ -   , $ -   , $ -   , $ -   , $ -   , $ -   , $ -   , $ -   , $ -   , $ -   , $ -   , $ -   , $ -   , $ -   
Peepalco,Ayyappa K R,Dushyanth,High - 80 to 100%,,Jan 26,,HyperStart,500 to 2K,CLM,0, $ 833 , $ 0 , $ -   , $ -   , $ -   , $ -   , $ -   , $ -   , $ 0 , $ -   , $ -   , $ -   , $ -   , $ -   , $ -   , $ -   , $ -   , $ -   , $ -   , $ -   , $ -   , $ -   , $ -   , $ -   , $ -   , $ -   , $ -   , $ -   , $ -   , $ -   , $ -   , $ -   , $ -   , $ -   , $ -   , $ -   , $ -   
Credvest,Naveen Shankar Choudhury,Pramod,Low - (< 50%),,Older Than Apr 23,,India,Churned,Digital Lenders,#DIV/0!, $ -   , $ -   , $ -   , $ -   , $ -   , $ -   , $ -   , $ -   , $ -   , $ -   , $ -   , $ -   , $ -   , $ -   , $ -   , $ -   , $ -   , $ -   , $ -   , $ -   , $ -   , $ -   , $ -   , $ -   , $ -   , $ -   , $ -   , $ -   , $ -   , $ -   , $ -   , $ -   , $ -   , $ -   , $ -   , $ -   , $ -   
Sharekhan,Ashutosh Daga,Dushyanth,High - 80 to 100%,,Jan 26,,India,500 to 2K,Brokerage,0," $ 1,589 ", $ 0 , $ -   , $ -   , $ -   , $ -   , $ -   , $ -   , $ -   , $ 0 , $ -   , $ -   , $ -   , $ -   , $ -   , $ -   , $ -   , $ -   , $ -   , $ -   , $ -   , $ -   , $ -   , $ -   , $ -   , $ -   , $ -   , $ -   , $ -   , $ -   , $ -   , $ -   , $ -   , $ -   , $ -   , $ -   , $ -   
Mobisy Technologies Pvt,Ayyappa K R,Dushyanth,High - 80 to 100%,,Jan 26,,HyperStart,500 to 2K,CLM,0, $ 972 , $ 0 , $ -   , $ -   , $ -   , $ -   , $ -   , $ 0 , $ -   , $ -   , $ -   , $ -   , $ -   , $ -   , $ -   , $ -   , $ -   , $ -   , $ -   , $ -   , $ -   , $ -   , $ -   , $ -   , $ -   , $ -   , $ -   , $ -   , $ -   , $ -   , $ -   , $ -   , $ -   , $ -   , $ -   , $ -   , $ -   
Slicepay NE Bank,Aditya Rao,Pramod,High - 80 to 100%,,Jan 26,,India,Dormant,Digital Lenders,#DIV/0!, $ -   , $ 0 , $ -   , $ -   , $ -   , $ -   , $ -   , $ -   , $ 0 , $ -   , $ -   , $ -   , $ -   , $ -   , $ -   , $ -   , $ -   , $ -   , $ -   , $ -   , $ -   , $ -   , $ -   , $ -   , $ -   , $ -   , $ -   , $ -   , $ -   , $ -   , $ -   , $ -   , $ -   , $ -   , $ -   , $ -   , $ -   
Liquiloans,Anshuman Gill,Pramod,High - 80 to 100%,,Jan 26,,India,Less than 100,NBFC,#DIV/0!, $ -   , $ 0 , $ -   , $ -   , $ 0 , $ -   , $ -   , $ -   , $ -   , $ -   , $ -   , $ -   , $ -   , $ -   , $ -   , $ -   , $ -   , $ -   , $ -   , $ -   , $ -   , $ -   , $ -   , $ -   , $ -   , $ -   , $ -   , $ -   , $ -   , $ -   , $ -   , $ -   , $ -   , $ -   , $ -   , $ -   , $ -   
 Big Daddy ,Manish J,Dushyanth,High - 80 to 100%,,Jan 26,,India,Dormant,Gaming,#DIV/0!, $ -   , $ 0 , $ -   , $ -   , $ -   , $ 0 , $ 0 , $ -   , $ -   , $ -   , $ -   , $ -   , $ -   , $ -   , $ -   , $ -   , $ -   , $ -   , $ -   , $ -   , $ -   , $ -   , $ -   , $ -   , $ -   , $ -   , $ -   , $ -   , $ -   , $ -   , $ -   , $ -   , $ -   , $ -   , $ -   , $ -   , $ -   
Clay County Sheriff's Office,Ayyappa K R,Dushyanth,High - 80 to 100%,Payment Chaser to be sent. (Call),Jan 26,13-12-2024,HyperStart,500 to 2K,CLM,0, $ 792 , $ 0 , $ -   , $ -   , $ -   , $ -   , $ -   , $ 0 , $ -   , $ -   , $ -   , $ -   , $ -   , $ -   , $ -   , $ -   , $ -   , $ -   , $ -   , $ -   , $ -   , $ -   , $ -   , $ -   , $ -   , $ -   , $ -   , $ -   , $ -   , $ -   , $ -   , $ -   , $ -   , $ -   , $ -   , $ -   , $ -   
Klawiter & Associates - CLM,Ayyappa K R,Dushyanth,High - 80 to 100%,,Jan 26,,HyperStart,500 to 2K,CLM,0, $ 583 , $ 0 , $ -   , $ -   , $ -   , $ -   , $ -   , $ 0 , $ -   , $ -   , $ -   , $ -   , $ -   , $ -   , $ -   , $ -   , $ -   , $ -   , $ -   , $ -   , $ -   , $ -   , $ -   , $ -   , $ -   , $ -   , $ -   , $ -   , $ -   , $ -   , $ -   , $ -   , $ -   , $ -   , $ -   , $ -   , $ -   
Gotransverse,Ayyappa K R,Dushyanth,High - 80 to 100%,,Jan 26,,HyperStart,500 to 2K,CLM,0, $ 458 , $ 0 , $ -   , $ -   , $ -   , $ -   , $ -   , $ 0 , $ -   , $ -   , $ -   , $ -   , $ -   , $ -   , $ -   , $ -   , $ -   , $ -   , $ -   , $ -   , $ -   , $ -   , $ -   , $ -   , $ -   , $ -   , $ -   , $ -   , $ -   , $ -   , $ -   , $ -   , $ -   , $ -   , $ -   , $ -   , $ -   
High Moon Group,Ayyappa K R,Dushyanth,High - 80 to 100%,,Jan 26,,HyperStart,500 to 2K,CLM,0, $ 750 , $ 0 , $ -   , $ -   , $ -   , $ -   , $ -   , $ 0 , $ -   , $ -   , $ -   , $ -   , $ -   , $ -   , $ -   , $ -   , $ -   , $ -   , $ -   , $ -   , $ -   , $ -   , $ -   , $ -   , $ -   , $ -   , $ -   , $ -   , $ -   , $ -   , $ -   , $ -   , $ -   , $ -   , $ -   , $ -   , $ -   
Aspire Finance,Kritika Ramesh,Pramod,Medium - (50 to 79%),,Older Than Apr 23,,India,Less than 100,Others,0, $ 0 , $ -   , $ -   , $ -   , $ -   , $ -   , $ -   , $ -   , $ -   , $ -   , $ -   , $ -   , $ -   , $ -   , $ -   , $ -   , $ -   , $ -   , $ -   , $ -   , $ -   , $ -   , $ -   , $ -   , $ -   , $ -   , $ -   , $ -   , $ -   , $ -   , $ -   , $ -   , $ -   , $ -   , $ -   , $ -   , $ -   
Global Survey,Arunima Srivastava,Pramod,High - 80 to 100%,,Jan 26,,India,Dormant,Others,#DIV/0!, $ -   , $ 0 , $ -   , $ -   , $ -   , $ -   , $ -   , $ -   , $ -   , $ -   , $ -   , $ 0 , $ -   , $ -   , $ -   , $ -   , $ -   , $ -   , $ -   , $ -   , $ -   , $ -   , $ -   , $ -   , $ -   , $ -   , $ -   , $ -   , $ -   , $ -   , $ -   , $ -   , $ -   , $ -   , $ -   , $ -   , $ -   
Jai Kisan,Kritika Ramesh,Subin,Low - (< 50%),,Jan 26,,India,Less than 100,Digital Lenders,#DIV/0!, $ -   , $ 0 , $ -   , $ -   , $ -   , $ -   , $ -   , $ -   , $ -   , $ -   , $ -   , $ -   , $ -   , $ -   , $ -   , $ -   , $ -   , $ -   , $ -   , $ -   , $ -   , $ -   , $ 5 , $ -   , $ -   , $ -   , $ -   , $ -   , $ -   , $ -   , $ -   , $ -   , $ -   , $ -   , $ -   , $ -   , $ (5)
Nazara,Anshuman Gill,Pramod,Low - (< 50%),,Jan 26,,India,Dormant,Gaming,#DIV/0!, $ -   , $ 0 , $ -   , $ -   , $ -   , $ -   , $ 0 , $ -   , $ -   , $ -   , $ -   , $ -   , $ -   , $ -   , $ -   , $ -   , $ -   , $ -   , $ -   , $ -   , $ -   , $ -   , $ -   , $ -   , $ -   , $ -   , $ -   , $ -   , $ -   , $ -   , $ -   , $ -   , $ -   , $ -   , $ -   , $ -   , $ -   
MACPIE LLC,Ayyappa K R,Dushyanth,High - 80 to 100%,,Jan 26,,HyperStart,500 to 2K,CLM,0, $ 542 , $ 0 , $ -   , $ -   , $ -   , $ -   , $ -   , $ 0 , $ -   , $ -   , $ -   , $ -   , $ -   , $ -   , $ -   , $ -   , $ -   , $ -   , $ -   , $ -   , $ -   , $ -   , $ -   , $ -   , $ -   , $ -   , $ -   , $ -   , $ -   , $ -   , $ -   , $ -   , $ -   , $ -   , $ -   , $ -   , $ -   
CAMS PAY,Maline K L,Pooja,Low - (< 50%),,Jan 26,,India,Dormant,Payment Service Provider,#DIV/0!, $ -   , $ 0 , $ -   , $ -   , $ -   , $ -   , $ -   , $ -   , $ -   , $ 0 , $ -   , $ -   , $ -   , $ -   , $ -   , $ -   , $ -   , $ -   , $ -   , $ -   , $ -   , $ -   , $ -   , $ -   , $ -   , $ -   , $ -   , $ -   , $ -   , $ -   , $ -   , $ -   , $ -   , $ -   , $ -   , $ -   , $ -   
Ahamove,Nam Nguyen,Pooja,Low - (< 50%),,Jan 26,,ASEAN,Churned,Gig Economy,#DIV/0!, $ -   , $ 0 , $ -   , $ -   , $ -   , $ -   , $ -   , $ -   , $ -   , $ -   , $ -   , $ -   , $ -   , $ -   , $ -   , $ -   , $ -   , $ -   , $ -   , $ -   , $ -   , $ -   , $ -   , $ -   , $ -   , $ -   , $ -   , $ -   , $ -   , $ -   , $ -   , $ -   , $ -   , $ -   , $ -   , $ -   , $ 0 
NM Domus Brickell Park RMA LLC,Ayyappa K R,Dushyanth,Low - (< 50%),Payment Chaser to be sent. (Call),Jan 26,13-12-2024,HyperStart,500 to 2K,CLM,0, $ 500 , $ 0 , $ -   , $ 0 , $ -   , $ -   ,,,,,,,,,,,,,,,,,,,,,,,,,,,,,,,
LeadSquared - CLM,Ayyappa K R,Dushyanth,High - 80 to 100%,,Jan 26,,HyperStart,500 to 2K,CLM,0," $ 1,361 ", $ 0 , $ -   , $ -   , $ -   , $ -   , $ -   , $ 0 , $ -   , $ -   , $ -   , $ -   , $ -   , $ -   , $ -   , $ -   , $ -   , $ -   , $ -   , $ -   , $ -   , $ -   , $ -   , $ -   , $ -   , $ -   , $ -   , $ -   , $ -   , $ -   , $ -   , $ -   , $ -   , $ -   , $ -   , $ -   , $ -   
Hike,Aditya Rao,Pooja,Low - (< 50%),Pooja to loop in Aditya in invoice email - Aditya to follow up,Jan 26,,India,Dormant,Gaming,#DIV/0!, $ -   , $ 0 , $ -   , $ -   , $ -   , $ -   , $ -   , $ 0 , $ 0 , $ -   , $ -   , $ -   , $ -   , $ -   , $ -   , $ -   , $ -   , $ -   , $ -   , $ -   , $ -   , $ -   , $ -   , $ -   , $ -   , $ -   , $ -   , $ -   , $ -   , $ -   , $ -   , $ -   , $ -   , $ -   , $ -   , $ -   , $ -   
Rummy Time,Maline K L,Pooja,Low - (< 50%),,Jan 26,,India,Dormant,Gaming,#DIV/0!, $ -   , $ 0 , $ -   , $ -   , $ -   , $ -   , $ -   , $ -   , $ -   , $ -   , $ -   , $ -   , $ 0 , $ -   , $ -   , $ -   , $ -   , $ -   , $ -   , $ -   , $ -   , $ -   , $ -   , $ -   , $ -   , $ -   , $ -   , $ -   , $ -   , $ -   , $ -   , $ -   , $ -   , $ -   , $ -   , $ -   , $ -   
Fairmoney,Akanksha Pandaw,Chaitanya,Low - (< 50%),,Older Than Apr 23,,Africa,10K to 50K,NBFC,0," $ 18,781 ", $ -   , $ -   , $ -   , $ -   , $ -   , $ -   , $ -   , $ -   , $ -   , $ -   , $ -   , $ -   , $ -   , $ -   , $ -   , $ -   , $ -   , $ -   , $ -   , $ -   , $ -   , $ -   , $ -   , $ -   , $ -   , $ -   , $ -   , $ -   , $ -   , $ -   , $ -   , $ -   , $ -   , $ -   , $ -   , $ -   
Vastu Finance,Sriya,Dushyanth,High - 80 to 100%,,Older Than Apr 23,,India,2K to 10K,NBFC,0," $ 2,956 ", $ -   , $ -   , $ -   , $ -   , $ -   , $ -   , $ -   , $ -   , $ -   , $ -   , $ -   , $ -   , $ -   , $ -   , $ -   , $ -   , $ -   , $ -   , $ -   , $ -   , $ -   , $ -   , $ -   , $ -   , $ -   , $ -   , $ -   , $ -   , $ -   , $ -   , $ -   , $ -   , $ -   , $ -   , $ -   , $ -   
Jify,Maline K L,Pramod,High - 80 to 100%,Payment Chaser to be sent,Older Than Apr 23,13-12-2024,India,500 to 2K,Digital Lenders,0, $ 794 , $ -   , $ -   , $ -   , $ -   , $ -   , $ -   , $ -   , $ -   , $ -   , $ -   , $ -   , $ -   , $ -   , $ -   , $ -   , $ -   , $ -   , $ -   , $ -   , $ -   , $ -   , $ -   , $ -   , $ -   , $ -   , $ -   , $ -   , $ -   , $ -   , $ -   , $ -   , $ -   , $ -   , $ -   , $ -   , $ -   
Grade Capital,Kritika Ramesh,Dushyanth,Low - (< 50%),,Older Than Apr 23,,US and ROW Fintech,Churned,NBFC,#DIV/0!, $ -   , $ -   , $ -   , $ -   , $ -   , $ -   , $ -   , $ -   , $ -   , $ -   , $ -   , $ -   , $ -   , $ -   , $ -   , $ -   , $ -   , $ -   , $ -   , $ -   , $ -   , $ -   , $ -   , $ -   , $ -   , $ -   , $ -   , $ -   , $ -   , $ -   , $ -   , $ -   , $ -   , $ -   , $ -   , $ -   , $ -   
Vastu Housing,Sriya,Dushyanth,High - 80 to 100%,,Older Than Apr 23,,India,500 to 2K,NBFC,0," $ 1,005 ", $ -   , $ -   , $ -   , $ -   , $ -   , $ -   , $ -   , $ -   , $ -   , $ -   , $ -   , $ -   , $ -   , $ -   , $ -   , $ -   , $ -   , $ -   , $ -   , $ -   , $ -   , $ -   , $ -   , $ -   , $ -   , $ -   , $ -   , $ -   , $ -   , $ -   , $ -   , $ -   , $ -   , $ -   , $ -   , $ -   
Vested,Anshuman Gill,Pramod,High - 80 to 100%,,Older Than Apr 23,,India,500 to 2K,Brokerage,0, $ 995 , $ -   , $ -   , $ -   , $ -   , $ -   , $ -   , $ -   , $ -   , $ -   , $ -   , $ -   , $ -   , $ -   , $ -   , $ -   , $ -   , $ -   , $ -   , $ -   , $ -   , $ -   , $ -   , $ -   , $ -   , $ -   , $ -   , $ -   , $ -   , $ -   , $ -   , $ -   , $ -   , $ -   , $ -   , $ -   , $ -   
Juspay,Maline K L,Dushyanth,High - 80 to 100%,Payment Chaser to be sent,Older Than Apr 23,13-12-2024,India,Less than 100,Payment Service Provider,#DIV/0!, $ -   , $ -   , $ -   , $ -   , $ -   , $ -   , $ -   , $ -   , $ -   , $ -   , $ -   , $ -   , $ -   , $ -   , $ -   , $ -   , $ -   , $ -   , $ -   , $ -   , $ -   , $ -   , $ -   , $ -   , $ -   , $ -   , $ -   , $ -   , $ -   , $ -   , $ -   , $ -   , $ -   , $ -   , $ -   , $ -   , $ -   
Hero Fincorp,Gopinath Yerra,Chaitanya,High - 80 to 100%,,Older Than Apr 23,,India,10K to 50K,NBFC,0," $ 13,729 ", $ -   , $ -   , $ -   , $ -   , $ -   , $ -   , $ -   , $ -   , $ -   , $ -   , $ -   , $ -   , $ -   , $ -   , $ -   , $ -   , $ -   , $ -   , $ -   , $ -   , $ -   , $ -   , $ -   , $ -   , $ -   , $ -   , $ -   , $ -   , $ -   , $ -   , $ -   , $ -   , $ -   , $ -   , $ -   , $ -   
TCS Federal Bank,Sales,Pramod,High - 80 to 100%,Postpaid,Older Than Apr 23,,India,Dormant,Others,#DIV/0!, $ -   , $ -   , $ -   , $ -   , $ -   , $ -   , $ -   , $ -   , $ -   , $ -   , $ -   , $ -   , $ -   , $ -   , $ -   , $ -   , $ -   , $ -   , $ -   , $ -   , $ -   , $ -   , $ -   , $ -   , $ -   , $ -   , $ -   , $ -   , $ -   , $ -   , $ -   , $ -   , $ -   , $ -   , $ -   , $ -   , $ -   
Dis-Chem Pharmacies Limited - CLM,Ayyappa K R,Dushyanth,High - 80 to 100%,Reminder to follow up,Older Than Apr 23,,HyperStart,500 to 2K,CLM,0," $ 1,125 ", $ -   , $ -   , $ -   , $ -   , $ -   , $ -   , $ -   , $ -   , $ -   , $ -   , $ -   , $ -   , $ -   , $ -   , $ -   , $ -   , $ -   , $ -   , $ -   , $ -   , $ -   , $ -   , $ -   , $ -   , $ -   , $ -   , $ -   , $ -   , $ -   , $ -   , $ -   , $ -   , $ -   , $ -   , $ -   , $ -   
Giggles,Arunima Srivastava,Pramod,Low - (< 50%),,Older Than Apr 23,,India,Churned,Gig economy,#DIV/0!, $ -   , $ -   , $ -   , $ -   , $ -   , $ -   , $ -   , $ -   , $ -   , $ -   , $ -   , $ -   , $ -   , $ -   , $ -   , $ -   , $ -   , $ -   , $ -   , $ -   , $ -   , $ -   , $ -   , $ -   , $ -   , $ -   , $ -   , $ -   , $ -   , $ -   , $ -   , $ -   , $ -   , $ -   , $ -   , $ -   , $ -   
Freightos Ltd.,Ayyappa K R,Dushyanth,Low - (< 50%),Reminder to follow up,Older Than Apr 23,,HyperStart,500 to 2K,CLM,0, $ 583 , $ -   , $ -   , $ -   , $ -   , $ -   , $ -   ,,,,,,,,,,,,,,,,,,,,,,,,,,,,,,
Operadora Fiji,Kritika Ramesh,Pooja,Low - (< 50%),,Older Than Apr 23,,US and ROW Fintech,Less than 100,Digital Lenders ,#DIV/0!, $ -   , $ -   , $ -   , $ -   , $ -   , $ -   , $ -   , $ -   , $ -   , $ -   , $ -   , $ -   , $ -   , $ -   , $ -   , $ -   , $ -   , $ -   , $ -   , $ -   , $ -   , $ -   , $ -   , $ -   , $ -   , $ -   , $ -   , $ -   , $ -   , $ -   , $ -   , $ -   , $ -   , $ -   , $ -   , $ -   , $ -   
Alphadroid,Unassigned,Pramod,High - 80 to 100%,,Older Than Apr 23,,India,Dormant,Payment Service Provider,#DIV/0!, $ -   , $ -   , $ -   , $ -   , $ -   , $ -   , $ -   , $ -   , $ -   , $ -   , $ -   , $ -   , $ -   , $ -   , $ -   , $ -   , $ -   , $ -   , $ -   , $ -   , $ -   , $ -   , $ -   , $ -   , $ -   , $ -   , $ -   , $ -   , $ -   , $ -   , $ -   , $ -   , $ -   , $ -   , $ -   , $ -   , $ -   
Shopsense Retail,Ayyappa K R,Dushyanth,High - 80 to 100%,,Older Than Apr 23,,HyperStart,100 to 500,CLM,0, $ 324 , $ -   , $ -   , $ -   , $ -   , $ -   , $ -   , $ -   , $ -   , $ -   , $ -   , $ -   , $ -   , $ -   , $ -   , $ -   , $ -   , $ -   , $ -   , $ -   , $ -   , $ -   , $ -   , $ -   , $ -   , $ -   , $ -   , $ -   , $ -   , $ -   , $ -   , $ -   , $ -   , $ -   , $ -   , $ -   , $ -   
Glomopay - CLM,Ayyappa K R,Dushyanth,Medium - (50 to 79%),,Older Than Apr 23,,HyperStart,100 to 500,CLM,0, $ 231 , $ -   , $ -   , $ -   , $ -   , $ -   , $ -   , $ -   , $ -   , $ -   , $ -   , $ -   , $ -   , $ -   , $ -   , $ -   , $ -   , $ -   , $ -   , $ -   , $ -   , $ -   , $ -   , $ -   , $ -   , $ -   , $ -   , $ -   , $ -   , $ -   , $ -   , $ -   , $ -   , $ -   , $ -   , $ -   , $ -   
Dahlia,Naveen Shankar Choudhury,Churned,High - 80 to 100%,,Older Than Apr 23,,India,Churned,Others,#DIV/0!, $ -   , $ -   , $ -   , $ -   , $ -   , $ -   , $ -   , $ -   , $ -   , $ -   , $ -   , $ -   , $ -   , $ -   , $ -   , $ -   , $ -   , $ -   , $ -   , $ -   , $ -   , $ -   , $ -   , $ -   , $ -   , $ -   , $ -   , $ -   , $ -   , $ -   , $ -   , $ -   , $ -   , $ -   , $ -   , $ -   , $ -   
Sayyam Investments - CLM,Ayyappa K R,Dushyanth,High - 80 to 100%,,Older Than Apr 23,,HyperStart,100 to 500,CLM,0, $ 120 , $ -   , $ -   , $ -   , $ -   , $ -   , $ -   , $ -   , $ -   , $ -   , $ -   , $ -   , $ -   , $ -   , $ -   , $ -   , $ -   , $ -   , $ -   , $ -   , $ -   , $ -   , $ -   , $ -   , $ -   , $ -   , $ -   , $ -   , $ -   , $ -   , $ -   , $ -   , $ -   , $ -   , $ -   , $ -   , $ -   
SwiftAnt,Naveen Shankar Choudhury,Pramod,High - 80 to 100%,,Older Than Apr 23,,India,Less than 100,Channel Partner,0, $ 89 , $ -   , $ -   , $ -   , $ -   , $ -   , $ -   , $ -   , $ -   , $ -   , $ -   , $ -   , $ -   , $ -   , $ -   , $ -   , $ -   , $ -   , $ -   , $ -   , $ -   , $ -   , $ -   , $ -   , $ -   , $ -   , $ -   , $ -   , $ -   , $ -   , $ -   , $ -   , $ -   , $ -   , $ -   , $ -   , $ -   
Ballebaazi,Sriya,Pooja,Low - (< 50%),,Older Than Apr 23,,India,Dormant,Gaming,#DIV/0!, $ -   , $ -   , $ -   , $ -   , $ -   , $ -   , $ -   , $ -   , $ -   , $ -   , $ -   , $ -   , $ -   , $ -   , $ -   , $ -   , $ -   , $ -   , $ -   , $ -   , $ -   , $ -   , $ -   , $ -   , $ -   , $ -   , $ -   , $ -   , $ -   , $ -   , $ -   , $ -   , $ -   , $ -   , $ -   , $ -   , $ -   
Eenadu Pellipandiri,Kritika Ramesh,Pramod,Medium - (50 to 79%),,Older Than Apr 23,,India,Less than 100,Gig economy,0, $ 4 , $ -   , $ -   , $ -   , $ -   , $ -   , $ -   , $ -   , $ -   , $ -   , $ -   , $ -   , $ -   , $ -   , $ -   , $ -   , $ -   , $ -   , $ -   , $ -   , $ -   , $ -   , $ -   , $ -   , $ -   , $ -   , $ -   , $ -   , $ -   , $ -   , $ -   , $ -   , $ -   , $ -   , $ -   , $ -   , $ -   
DMI,Aditya Rao,Pooja,Low - (< 50%),,Older Than Apr 23,,India,2K to 10K,NBFC,0," $ 3,163 ", $ -   , $ -   , $ -   , $ -   , $ -   , $ -   , $ -   , $ -   , $ -   , $ -   , $ -   , $ -   , $ -   , $ -   , $ -   , $ -   , $ -   , $ -   , $ -   , $ -   , $ -   , $ -   , $ -   , $ -   , $ -   , $ -   , $ -   , $ -   , $ -   , $ -   , $ -   , $ -   , $ -   , $ -   , $ -   , $ -   
Envest,Aditya Rao,Pramod,#N/A,"Recon + List of O/s Invoices. Loop in KT, SM, VM, SK",Older Than Apr 23,,India,Churned,Crypto,#DIV/0!, $ -   , $ -   , $ -   , $ -   , $ -   , $ -   , $ -   , $ -   , $ -   , $ -   , $ -   , $ -   , $ -   , $ -   , $ -   , $ -   , $ -   , $ -   , $ -   , $ -   , $ -   , $ -   , $ -   , $ -   , $ -   , $ -   , $ -   , $ -   , $ -   , $ -   , $ -   , $ -   , $ -   , $ -   , $ -   , $ -   , $ -   
Menacred Nigeria,Aditya Rao,Chaitanya,#N/A,,Older Than Apr 23,,Africa,Churned,Others,#DIV/0!, $ -   , $ -   , $ -   , $ -   , $ -   , $ -   , $ -   , $ -   , $ -   , $ -   , $ -   , $ -   , $ -   , $ -   , $ -   , $ -   , $ -   , $ -   , $ -   , $ -   , $ -   , $ -   , $ -   , $ -   , $ -   , $ -   , $ -   , $ -   , $ -   , $ -   , $ -   , $ -   , $ -   , $ -   , $ -   , $ -   , $ -   
Coindhan,Aditya Rao,Pramod,High - 80 to 100%,,Older Than Apr 23,,India,Dormant,Crypto,#DIV/0!, $ -   , $ -   , $ -   , $ -   , $ -   , $ -   , $ -   , $ -   , $ -   , $ -   , $ -   , $ -   , $ -   , $ -   , $ -   , $ -   , $ -   , $ -   , $ -   , $ -   , $ -   , $ -   , $ -   , $ -   , $ -   , $ -   , $ -   , $ -   , $ -   , $ -   , $ -   , $ -   , $ -   , $ -   , $ -   , $ -   , $ -   
Horizon Pro,Aditya Rao,Pooja,Low - (< 50%),To talk to client to release payments. Agreement closure.,Older Than Apr 23,,India,Churned,Channel Partner,#DIV/0!, $ -   , $ -   , $ -   , $ -   , $ -   , $ -   , $ -   , $ -   , $ -   , $ -   , $ -   , $ -   , $ -   , $ -   , $ -   , $ -   , $ -   , $ -   , $ -   , $ -   , $ -   , $ -   , $ -   , $ -   , $ -   , $ -   , $ -   , $ -   , $ -   , $ -   , $ -   , $ -   , $ -   , $ -   , $ -   , $ -   , $ -   
Dunzo,Aditya Rao,Dushyanth,High - 80 to 100%,,Older Than Apr 23,,India,Churned,Gig economy,#DIV/0!, $ -   , $ -   , $ -   , $ -   , $ -   , $ -   , $ -   , $ -   , $ -   , $ -   , $ -   , $ -   , $ -   , $ -   , $ -   , $ -   , $ -   , $ -   , $ -   , $ -   , $ -   , $ -   , $ -   , $ -   , $ -   , $ -   , $ -   , $ -   , $ -   , $ -   , $ -   , $ -   , $ -   , $ -   , $ -   , $ -   , $ -   
GGTV,Aditya Rao,Pramod,#N/A,Written off. Krishna is taking care of it,Older Than Apr 23,,India,Dormant,Gaming,#DIV/0!, $ -   , $ -   , $ -   , $ -   , $ -   , $ -   , $ -   , $ -   , $ -   , $ -   , $ -   , $ -   , $ -   , $ -   , $ -   , $ -   , $ -   , $ -   , $ -   , $ -   , $ -   , $ -   , $ -   , $ -   , $ -   , $ -   , $ -   , $ -   , $ -   , $ -   , $ -   , $ -   , $ -   , $ -   , $ -   , $ -   , $ -   
Doosra,Aditya Rao,Churned,High - 80 to 100%,,Older Than Apr 23,,India,Churned,Telecom,#DIV/0!, $ -   , $ -   , $ -   , $ -   , $ -   , $ -   , $ -   , $ -   , $ -   , $ -   , $ -   , $ -   , $ -   , $ -   , $ -   , $ -   , $ -   , $ -   , $ -   , $ -   , $ -   , $ -   , $ -   , $ -   , $ -   , $ -   , $ -   , $ -   , $ -   , $ -   , $ -   , $ -   , $ -   , $ -   , $ -   , $ -   , $ -   
Monexo,Aditya Rao,Churned,High - 80 to 100%,,Older Than Apr 23,,India,Churned,Others,#DIV/0!, $ -   , $ -   , $ -   , $ -   , $ -   , $ -   , $ -   , $ -   , $ -   , $ -   , $ -   , $ -   , $ -   , $ -   , $ -   , $ -   , $ -   , $ -   , $ -   , $ -   , $ -   , $ -   , $ -   , $ -   , $ -   , $ -   , $ -   , $ -   , $ -   , $ -   , $ -   , $ -   , $ -   , $ -   , $ -   , $ -   , $ -   
NU Investors,Akanksha Pandaw,Pooja,High - 80 to 100%,Payment Chaser to be sent,Older Than Apr 23,13-12-2024,India,Dormant,Investment,#DIV/0!, $ -   , $ -   , $ -   , $ -   , $ -   , $ -   , $ -   , $ -   , $ -   , $ -   , $ -   , $ -   , $ -   , $ -   , $ -   , $ -   , $ -   , $ -   , $ -   , $ -   , $ -   , $ -   , $ -   , $ -   , $ -   , $ -   , $ -   , $ -   , $ -   , $ -   , $ -   , $ -   , $ -   , $ -   , $ -   , $ -   , $ -   
Faze,Anshuman Gill,Subin,Low - (< 50%),Payment Chaser to be sent. Mark them as churned,Older Than Apr 23,13-12-2024,India,Dormant,Others,#DIV/0!, $ -   , $ -   , $ -   , $ -   , $ -   , $ -   , $ -   , $ -   , $ -   , $ -   , $ -   , $ -   , $ -   , $ -   , $ -   , $ -   , $ -   , $ -   , $ -   , $ -   , $ -   , $ -   , $ -   , $ -   , $ -   , $ -   , $ -   , $ -   , $ -   , $ -   , $ -   , $ -   , $ -   , $ -   , $ -   , $ -   , $ -   
Woltz Energy,Anshuman Gill,Dushyanth,High - 80 to 100%,,Older Than Apr 23,,India,Dormant,Others,#DIV/0!, $ -   , $ -   , $ -   , $ -   , $ -   , $ -   , $ -   , $ -   , $ -   , $ -   , $ -   , $ -   , $ -   , $ -   , $ -   , $ -   , $ -   , $ -   , $ -   , $ -   , $ -   , $ -   , $ -   , $ -   , $ -   , $ -   , $ -   , $ -   , $ -   , $ -   , $ -   , $ -   , $ -   , $ -   , $ -   , $ -   , $ -   
ClicktoContract,Anshuman Gill,Pramod,High - 80 to 100%,,Older Than Apr 23,,India,Churned,Bike/Car Rental,#DIV/0!, $ -   , $ -   , $ -   , $ -   , $ -   , $ -   , $ -   , $ -   , $ -   , $ -   , $ -   , $ -   , $ -   , $ -   , $ -   , $ -   , $ -   , $ -   , $ -   , $ -   , $ -   , $ -   , $ -   , $ -   , $ -   , $ -   , $ -   , $ -   , $ -   , $ -   , $ -   , $ -   , $ -   , $ -   , $ -   , $ -   , $ -   
GetPi,Anshuman Gill,Pooja,#N/A,,Older Than Apr 23,,India,Dormant,Channel Partner,#DIV/0!, $ -   , $ -   , $ -   , $ -   , $ -   , $ -   , $ -   , $ -   , $ -   , $ -   , $ -   , $ -   , $ -   , $ -   , $ -   , $ -   , $ -   , $ -   , $ -   , $ -   , $ -   , $ -   , $ -   , $ -   , $ -   , $ -   , $ -   , $ -   , $ -   , $ -   , $ -   , $ -   , $ -   , $ -   , $ -   , $ -   , $ -   
Shree Maruti,Anshuman Gill,Chaitanya,#N/A,,Older Than Apr 23,,India,Churned,Others,#DIV/0!, $ -   , $ -   , $ -   , $ -   , $ -   , $ -   , $ -   , $ -   , $ -   , $ -   , $ -   , $ -   , $ -   , $ -   , $ -   , $ -   , $ -   , $ -   , $ -   , $ -   , $ -   , $ -   , $ -   , $ -   , $ -   , $ -   , $ -   , $ -   , $ -   , $ -   , $ -   , $ -   , $ -   , $ -   , $ -   , $ -   , $ -   
Arihant Plus,Anshuman Gill,Chaitanya,#N/A,,Older Than Apr 23,,India,Churned,Brokerage,#DIV/0!, $ -   , $ -   , $ -   , $ -   , $ -   , $ -   , $ -   , $ -   , $ -   , $ -   , $ -   , $ -   , $ -   , $ -   , $ -   , $ -   , $ -   , $ -   , $ -   , $ -   , $ -   , $ -   , $ -   , $ -   , $ -   , $ -   , $ -   , $ -   , $ -   , $ -   , $ -   , $ -   , $ -   , $ -   , $ -   , $ -   , $ -   
Go-Fynd Frolic,Anusha Gonuguntla,Chaitanya,#N/A,"Recon + List of O/s Invoices. Loop in KT, SM, VM, SK",Older Than Apr 23,,India,Churned,Gaming,#DIV/0!, $ -   , $ -   , $ -   , $ -   , $ -   , $ -   , $ -   , $ -   , $ -   , $ -   , $ -   , $ -   , $ -   , $ -   , $ -   , $ -   , $ -   , $ -   , $ -   , $ -   , $ -   , $ -   , $ -   , $ -   , $ -   , $ -   , $ -   , $ -   , $ -   , $ -   , $ -   , $ -   , $ -   , $ -   , $ -   , $ -   , $ -   
Sharkdom,Arunima Srivastava,Chaitanya,Low - (< 50%),,Older Than Apr 23,,India,Churned,Others,#DIV/0!, $ -   , $ -   , $ -   , $ -   , $ -   , $ -   , $ -   , $ -   , $ -   , $ -   , $ -   , $ -   , $ -   , $ -   , $ -   , $ -   , $ -   , $ -   , $ -   , $ -   , $ -   , $ -   , $ -   , $ -   , $ -   , $ -   , $ -   , $ -   , $ -   , $ -   , $ -   , $ -   , $ -   , $ -   , $ -   , $ -   , $ -   
Bira,Arunima Srivastava,Chaitanya,Low - (< 50%),Invoice needs to be created and new agreement needs to be signed. ,Older Than Apr 23,16-12-2024,India,Dormant,Gig economy,#DIV/0!, $ -   , $ -   , $ -   , $ -   , $ -   , $ -   , $ -   , $ -   , $ -   , $ -   , $ -   , $ -   , $ -   , $ -   , $ -   , $ -   , $ -   , $ -   , $ -   , $ -   , $ -   , $ -   , $ -   , $ -   , $ -   , $ -   , $ -   , $ -   , $ -   , $ -   , $ -   , $ -   , $ -   , $ -   , $ -   , $ -   , $ -   
Rekoon,Arunima Srivastava,Pramod,Low - (< 50%),,Older Than Apr 23,,India,Dormant,Payment Service Provider,#DIV/0!, $ -   , $ -   , $ -   , $ -   , $ -   , $ -   , $ -   , $ -   , $ -   , $ -   , $ -   , $ -   , $ -   , $ -   , $ -   , $ -   , $ -   , $ -   , $ -   , $ -   , $ -   , $ -   , $ -   , $ -   , $ -   , $ -   , $ -   , $ -   , $ -   , $ -   , $ -   , $ -   , $ -   , $ -   , $ -   , $ -   , $ -   
Wheebox,Arunima Srivastava,Pramod,#N/A,,Older Than Apr 23,,India,Churned,Ed-tech/Learning,#DIV/0!, $ -   , $ -   , $ -   , $ -   , $ -   , $ -   , $ -   , $ -   , $ -   , $ -   , $ -   , $ -   , $ -   , $ -   , $ -   , $ -   , $ -   , $ -   , $ -   , $ -   , $ -   , $ -   , $ -   , $ -   , $ -   , $ -   , $ -   , $ -   , $ -   , $ -   , $ -   , $ -   , $ -   , $ -   , $ -   , $ -   , $ -   
Zigram,Arunima Srivastava,Pramod,#N/A,,Older Than Apr 23,,India,Dormant,Channel Partner,#DIV/0!, $ -   , $ -   , $ -   , $ -   , $ -   , $ -   , $ -   , $ -   , $ -   , $ -   , $ -   , $ -   , $ -   , $ -   , $ -   , $ -   , $ -   , $ -   , $ -   , $ -   , $ -   , $ -   , $ -   , $ -   , $ -   , $ -   , $ -   , $ -   , $ -   , $ -   , $ -   , $ -   , $ -   , $ -   , $ -   , $ -   , $ -   
Lilypad,Arunima Srivastava,Pramod,High - 80 to 100%,,Older Than Apr 23,,India,Churned,Gig economy,#DIV/0!, $ -   , $ -   , $ -   , $ -   , $ -   , $ -   , $ -   , $ -   , $ -   , $ -   , $ -   , $ -   , $ -   , $ -   , $ -   , $ -   , $ -   , $ -   , $ -   , $ -   , $ -   , $ -   , $ -   , $ -   , $ -   , $ -   , $ -   , $ -   , $ -   , $ -   , $ -   , $ -   , $ -   , $ -   , $ -   , $ -   , $ -   
Hero Insurance Broking,Arunima Srivastava,Chaitanya,Low - (< 50%),,Older Than Apr 23,,India,Churned,Others,#DIV/0!, $ -   , $ -   , $ -   , $ -   , $ -   , $ -   , $ -   , $ -   , $ -   , $ -   , $ -   , $ -   , $ -   , $ -   , $ -   , $ -   , $ -   , $ -   , $ -   , $ -   , $ -   , $ -   , $ -   , $ -   , $ -   , $ -   , $ -   , $ -   , $ -   , $ -   , $ -   , $ -   , $ -   , $ -   , $ -   , $ -   , $ -   
Digit,Arunima Srivastava,Churned,#N/A,,Older Than Apr 23,,India,Churned,Insurance,#DIV/0!, $ -   , $ -   , $ -   , $ -   , $ -   , $ -   , $ -   , $ -   , $ -   , $ -   , $ -   , $ -   , $ -   , $ -   , $ -   , $ -   , $ -   , $ -   , $ -   , $ -   , $ -   , $ -   , $ -   , $ -   , $ -   , $ -   , $ -   , $ -   , $ -   , $ -   , $ -   , $ -   , $ -   , $ -   , $ -   , $ -   , $ -   
Firestone,Arunima Srivastava,Pramod,Low - (< 50%),,Older Than Apr 23,,India,Dormant,Gaming,#DIV/0!, $ -   , $ -   , $ -   , $ -   , $ -   , $ -   , $ -   , $ -   , $ -   , $ -   , $ -   , $ -   , $ -   , $ -   , $ -   , $ -   , $ -   , $ -   , $ -   , $ -   , $ -   , $ -   , $ -   , $ -   , $ -   , $ -   , $ -   , $ -   , $ -   , $ -   , $ -   , $ -   , $ -   , $ -   , $ -   , $ -   , $ -   
ClearDynamic Inc. - CLM,Ayyappa K R,Dushyanth,Low - (< 50%),Reminder to follow up,Older Than Apr 23,,HyperStart,100 to 500,CLM,0, $ 375 , $ -   , $ -   , $ -   , $ -   , $ -   , $ -   , $ -   , $ -   , $ -   , $ -   , $ -   , $ -   , $ -   , $ -   , $ -   , $ -   , $ -   , $ -   , $ -   , $ -   , $ -   , $ -   , $ -   , $ -   , $ -   , $ -   , $ -   , $ -   , $ -   , $ -   , $ -   , $ -   , $ -   , $ -   , $ -   , $ -   
TechByHeart,Ayyappa K R,Dushyanth,High - 80 to 100%,,Older Than Apr 23,,HyperStart,Less than 100,CLM,0, $ 75 , $ -   , $ -   , $ -   , $ -   , $ -   , $ -   , $ -   , $ -   , $ -   , $ -   , $ -   , $ -   , $ -   , $ -   , $ -   , $ -   , $ -   , $ -   , $ -   , $ -   , $ -   , $ -   , $ -   , $ -   , $ -   , $ -   , $ -   , $ -   , $ -   , $ -   , $ -   , $ -   , $ -   , $ -   , $ -   , $ -   
Lumelight,Ayyappa K R,Dushyanth,High - 80 to 100%,,Older Than Apr 23,,HyperStart,500 to 2K,CLM,0," $ 1,167 ", $ -   , $ -   , $ -   , $ -   , $ -   , $ -   , $ -   , $ -   , $ -   , $ -   , $ -   , $ -   , $ -   , $ -   , $ -   , $ -   , $ -   , $ -   , $ -   , $ -   , $ -   , $ -   , $ -   , $ -   , $ -   , $ -   , $ -   , $ -   , $ -   , $ -   , $ -   , $ -   , $ -   , $ -   , $ -   , $ -   
NAVI - CLM,Ayyappa K R,Dushyanth,High - 80 to 100%,,Older Than Apr 23,,HyperStart,500 to 2K,CLM,0, $ 833 , $ -   , $ -   , $ -   , $ -   , $ -   , $ -   , $ -   , $ -   , $ -   , $ -   , $ -   , $ -   , $ -   , $ -   , $ -   , $ -   , $ -   , $ -   , $ -   , $ -   , $ -   , $ -   , $ -   , $ -   , $ -   , $ -   , $ -   , $ -   , $ -   , $ -   , $ -   , $ -   , $ -   , $ -   , $ -   , $ -   
Salus Worldwide,Ayyappa K R,Dushyanth,High - 80 to 100%,,Older Than Apr 23,,HyperStart,500 to 2K,CLM,0, $ 625 , $ -   , $ -   , $ -   , $ -   , $ -   , $ -   , $ -   , $ -   , $ -   , $ -   , $ -   , $ -   , $ -   , $ -   , $ -   , $ -   , $ -   , $ -   , $ -   , $ -   , $ -   , $ -   , $ -   , $ -   , $ -   , $ -   , $ -   , $ -   , $ -   , $ -   , $ -   , $ -   , $ -   , $ -   , $ -   , $ -   
RentoMojo - CLM,Ayyappa K R,Dushyanth,High - 80 to 100%,,Older Than Apr 23,,HyperStart,500 to 2K,CLM,0, $ 613 , $ -   , $ -   , $ -   , $ -   , $ -   , $ -   , $ -   , $ -   , $ -   , $ -   , $ -   , $ -   , $ -   , $ -   , $ -   , $ -   , $ -   , $ -   , $ -   , $ -   , $ -   , $ -   , $ -   , $ -   , $ -   , $ -   , $ -   , $ -   , $ -   , $ -   , $ -   , $ -   , $ -   , $ -   , $ -   , $ -   
Setu,Ayyappa K R,Dushyanth,High - 80 to 100%,,Older Than Apr 23,,HyperStart,500 to 2K,CLM,0, $ 579 , $ -   , $ -   , $ -   , $ -   , $ -   , $ -   , $ -   , $ -   , $ -   , $ -   , $ -   , $ -   , $ -   , $ -   , $ -   , $ -   , $ -   , $ -   , $ -   , $ -   , $ -   , $ -   , $ -   , $ -   , $ -   , $ -   , $ -   , $ -   , $ -   , $ -   , $ -   , $ -   , $ -   , $ -   , $ -   , $ -   
Qapita,Ayyappa K R,Dushyanth,High - 80 to 100%,,Older Than Apr 23,,HyperStart,100 to 500,CLM,0, $ 324 , $ -   , $ -   , $ -   , $ -   , $ -   , $ -   , $ -   , $ -   , $ -   , $ -   , $ -   , $ -   , $ -   , $ -   , $ -   , $ -   , $ -   , $ -   , $ -   , $ -   , $ -   , $ -   , $ -   , $ -   , $ -   , $ -   , $ -   , $ -   , $ -   , $ -   , $ -   , $ -   , $ -   , $ -   , $ -   , $ -   
EAII Advisors,Ayyappa K R,Dushyanth,High - 80 to 100%,,Older Than Apr 23,,HyperStart,100 to 500,CLM,0, $ 324 , $ -   , $ -   , $ -   , $ -   , $ -   , $ -   , $ -   , $ -   , $ -   , $ -   , $ -   , $ -   , $ -   , $ -   , $ -   , $ -   , $ -   , $ -   , $ -   , $ -   , $ -   , $ -   , $ -   , $ -   , $ -   , $ -   , $ -   , $ -   , $ -   , $ -   , $ -   , $ -   , $ -   , $ -   , $ -   , $ -   
Kulficollective,Ayyappa K R,Dushyanth,High - 80 to 100%,Payment Chaser to be sent,Older Than Apr 23,13-12-2024,HyperStart,100 to 500,CLM,0, $ 231 , $ -   , $ -   , $ -   , $ -   , $ -   , $ -   , $ -   , $ -   , $ -   , $ -   , $ -   , $ -   , $ -   , $ -   , $ -   , $ -   , $ -   , $ -   , $ -   , $ -   , $ -   , $ -   , $ -   , $ -   , $ -   , $ -   , $ -   , $ -   , $ -   , $ -   , $ -   , $ -   , $ -   , $ -   , $ -   , $ -   
GalaxEye - CLM,Ayyappa K R,Dushyanth,High - 80 to 100%,,Older Than Apr 23,,HyperStart,100 to 500,CLM,0, $ 300 , $ -   , $ -   , $ -   , $ -   , $ -   , $ -   , $ -   , $ -   , $ -   , $ -   , $ -   , $ -   , $ -   , $ -   , $ -   , $ -   , $ -   , $ -   , $ -   , $ -   , $ -   , $ -   , $ -   , $ -   , $ -   , $ -   , $ -   , $ -   , $ -   , $ -   , $ -   , $ -   , $ -   , $ -   , $ -   , $ -   
Prowess Software,Ayyappa K R,Dushyanth,High - 80 to 100%,,Older Than Apr 23,,HyperStart,100 to 500,CLM,0, $ 185 , $ -   , $ -   , $ -   , $ -   , $ -   , $ -   , $ -   , $ -   , $ -   , $ -   , $ -   , $ -   , $ -   , $ -   , $ -   , $ -   , $ -   , $ -   , $ -   , $ -   , $ -   , $ -   , $ -   , $ -   , $ -   , $ -   , $ -   , $ -   , $ -   , $ -   , $ -   , $ -   , $ -   , $ -   , $ -   , $ -   
Spinny - CLM,Ayyappa K R,Dushyanth,High - 80 to 100%,,Older Than Apr 23,,HyperStart,100 to 500,CLM,0, $ 116 , $ -   , $ -   , $ -   , $ -   , $ -   , $ -   , $ -   , $ -   , $ -   , $ -   , $ -   , $ -   , $ -   , $ -   , $ -   , $ -   , $ -   , $ -   , $ -   , $ -   , $ -   , $ -   , $ -   , $ -   , $ -   , $ -   , $ -   , $ -   , $ -   , $ -   , $ -   , $ -   , $ -   , $ -   , $ -   , $ -   
KaptureCX,Ayyappa K R,Dushyanth,High - 80 to 100%,,Older Than Apr 23,,HyperStart,100 to 500,CLM,0, $ 107 , $ -   , $ -   , $ -   , $ -   , $ -   , $ -   , $ -   , $ -   , $ -   , $ -   , $ -   , $ -   , $ -   , $ -   , $ -   , $ -   , $ -   , $ -   , $ -   , $ -   , $ -   , $ -   , $ -   , $ -   , $ -   , $ -   , $ -   , $ -   , $ -   , $ -   , $ -   , $ -   , $ -   , $ -   , $ -   , $ -   
Khatabook - CLM,Ayyappa K R,Dushyanth,High - 80 to 100%,,Older Than Apr 23,,HyperStart,Churned,CLM,#DIV/0!, $ -   , $ -   , $ -   , $ -   , $ -   , $ -   , $ -   , $ -   , $ -   , $ -   , $ -   , $ -   , $ -   , $ -   , $ -   , $ -   , $ -   , $ -   , $ -   , $ -   , $ -   , $ -   , $ -   , $ -   , $ -   , $ -   , $ -   , $ -   , $ -   , $ -   , $ -   , $ -   , $ -   , $ -   , $ -   , $ -   , $ -   
Wingify - CLM,Ayyappa K R,Dushyanth,#N/A,,Older Than Apr 23,,HyperStart,Churned,CLM,#DIV/0!, $ -   , $ -   , $ -   , $ -   , $ -   , $ -   , $ -   , $ -   , $ -   , $ -   , $ -   , $ -   , $ -   , $ -   , $ -   , $ -   , $ -   , $ -   , $ -   , $ -   , $ -   , $ -   , $ -   , $ -   , $ -   , $ -   , $ -   , $ -   , $ -   , $ -   , $ -   , $ -   , $ -   , $ -   , $ -   , $ -   , $ -   
Hippostores,Ayyappa K R,Dushyanth,High - 80 to 100%,,Older Than Apr 23,,HyperStart,Churned,CLM,#DIV/0!, $ -   , $ -   , $ -   , $ -   , $ -   , $ -   , $ -   , $ -   , $ -   , $ -   , $ -   , $ -   , $ -   , $ -   , $ -   , $ -   , $ -   , $ -   , $ -   , $ -   , $ -   , $ -   , $ -   , $ -   , $ -   , $ -   , $ -   , $ -   , $ -   , $ -   , $ -   , $ -   , $ -   , $ -   , $ -   , $ -   , $ -   
Catskill Center for Conservation and Development,Ayyappa K R,Dushyanth,High - 80 to 100%,Payment Chaser to be sent. (Call),Older Than Apr 23,13-12-2024,HyperStart,500 to 2K,CLM,0, $ 417 , $ -   , $ -   , $ -   , $ -   , $ -   , $ -   , $ -   , $ -   , $ -   , $ -   , $ -   , $ -   , $ -   , $ -   , $ -   , $ -   , $ -   , $ -   , $ -   , $ -   , $ -   , $ -   , $ -   , $ -   , $ -   , $ -   , $ -   , $ -   , $ -   , $ -   , $ -   , $ -   , $ -   , $ -   , $ -   , $ -   
"Xolv Technology Solutions, Inc - CLM",Ayyappa K R,Dushyanth,Low - (< 50%),Reminder to follow up,Older Than Apr 23,,HyperStart,500 to 2K,CLM,0, $ 833 , $ -   , $ -   , $ -   , $ -   , $ -   , $ -   , $ -   , $ -   , $ -   , $ -   , $ -   , $ -   , $ -   , $ -   , $ -   , $ -   , $ -   , $ -   , $ -   , $ -   , $ -   , $ -   , $ -   , $ -   , $ -   , $ -   , $ -   , $ -   , $ -   , $ -   , $ -   , $ -   , $ -   , $ -   , $ -   , $ -   
Fan Tiger,Churned,Churned,#N/A,,Older Than Apr 23,,US and ROW Fintech,Churned,Crypto,#DIV/0!, $ -   , $ -   , $ -   , $ -   , $ -   , $ -   , $ -   , $ -   , $ -   , $ -   , $ -   , $ -   , $ -   , $ -   , $ -   , $ -   , $ -   , $ -   , $ -   , $ -   , $ -   , $ -   , $ -   , $ -   , $ -   , $ -   , $ -   , $ -   , $ -   , $ -   , $ -   , $ -   , $ -   , $ -   , $ -   , $ -   , $ -   
Mobicast,Churned,Churned,#N/A,,Older Than Apr 23,,ASEAN,Churned,Others,#DIV/0!, $ -   , $ -   , $ -   , $ -   , $ -   , $ -   , $ -   , $ -   , $ -   , $ -   , $ -   , $ -   , $ -   , $ -   , $ -   , $ -   , $ -   , $ -   , $ -   , $ -   , $ -   , $ -   , $ -   , $ -   , $ -   , $ -   , $ -   , $ -   , $ -   , $ -   , $ -   , $ -   , $ -   , $ -   , $ -   , $ -   , $ -   
Black Copper,Churned,Churned,#N/A,,Older Than Apr 23,,Africa,Churned,Others,#DIV/0!, $ -   , $ -   , $ -   , $ -   , $ -   , $ -   , $ -   , $ -   , $ -   , $ -   , $ -   , $ -   , $ -   , $ -   , $ -   , $ -   , $ -   , $ -   , $ -   , $ -   , $ -   , $ -   , $ -   , $ -   , $ -   , $ -   , $ -   , $ -   , $ -   , $ -   , $ -   , $ -   , $ -   , $ -   , $ -   , $ -   , $ -   
Epay Technologies,Churned,Churned,#N/A,,Older Than Apr 23,,ASEAN,Churned,Others,#DIV/0!, $ -   , $ -   , $ -   , $ -   , $ -   , $ -   , $ -   , $ -   , $ -   , $ -   , $ -   , $ -   , $ -   , $ -   , $ -   , $ -   , $ -   , $ -   , $ -   , $ -   , $ -   , $ -   , $ -   , $ -   , $ -   , $ -   , $ -   , $ -   , $ -   , $ -   , $ -   , $ -   , $ -   , $ -   , $ -   , $ -   , $ -   
Vamo,Churned,Churned,#N/A,,Older Than Apr 23,,ASEAN,Churned,Others,#DIV/0!, $ -   , $ -   , $ -   , $ -   , $ -   , $ -   , $ -   , $ -   , $ -   , $ -   , $ -   , $ -   , $ -   , $ -   , $ -   , $ -   , $ -   , $ -   , $ -   , $ -   , $ -   , $ -   , $ -   , $ -   , $ -   , $ -   , $ -   , $ -   , $ -   , $ -   , $ -   , $ -   , $ -   , $ -   , $ -   , $ -   , $ -   
LendSqr,Churned,Chaitanya,#N/A,,Older Than Apr 23,,Africa,Churned,Others,#DIV/0!, $ -   , $ -   , $ -   , $ -   , $ -   , $ -   , $ -   , $ -   , $ -   , $ -   , $ -   , $ -   , $ -   , $ -   , $ -   , $ -   , $ -   , $ -   , $ -   , $ -   , $ -   , $ -   , $ -   , $ -   , $ -   , $ -   , $ -   , $ -   , $ -   , $ -   , $ -   , $ -   , $ -   , $ -   , $ -   , $ -   , $ -   
Virtusa,Churned,Chaitanya,#N/A,Prepaid,Older Than Apr 23,,US and ROW Fintech,Churned,Others,#DIV/0!, $ -   , $ -   , $ -   , $ -   , $ -   , $ -   , $ -   , $ -   , $ -   , $ -   , $ -   , $ -   , $ -   , $ -   , $ -   , $ -   , $ -   , $ -   , $ -   , $ -   , $ -   , $ -   , $ -   , $ -   , $ -   , $ -   , $ -   , $ -   , $ -   , $ -   , $ -   , $ -   , $ -   , $ -   , $ -   , $ -   , $ -   
LinkedIn,Churned,Churned,#N/A,,Older Than Apr 23,,India,Churned,Others,#DIV/0!, $ -   , $ -   , $ -   , $ -   , $ -   , $ -   , $ -   , $ -   , $ -   , $ -   , $ -   , $ -   , $ -   , $ -   , $ -   , $ -   , $ -   , $ -   , $ -   , $ -   , $ -   , $ -   , $ -   , $ -   , $ -   , $ -   , $ -   , $ -   , $ -   , $ -   , $ -   , $ -   , $ -   , $ -   , $ -   , $ -   , $ -   
Boozie,Churned,Churned,#N/A,,Older Than Apr 23,,India,Churned,Others,#DIV/0!, $ -   , $ -   , $ -   , $ -   , $ -   , $ -   , $ -   , $ -   , $ -   , $ -   , $ -   , $ -   , $ -   , $ -   , $ -   , $ -   , $ -   , $ -   , $ -   , $ -   , $ -   , $ -   , $ -   , $ -   , $ -   , $ -   , $ -   , $ -   , $ -   , $ -   , $ -   , $ -   , $ -   , $ -   , $ -   , $ -   , $ -   
RLI,Churned,Pooja,Low - (< 50%),,Older Than Apr 23,,ASEAN,Less than 100,Others,#DIV/0!, $ -   , $ -   , $ -   , $ -   , $ -   , $ -   , $ -   , $ -   , $ -   , $ -   , $ -   , $ -   , $ -   , $ -   , $ -   , $ -   , $ -   , $ -   , $ -   , $ -   , $ -   , $ -   , $ -   , $ -   , $ -   , $ -   , $ -   , $ -   , $ -   , $ -   , $ -   , $ -   , $ -   , $ -   , $ -   , $ -   , $ -   
Byjus,Churned,Churned,#N/A,,Older Than Apr 23,,India,Churned,Ed-tech/Learning,#DIV/0!, $ -   , $ -   , $ -   , $ -   , $ -   , $ -   , $ -   , $ -   , $ -   , $ -   , $ -   , $ -   , $ -   , $ -   , $ -   , $ -   , $ -   , $ -   , $ -   , $ -   , $ -   , $ -   , $ -   , $ -   , $ -   , $ -   , $ -   , $ -   , $ -   , $ -   , $ -   , $ -   , $ -   , $ -   , $ -   , $ -   , $ -   
BIDV Securities JSC,Churned,Pooja,Low - (< 50%),,Older Than Apr 23,,ASEAN,Less than 100,Brokerage,#DIV/0!, $ -   , $ -   , $ -   , $ -   , $ -   , $ -   , $ -   , $ -   , $ -   , $ -   , $ -   , $ -   , $ -   , $ -   , $ -   , $ -   , $ -   , $ -   , $ -   , $ -   , $ -   , $ -   , $ -   , $ -   , $ -   , $ -   , $ -   , $ -   , $ -   , $ -   , $ -   , $ -   , $ -   , $ -   , $ -   , $ -   , $ -   
Zest Money,Churned,Churned,#N/A,,Older Than Apr 23,,India,Churned,Others,#DIV/0!, $ -   , $ -   , $ -   , $ -   , $ -   , $ -   , $ -   , $ -   , $ -   , $ -   , $ -   , $ -   , $ -   , $ -   , $ -   , $ -   , $ -   , $ -   , $ -   , $ -   , $ -   , $ -   , $ -   , $ -   , $ -   , $ -   , $ -   , $ -   , $ -   , $ -   , $ -   , $ -   , $ -   , $ -   , $ -   , $ -   , $ -   
Be Financial (CAKE),Churned,Pooja,Low - (< 50%),,Older Than Apr 23,,ASEAN,Churned,Wallet,#DIV/0!, $ -   , $ -   , $ -   , $ -   , $ -   , $ -   , $ -   , $ -   , $ -   , $ -   , $ -   , $ -   , $ -   , $ -   , $ -   , $ -   , $ -   , $ -   , $ -   , $ -   , $ -   , $ -   , $ -   , $ -   , $ -   , $ -   , $ -   , $ -   , $ -   , $ -   , $ -   , $ -   , $ -   , $ -   , $ -   , $ -   , $ -   
Junglee Poker,Churned,Churned,#N/A,,Older Than Apr 23,,India,Churned,Gaming,#DIV/0!, $ -   , $ -   , $ -   , $ -   , $ -   , $ -   , $ -   , $ -   , $ -   , $ -   , $ -   , $ -   , $ -   , $ -   , $ -   , $ -   , $ -   , $ -   , $ -   , $ -   , $ -   , $ -   , $ -   , $ -   , $ -   , $ -   , $ -   , $ -   , $ -   , $ -   , $ -   , $ -   , $ -   , $ -   , $ -   , $ -   , $ -   
Lipa Later,Churned,Chaitanya,Low - (< 50%),,Older Than Apr 23,,Africa,Churned,Others,#DIV/0!, $ -   , $ -   , $ -   , $ -   , $ -   , $ -   , $ -   , $ -   , $ -   , $ -   , $ -   , $ -   , $ -   , $ -   , $ -   , $ -   , $ -   , $ -   , $ -   , $ -   , $ -   , $ -   , $ -   , $ -   , $ -   , $ -   , $ -   , $ -   , $ -   , $ -   , $ -   , $ -   , $ -   , $ -   , $ -   , $ -   , $ -   
Moneyveo,Churned,Churned,#N/A,,Older Than Apr 23,,ASEAN,Churned,Others,#DIV/0!, $ -   , $ -   , $ -   , $ -   , $ -   , $ -   , $ -   , $ -   , $ -   , $ -   , $ -   , $ -   , $ -   , $ -   , $ -   , $ -   , $ -   , $ -   , $ -   , $ -   , $ -   , $ -   , $ -   , $ -   , $ -   , $ -   , $ -   , $ -   , $ -   , $ -   , $ -   , $ -   , $ -   , $ -   , $ -   , $ -   , $ -   
Takomo (Eqvanta),Churned,Churned,#N/A,,Older Than Apr 23,,ASEAN,Churned,Lending Marketplace,#DIV/0!, $ -   , $ -   , $ -   , $ -   , $ -   , $ -   , $ -   , $ -   , $ -   , $ -   , $ -   , $ -   , $ -   , $ -   , $ -   , $ -   , $ -   , $ -   , $ -   , $ -   , $ -   , $ -   , $ -   , $ -   , $ -   , $ -   , $ -   , $ -   , $ -   , $ -   , $ -   , $ -   , $ -   , $ -   , $ -   , $ -   , $ -   
Aella,Churned,Churned,#N/A,,Older Than Apr 23,,Africa,Churned,Others,#DIV/0!, $ -   , $ -   , $ -   , $ -   , $ -   , $ -   , $ -   , $ -   , $ -   , $ -   , $ -   , $ -   , $ -   , $ -   , $ -   , $ -   , $ -   , $ -   , $ -   , $ -   , $ -   , $ -   , $ -   , $ -   , $ -   , $ -   , $ -   , $ -   , $ -   , $ -   , $ -   , $ -   , $ -   , $ -   , $ -   , $ -   , $ -   
Grab VN,Churned,Pooja,#N/A,,Older Than Apr 23,,ASEAN,Churned,Gig economy,#DIV/0!, $ -   , $ -   , $ -   , $ -   , $ -   , $ -   , $ -   , $ -   , $ -   , $ -   , $ -   , $ -   , $ -   , $ -   , $ -   , $ -   , $ -   , $ -   , $ -   , $ -   , $ -   , $ -   , $ -   , $ -   , $ -   , $ -   , $ -   , $ -   , $ -   , $ -   , $ -   , $ -   , $ -   , $ -   , $ -   , $ -   , $ -   
Cash 24,Churned,Churned,#N/A,,Older Than Apr 23,,ASEAN,Churned,Others,#DIV/0!, $ -   , $ -   , $ -   , $ -   , $ -   , $ -   , $ -   , $ -   , $ -   , $ -   , $ -   , $ -   , $ -   , $ -   , $ -   , $ -   , $ -   , $ -   , $ -   , $ -   , $ -   , $ -   , $ -   , $ -   , $ -   , $ -   , $ -   , $ -   , $ -   , $ -   , $ -   , $ -   , $ -   , $ -   , $ -   , $ -   , $ -   
Attlas (and Finpath),Churned,Churned,#N/A,,Older Than Apr 23,,ASEAN,Churned,NBFC,#DIV/0!, $ -   , $ -   , $ -   , $ -   , $ -   , $ -   , $ -   , $ -   , $ -   , $ -   , $ -   , $ -   , $ -   , $ -   , $ -   , $ -   , $ -   , $ -   , $ -   , $ -   , $ -   , $ -   , $ -   , $ -   , $ -   , $ -   , $ -   , $ -   , $ -   , $ -   , $ -   , $ -   , $ -   , $ -   , $ -   , $ -   , $ -   
MoneyTap,Churned,Churned,#N/A,,Older Than Apr 23,,ASEAN,Churned,Others,#DIV/0!, $ -   , $ -   , $ -   , $ -   , $ -   , $ -   , $ -   , $ -   , $ -   , $ -   , $ -   , $ -   , $ -   , $ -   , $ -   , $ -   , $ -   , $ -   , $ -   , $ -   , $ -   , $ -   , $ -   , $ -   , $ -   , $ -   , $ -   , $ -   , $ -   , $ -   , $ -   , $ -   , $ -   , $ -   , $ -   , $ -   , $ -   
ATM Online,Churned,Churned,#N/A,,Older Than Apr 23,,ASEAN,Churned,Others,#DIV/0!, $ -   , $ -   , $ -   , $ -   , $ -   , $ -   , $ -   , $ -   , $ -   , $ -   , $ -   , $ -   , $ -   , $ -   , $ -   , $ -   , $ -   , $ -   , $ -   , $ -   , $ -   , $ -   , $ -   , $ -   , $ -   , $ -   , $ -   , $ -   , $ -   , $ -   , $ -   , $ -   , $ -   , $ -   , $ -   , $ -   , $ -   
Asim,Churned,Churned,#N/A,,Older Than Apr 23,,ASEAN,Churned,Channel Partner,#DIV/0!, $ -   , $ -   , $ -   , $ -   , $ -   , $ -   , $ -   , $ -   , $ -   , $ -   , $ -   , $ -   , $ -   , $ -   , $ -   , $ -   , $ -   , $ -   , $ -   , $ -   , $ -   , $ -   , $ -   , $ -   , $ -   , $ -   , $ -   , $ -   , $ -   , $ -   , $ -   , $ -   , $ -   , $ -   , $ -   , $ -   , $ -   
Bank Genie,Churned,Churned,#N/A,,Older Than Apr 23,,ASEAN,Churned,Others,#DIV/0!, $ -   , $ -   , $ -   , $ -   , $ -   , $ -   , $ -   , $ -   , $ -   , $ -   , $ -   , $ -   , $ -   , $ -   , $ -   , $ -   , $ -   , $ -   , $ -   , $ -   , $ -   , $ -   , $ -   , $ -   , $ -   , $ -   , $ -   , $ -   , $ -   , $ -   , $ -   , $ -   , $ -   , $ -   , $ -   , $ -   , $ -   
Bulls,Churned,Churned,#N/A,,Older Than Apr 23,,ASEAN,Churned,Others,#DIV/0!, $ -   , $ -   , $ -   , $ -   , $ -   , $ -   , $ -   , $ -   , $ -   , $ -   , $ -   , $ -   , $ -   , $ -   , $ -   , $ -   , $ -   , $ -   , $ -   , $ -   , $ -   , $ -   , $ -   , $ -   , $ -   , $ -   , $ -   , $ -   , $ -   , $ -   , $ -   , $ -   , $ -   , $ -   , $ -   , $ -   , $ -   
Connectiv3,Churned,Churned,#N/A,,Older Than Apr 23,,US and ROW Fintech,Churned,Others,#DIV/0!, $ -   , $ -   , $ -   , $ -   , $ -   , $ -   , $ -   , $ -   , $ -   , $ -   , $ -   , $ -   , $ -   , $ -   , $ -   , $ -   , $ -   , $ -   , $ -   , $ -   , $ -   , $ -   , $ -   , $ -   , $ -   , $ -   , $ -   , $ -   , $ -   , $ -   , $ -   , $ -   , $ -   , $ -   , $ -   , $ -   , $ -   
Fairmoney (India),Churned,Churned,#N/A,churned,Older Than Apr 23,,India,Churned,NBFC,#DIV/0!, $ -   , $ -   , $ -   , $ -   , $ -   , $ -   , $ -   , $ -   , $ -   , $ -   , $ -   , $ -   , $ -   , $ -   , $ -   , $ -   , $ -   , $ -   , $ -   , $ -   , $ -   , $ -   , $ -   , $ -   , $ -   , $ -   , $ -   , $ -   , $ -   , $ -   , $ -   , $ -   , $ -   , $ -   , $ -   , $ -   , $ -   
Digipay,Churned,Churned,#N/A,,Older Than Apr 23,,ASEAN,Churned,Payment Service Provider,#DIV/0!, $ -   , $ -   , $ -   , $ -   , $ -   , $ -   , $ -   , $ -   , $ -   , $ -   , $ -   , $ -   , $ -   , $ -   , $ -   , $ -   , $ -   , $ -   , $ -   , $ -   , $ -   , $ -   , $ -   , $ -   , $ -   , $ -   , $ -   , $ -   , $ -   , $ -   , $ -   , $ -   , $ -   , $ -   , $ -   , $ -   , $ -   
GalaxyOne,Churned,Churned,#N/A,,Older Than Apr 23,,ASEAN,Churned,Others,#DIV/0!, $ -   , $ -   , $ -   , $ -   , $ -   , $ -   , $ -   , $ -   , $ -   , $ -   , $ -   , $ -   , $ -   , $ -   , $ -   , $ -   , $ -   , $ -   , $ -   , $ -   , $ -   , $ -   , $ -   , $ -   , $ -   , $ -   , $ -   , $ -   , $ -   , $ -   , $ -   , $ -   , $ -   , $ -   , $ -   , $ -   , $ -   
Grab PH,Churned,Churned,#N/A,,Older Than Apr 23,,ASEAN,Churned,Others,#DIV/0!, $ -   , $ -   , $ -   , $ -   , $ -   , $ -   , $ -   , $ -   , $ -   , $ -   , $ -   , $ -   , $ -   , $ -   , $ -   , $ -   , $ -   , $ -   , $ -   , $ -   , $ -   , $ -   , $ -   , $ -   , $ -   , $ -   , $ -   , $ -   , $ -   , $ -   , $ -   , $ -   , $ -   , $ -   , $ -   , $ -   , $ -   
iCareBenefits,Churned,Churned,#N/A,,Older Than Apr 23,,ASEAN,Churned,Others,#DIV/0!, $ -   , $ -   , $ -   , $ -   , $ -   , $ -   , $ -   , $ -   , $ -   , $ -   , $ -   , $ -   , $ -   , $ -   , $ -   , $ -   , $ -   , $ -   , $ -   , $ -   , $ -   , $ -   , $ -   , $ -   , $ -   , $ -   , $ -   , $ -   , $ -   , $ -   , $ -   , $ -   , $ -   , $ -   , $ -   , $ -   , $ -   
Momo,Churned,Churned,#N/A,,Older Than Apr 23,,ASEAN,Churned,Others,#DIV/0!, $ -   , $ -   , $ -   , $ -   , $ -   , $ -   , $ -   , $ -   , $ -   , $ -   , $ -   , $ -   , $ -   , $ -   , $ -   , $ -   , $ -   , $ -   , $ -   , $ -   , $ -   , $ -   , $ -   , $ -   , $ -   , $ -   , $ -   , $ -   , $ -   , $ -   , $ -   , $ -   , $ -   , $ -   , $ -   , $ -   , $ -   
Moneycat (ASEAN),Churned,Churned,#N/A,,Older Than Apr 23,,ASEAN,Churned,Others,#DIV/0!, $ -   , $ -   , $ -   , $ -   , $ -   , $ -   , $ -   , $ -   , $ -   , $ -   , $ -   , $ -   , $ -   , $ -   , $ -   , $ -   , $ -   , $ -   , $ -   , $ -   , $ -   , $ -   , $ -   , $ -   , $ -   , $ -   , $ -   , $ -   , $ -   , $ -   , $ -   , $ -   , $ -   , $ -   , $ -   , $ -   , $ -   
NFT5,Churned,Churned,#N/A,,Older Than Apr 23,,ASEAN,Churned,Others,#DIV/0!, $ -   , $ -   , $ -   , $ -   , $ -   , $ -   , $ -   , $ -   , $ -   , $ -   , $ -   , $ -   , $ -   , $ -   , $ -   , $ -   , $ -   , $ -   , $ -   , $ -   , $ -   , $ -   , $ -   , $ -   , $ -   , $ -   , $ -   , $ -   , $ -   , $ -   , $ -   , $ -   , $ -   , $ -   , $ -   , $ -   , $ -   
OnCredit,Churned,Churned,#N/A,,Older Than Apr 23,,ASEAN,Churned,Others,#DIV/0!, $ -   , $ -   , $ -   , $ -   , $ -   , $ -   , $ -   , $ -   , $ -   , $ -   , $ -   , $ -   , $ -   , $ -   , $ -   , $ -   , $ -   , $ -   , $ -   , $ -   , $ -   , $ -   , $ -   , $ -   , $ -   , $ -   , $ -   , $ -   , $ -   , $ -   , $ -   , $ -   , $ -   , $ -   , $ -   , $ -   , $ -   
Pillow,Churned,Churned,#N/A,,Older Than Apr 23,,Africa,Churned,Others,#DIV/0!, $ -   , $ -   , $ -   , $ -   , $ -   , $ -   , $ -   , $ -   , $ -   , $ -   , $ -   , $ -   , $ -   , $ -   , $ -   , $ -   , $ -   , $ -   , $ -   , $ -   , $ -   , $ -   , $ -   , $ -   , $ -   , $ -   , $ -   , $ -   , $ -   , $ -   , $ -   , $ -   , $ -   , $ -   , $ -   , $ -   , $ -   
Tata communications (US),Churned,Churned,#N/A,,Older Than Apr 23,,US and ROW Fintech,Churned,Channel Partner,#DIV/0!, $ -   , $ -   , $ -   , $ -   , $ -   , $ -   , $ -   , $ -   , $ -   , $ -   , $ -   , $ -   , $ -   , $ -   , $ -   , $ -   , $ -   , $ -   , $ -   , $ -   , $ -   , $ -   , $ -   , $ -   , $ -   , $ -   , $ -   , $ -   , $ -   , $ -   , $ -   , $ -   , $ -   , $ -   , $ -   , $ -   , $ -   
Topjuan,Churned,Churned,#N/A,,Older Than Apr 23,,ASEAN,Churned,Others,#DIV/0!, $ -   , $ -   , $ -   , $ -   , $ -   , $ -   , $ -   , $ -   , $ -   , $ -   , $ -   , $ -   , $ -   , $ -   , $ -   , $ -   , $ -   , $ -   , $ -   , $ -   , $ -   , $ -   , $ -   , $ -   , $ -   , $ -   , $ -   , $ -   , $ -   , $ -   , $ -   , $ -   , $ -   , $ -   , $ -   , $ -   , $ -   
TPI,Churned,Churned,#N/A,,Older Than Apr 23,,ASEAN,Churned,Others,#DIV/0!, $ -   , $ -   , $ -   , $ -   , $ -   , $ -   , $ -   , $ -   , $ -   , $ -   , $ -   , $ -   , $ -   , $ -   , $ -   , $ -   , $ -   , $ -   , $ -   , $ -   , $ -   , $ -   , $ -   , $ -   , $ -   , $ -   , $ -   , $ -   , $ -   , $ -   , $ -   , $ -   , $ -   , $ -   , $ -   , $ -   , $ -   
U-Bank,Churned,Churned,#N/A,,Older Than Apr 23,,ASEAN,Churned,Others,#DIV/0!, $ -   , $ -   , $ -   , $ -   , $ -   , $ -   , $ -   , $ -   , $ -   , $ -   , $ -   , $ -   , $ -   , $ -   , $ -   , $ -   , $ -   , $ -   , $ -   , $ -   , $ -   , $ -   , $ -   , $ -   , $ -   , $ -   , $ -   , $ -   , $ -   , $ -   , $ -   , $ -   , $ -   , $ -   , $ -   , $ -   , $ -   
iServeU,Churned,Churned,#N/A,,Older Than Apr 23,,India,Churned,Payment Service Provider,#DIV/0!, $ -   , $ -   , $ -   , $ -   , $ -   , $ -   , $ -   , $ -   , $ -   , $ -   , $ -   , $ -   , $ -   , $ -   , $ -   , $ -   , $ -   , $ -   , $ -   , $ -   , $ -   , $ -   , $ -   , $ -   , $ -   , $ -   , $ -   , $ -   , $ -   , $ -   , $ -   , $ -   , $ -   , $ -   , $ -   , $ -   , $ -   
Sunking,Churned,Churned,#N/A,,Older Than Apr 23,,Africa,Churned,Others,#DIV/0!, $ -   , $ -   , $ -   , $ -   , $ -   , $ -   , $ -   , $ -   , $ -   , $ -   , $ -   , $ -   , $ -   , $ -   , $ -   , $ -   , $ -   , $ -   , $ -   , $ -   , $ -   , $ -   , $ -   , $ -   , $ -   , $ -   , $ -   , $ -   , $ -   , $ -   , $ -   , $ -   , $ -   , $ -   , $ -   , $ -   , $ -   
Tolaram,Churned,Churned,#N/A,,Older Than Apr 23,,Africa,Churned,Others,#DIV/0!, $ -   , $ -   , $ -   , $ -   , $ -   , $ -   , $ -   , $ -   , $ -   , $ -   , $ -   , $ -   , $ -   , $ -   , $ -   , $ -   , $ -   , $ -   , $ -   , $ -   , $ -   , $ -   , $ -   , $ -   , $ -   , $ -   , $ -   , $ -   , $ -   , $ -   , $ -   , $ -   , $ -   , $ -   , $ -   , $ -   , $ -   
Superbank,Harshit Shrivastava,Pooja,High - 80 to 100%,,Older Than Apr 23,,ASEAN,10K to 50K,Banks,0," $ 15,732 ", $ -   , $ -   , $ -   , $ -   , $ -   , $ -   , $ -   , $ -   , $ -   , $ -   , $ -   , $ -   , $ -   , $ -   , $ -   , $ -   , $ -   , $ -   , $ -   , $ -   , $ -   , $ -   , $ -   , $ -   , $ -   , $ -   , $ -   , $ -   , $ -   , $ -   , $ -   , $ -   , $ -   , $ -   , $ -   , $ -   
BI Worldwide,Kritika Ramesh,Churned,#N/A,,Older Than Apr 23,,India,Churned,Gig economy,#DIV/0!, $ -   , $ -   , $ -   , $ -   , $ -   , $ -   , $ -   , $ -   , $ -   , $ -   , $ -   , $ -   , $ -   , $ -   , $ -   , $ -   , $ -   , $ -   , $ -   , $ -   , $ -   , $ -   , $ -   , $ -   , $ -   , $ -   , $ -   , $ -   , $ -   , $ -   , $ -   , $ -   , $ -   , $ -   , $ -   , $ -   , $ -   
Gradatim,Kritika Ramesh,Pramod,High - 80 to 100%,,Older Than Apr 23,,India,Less than 100,Channel Partner,#DIV/0!, $ -   , $ -   , $ -   , $ -   , $ -   , $ -   , $ -   , $ -   , $ -   , $ -   , $ -   , $ -   , $ -   , $ -   , $ -   , $ -   , $ -   , $ -   , $ -   , $ -   , $ -   , $ -   , $ -   , $ -   , $ -   , $ -   , $ -   , $ -   , $ -   , $ -   , $ -   , $ -   , $ -   , $ -   , $ -   , $ -   , $ -   
Oolka,Kritika Ramesh,Pramod,High - 80 to 100%,,Older Than Apr 23,,India,Churned,Others,#DIV/0!, $ -   , $ -   , $ -   , $ -   , $ -   , $ -   , $ -   , $ -   , $ -   , $ -   , $ -   , $ -   , $ -   , $ -   , $ -   , $ -   , $ -   , $ -   , $ -   , $ -   , $ -   , $ -   , $ -   , $ -   , $ -   , $ -   , $ -   , $ -   , $ -   , $ -   , $ -   , $ -   , $ -   , $ -   , $ -   , $ -   , $ -   
Kuhoo,Kritika Ramesh,Pramod,High - 80 to 100%,,Older Than Apr 23,,India,Churned,Lending Marketplace,#DIV/0!, $ -   , $ -   , $ -   , $ -   , $ -   , $ -   , $ -   , $ -   , $ -   , $ -   , $ -   , $ -   , $ -   , $ -   , $ -   , $ -   , $ -   , $ -   , $ -   , $ -   , $ -   , $ -   , $ -   , $ -   , $ -   , $ -   , $ -   , $ -   , $ -   , $ -   , $ -   , $ -   , $ -   , $ -   , $ -   , $ -   , $ -   
Nolo Money,Kritika Ramesh,Churned,#N/A,,Older Than Apr 23,,India,Churned,Others,#DIV/0!, $ -   , $ -   , $ -   , $ -   , $ -   , $ -   , $ -   , $ -   , $ -   , $ -   , $ -   , $ -   , $ -   , $ -   , $ -   , $ -   , $ -   , $ -   , $ -   , $ -   , $ -   , $ -   , $ -   , $ -   , $ -   , $ -   , $ -   , $ -   , $ -   , $ -   , $ -   , $ -   , $ -   , $ -   , $ -   , $ -   , $ -   
Chatravas,Kritika Ramesh,Pooja,Low - (< 50%),,Older Than Apr 23,,India,Dormant,Channel Partner,#DIV/0!, $ -   , $ -   , $ -   , $ -   , $ -   , $ -   , $ -   , $ -   , $ -   , $ -   , $ -   , $ -   , $ -   , $ -   , $ -   , $ -   , $ -   , $ -   , $ -   , $ -   , $ -   , $ -   , $ -   , $ -   , $ -   , $ -   , $ -   , $ -   , $ -   , $ -   , $ -   , $ -   , $ -   , $ -   , $ -   , $ -   , $ -   
SILKROAD FINANCE,Lawrence Osayemi,Chaitanya,#N/A,,Older Than Apr 23,,Africa,Dormant,Others,#DIV/0!, $ -   , $ -   , $ -   , $ -   , $ -   , $ -   , $ -   , $ -   , $ -   , $ -   , $ -   , $ -   , $ -   , $ -   , $ -   , $ -   , $ -   , $ -   , $ -   , $ -   , $ -   , $ -   , $ -   , $ -   , $ -   , $ -   , $ -   , $ -   , $ -   , $ -   , $ -   , $ -   , $ -   , $ -   , $ -   , $ -   , $ -   
Quickcheck,Lawrence Osayemi,Chaitanya,#N/A,,Older Than Apr 23,,Africa,Churned,Others,#DIV/0!, $ -   , $ -   , $ -   , $ -   , $ -   , $ -   , $ -   , $ -   , $ -   , $ -   , $ -   , $ -   , $ -   , $ -   , $ -   , $ -   , $ -   , $ -   , $ -   , $ -   , $ -   , $ -   , $ -   , $ -   , $ -   , $ -   , $ -   , $ -   , $ -   , $ -   , $ -   , $ -   , $ -   , $ -   , $ -   , $ -   , $ -   
Zilla,Lawrence Osayemi,Chaitanya,#N/A,,Older Than Apr 23,,Africa,Churned,Others,#DIV/0!, $ -   , $ -   , $ -   , $ -   , $ -   , $ -   , $ -   , $ -   , $ -   , $ -   , $ -   , $ -   , $ -   , $ -   , $ -   , $ -   , $ -   , $ -   , $ -   , $ -   , $ -   , $ -   , $ -   , $ -   , $ -   , $ -   , $ -   , $ -   , $ -   , $ -   , $ -   , $ -   , $ -   , $ -   , $ -   , $ -   , $ -   
Montra NG,Lawrence Osayemi,Chaitanya,Low - (< 50%),,Older Than Apr 23,,Africa,Dormant,Others,#DIV/0!, $ -   , $ -   , $ -   , $ -   , $ -   , $ -   , $ -   , $ -   , $ -   , $ -   , $ -   , $ -   , $ -   , $ -   , $ -   , $ -   , $ -   , $ -   , $ -   , $ -   , $ -   , $ -   , $ -   , $ -   , $ -   , $ -   , $ -   , $ -   , $ -   , $ -   , $ -   , $ -   , $ -   , $ -   , $ -   , $ -   , $ -   
Trust Crow,Lawrence Osayemi,Chaitanya,#N/A,,Older Than Apr 23,,Africa,Dormant,Others,#DIV/0!, $ -   , $ -   , $ -   , $ -   , $ -   , $ -   , $ -   , $ -   , $ -   , $ -   , $ -   , $ -   , $ -   , $ -   , $ -   , $ -   , $ -   , $ -   , $ -   , $ -   , $ -   , $ -   , $ -   , $ -   , $ -   , $ -   , $ -   , $ -   , $ -   , $ -   , $ -   , $ -   , $ -   , $ -   , $ -   , $ -   , $ -   
Finos,Linh Doan,Churned,#N/A,,Older Than Apr 23,,ASEAN,Churned,Others,#DIV/0!, $ -   , $ -   , $ -   , $ -   , $ -   , $ -   , $ -   , $ -   , $ -   , $ -   , $ -   , $ -   , $ -   , $ -   , $ -   , $ -   , $ -   , $ -   , $ -   , $ -   , $ -   , $ -   , $ -   , $ -   , $ -   , $ -   , $ -   , $ -   , $ -   , $ -   , $ -   , $ -   , $ -   , $ -   , $ -   , $ -   , $ -   
 MaiMoney ,Linh Doan,Pooja,Low - (< 50%),,Older Than Apr 23,,ASEAN,Less than 100,Wealth Management,#DIV/0!, $ -   , $ -   , $ -   , $ -   , $ -   , $ -   , $ -   , $ -   , $ -   , $ -   , $ -   , $ -   , $ -   , $ -   , $ -   , $ -   , $ -   , $ -   , $ -   , $ -   , $ -   , $ -   , $ -   , $ -   , $ -   , $ -   , $ -   , $ -   , $ -   , $ -   , $ -   , $ -   , $ -   , $ -   , $ -   , $ -   , $ -   
Tiplur,Maline K L,Chaitanya,#N/A,,Older Than Apr 23,,India,Churned,Gig economy,#DIV/0!, $ -   , $ -   , $ -   , $ -   , $ -   , $ -   , $ -   , $ -   , $ -   , $ -   , $ -   , $ -   , $ -   , $ -   , $ -   , $ -   , $ -   , $ -   , $ -   , $ -   , $ -   , $ -   , $ -   , $ -   , $ -   , $ -   , $ -   , $ -   , $ -   , $ -   , $ -   , $ -   , $ -   , $ -   , $ -   , $ -   , $ -   
BravoTree,Maline K L,Chaitanya,#N/A,,Older Than Apr 23,,India,Dormant,Gaming,#DIV/0!, $ -   , $ -   , $ -   , $ -   , $ -   , $ -   , $ -   , $ -   , $ -   , $ -   , $ -   , $ -   , $ -   , $ -   , $ -   , $ -   , $ -   , $ -   , $ -   , $ -   , $ -   , $ -   , $ -   , $ -   , $ -   , $ -   , $ -   , $ -   , $ -   , $ -   , $ -   , $ -   , $ -   , $ -   , $ -   , $ -   , $ -   
GoPik,Maline K L,Pramod,#N/A,,Older Than Apr 23,,India,Churned,Digital Lenders,#DIV/0!, $ -   , $ -   , $ -   , $ -   , $ -   , $ -   , $ -   , $ -   , $ -   , $ -   , $ -   , $ -   , $ -   , $ -   , $ -   , $ -   , $ -   , $ -   , $ -   , $ -   , $ -   , $ -   , $ -   , $ -   , $ -   , $ -   , $ -   , $ -   , $ -   , $ -   , $ -   , $ -   , $ -   , $ -   , $ -   , $ -   , $ -   
Of business (Oxyzo),Maline K L,Chaitanya,#N/A,,Older Than Apr 23,,India,Dormant,Digital Lenders,#DIV/0!, $ -   , $ -   , $ -   , $ -   , $ -   , $ -   , $ -   , $ -   , $ -   , $ -   , $ -   , $ -   , $ -   , $ -   , $ -   , $ -   , $ -   , $ -   , $ -   , $ -   , $ -   , $ -   , $ -   , $ -   , $ -   , $ -   , $ -   , $ -   , $ -   , $ -   , $ -   , $ -   , $ -   , $ -   , $ -   , $ -   , $ -   
Tripmoney,Maline K L,Pooja,Low - (< 50%),,Older Than Apr 23,,India,Less than 100,Payment Service Provider,#DIV/0!, $ -   , $ -   , $ -   , $ -   , $ -   , $ -   , $ -   , $ -   , $ -   , $ -   , $ -   , $ -   , $ -   , $ -   , $ -   , $ -   , $ -   , $ -   , $ -   , $ -   , $ -   , $ -   , $ -   , $ -   , $ -   , $ -   , $ -   , $ -   , $ -   , $ -   , $ -   , $ -   , $ -   , $ -   , $ -   , $ -   , $ -   
Stockal,Maline K L,Chaitanya,Low - (< 50%),Pooja/Vaibhav to follow up with Kishore.,Older Than Apr 23,13-Dec-24,India,Churned,Brokerage,#DIV/0!, $ -   , $ -   , $ -   , $ -   , $ -   , $ -   , $ -   , $ -   , $ -   , $ -   , $ -   , $ -   , $ -   , $ -   , $ -   , $ -   , $ -   , $ -   , $ -   , $ -   , $ -   , $ -   , $ -   , $ -   , $ -   , $ -   , $ -   , $ -   , $ -   , $ -   , $ -   , $ -   , $ -   , $ -   , $ -   , $ -   , $ -   
Equal.in,Maline K L,Pramod,High - 80 to 100%,,Older Than Apr 23,,India,Dormant,Others,#DIV/0!, $ -   , $ -   , $ -   , $ -   , $ -   , $ -   , $ -   , $ -   , $ -   , $ -   , $ -   , $ -   , $ -   , $ -   , $ -   , $ -   , $ -   , $ -   , $ -   , $ -   , $ -   , $ -   , $ -   , $ -   , $ -   , $ -   , $ -   , $ -   , $ -   , $ -   , $ -   , $ -   , $ -   , $ -   , $ -   , $ -   , $ -   
Sam Co.,Maline K L,Pooja,Low - (< 50%),,Older Than Apr 23,,India,Churned,Brokerage,#DIV/0!, $ -   , $ -   , $ -   , $ -   , $ -   , $ -   , $ -   , $ -   , $ -   , $ -   , $ -   , $ -   , $ -   , $ -   , $ -   , $ -   , $ -   , $ -   , $ -   , $ -   , $ -   , $ -   , $ -   , $ -   , $ -   , $ -   , $ -   , $ -   , $ -   , $ -   , $ -   , $ -   , $ -   , $ -   , $ -   , $ -   , $ -   
flint,Maline K L,Pramod,High - 80 to 100%,Prepaid,Older Than Apr 23,,India,Churned,Gig economy,#DIV/0!, $ -   , $ -   , $ -   , $ -   , $ -   , $ -   , $ -   , $ -   , $ -   , $ -   , $ -   , $ -   , $ -   , $ -   , $ -   , $ -   , $ -   , $ -   , $ -   , $ -   , $ -   , $ -   , $ -   , $ -   , $ -   , $ -   , $ -   , $ -   , $ -   , $ -   , $ -   , $ -   , $ -   , $ -   , $ -   , $ -   , $ -   
Target Coins,Maline K L,Pramod,High - 80 to 100%,,Older Than Apr 23,,India,Churned,Others,#DIV/0!, $ -   , $ -   , $ -   , $ -   , $ -   , $ -   , $ -   , $ -   , $ -   , $ -   , $ -   , $ -   , $ -   , $ -   , $ -   , $ -   , $ -   , $ -   , $ -   , $ -   , $ -   , $ -   , $ -   , $ -   , $ -   , $ -   , $ -   , $ -   , $ -   , $ -   , $ -   , $ -   , $ -   , $ -   , $ -   , $ -   , $ -   
Playaway,Maline K L,Pramod,High - 80 to 100%,,Older Than Apr 23,,India,Churned,Others,#DIV/0!, $ -   , $ -   , $ -   , $ -   , $ -   , $ -   , $ -   , $ -   , $ -   , $ -   , $ -   , $ -   , $ -   , $ -   , $ -   , $ -   , $ -   , $ -   , $ -   , $ -   , $ -   , $ -   , $ -   , $ -   , $ -   , $ -   , $ -   , $ -   , $ -   , $ -   , $ -   , $ -   , $ -   , $ -   , $ -   , $ -   , $ -   
NU10,Maline K L,Pramod,Low - (< 50%),,Older Than Apr 23,,India,Churned,Gaming,#DIV/0!, $ -   , $ -   , $ -   , $ -   , $ -   , $ -   , $ -   , $ -   , $ -   , $ -   , $ -   , $ -   , $ -   , $ -   , $ -   , $ -   , $ -   , $ -   , $ -   , $ -   , $ -   , $ -   , $ -   , $ -   , $ -   , $ -   , $ -   , $ -   , $ -   , $ -   , $ -   , $ -   , $ -   , $ -   , $ -   , $ -   , $ -   
Goldbck,Maline K L,Pramod,High - 80 to 100%,,Older Than Apr 23,,India,Dormant,Payment Service Provider,#DIV/0!, $ -   , $ -   , $ -   , $ -   , $ -   , $ -   , $ -   , $ -   , $ -   , $ -   , $ -   , $ -   , $ -   , $ -   , $ -   , $ -   , $ -   , $ -   , $ -   , $ -   , $ -   , $ -   , $ -   , $ -   , $ -   , $ -   , $ -   , $ -   , $ -   , $ -   , $ -   , $ -   , $ -   , $ -   , $ -   , $ -   , $ -   
Happay,Maline K L,Pramod,High - 80 to 100%,,Older Than Apr 23,,India,Churned,Payment Service Provider,#DIV/0!, $ -   , $ -   , $ -   , $ -   , $ -   , $ -   , $ -   , $ -   , $ -   , $ -   , $ -   , $ -   , $ -   , $ -   , $ -   , $ -   , $ -   , $ -   , $ -   , $ -   , $ -   , $ -   , $ -   , $ -   , $ -   , $ -   , $ -   , $ -   , $ -   , $ -   , $ -   , $ -   , $ -   , $ -   , $ -   , $ -   , $ -   
Mystox,Maline K L,Pooja,#N/A,"Recon + List of O/s Invoices. Loop in KT, SM, VM, SK",Older Than Apr 23,,India,Dormant,Others,#DIV/0!, $ -   , $ -   , $ -   , $ -   , $ -   , $ -   , $ -   , $ -   , $ -   , $ -   , $ -   , $ -   , $ -   , $ -   , $ -   , $ -   , $ -   , $ -   , $ -   , $ -   , $ -   , $ -   , $ -   , $ -   , $ -   , $ -   , $ -   , $ -   , $ -   , $ -   , $ -   , $ -   , $ -   , $ -   , $ -   , $ -   , $ -   
Oropocket,Maline K L,Chaitanya,#N/A,,Older Than Apr 23,,India,Churned,Others,#DIV/0!, $ -   , $ -   , $ -   , $ -   , $ -   , $ -   , $ -   , $ -   , $ -   , $ -   , $ -   , $ -   , $ -   , $ -   , $ -   , $ -   , $ -   , $ -   , $ -   , $ -   , $ -   , $ -   , $ -   , $ -   , $ -   , $ -   , $ -   , $ -   , $ -   , $ -   , $ -   , $ -   , $ -   , $ -   , $ -   , $ -   , $ -   
PrivateCircle,Maline K L,Chaitanya,#N/A,,Older Than Apr 23,,India,Churned,Others,#DIV/0!, $ -   , $ -   , $ -   , $ -   , $ -   , $ -   , $ -   , $ -   , $ -   , $ -   , $ -   , $ -   , $ -   , $ -   , $ -   , $ -   , $ -   , $ -   , $ -   , $ -   , $ -   , $ -   , $ -   , $ -   , $ -   , $ -   , $ -   , $ -   , $ -   , $ -   , $ -   , $ -   , $ -   , $ -   , $ -   , $ -   , $ -   
Queepay,Maline K L,Churned,#N/A,"Recon + List of O/s Invoices. Loop in KT, SM, VM, SK",Older Than Apr 23,,India,Churned,Others,#DIV/0!, $ -   , $ -   , $ -   , $ -   , $ -   , $ -   , $ -   , $ -   , $ -   , $ -   , $ -   , $ -   , $ -   , $ -   , $ -   , $ -   , $ -   , $ -   , $ -   , $ -   , $ -   , $ -   , $ -   , $ -   , $ -   , $ -   , $ -   , $ -   , $ -   , $ -   , $ -   , $ -   , $ -   , $ -   , $ -   , $ -   , $ -   
Poker Dangal,Maline K L,Pramod,Low - (< 50%),,Older Than Apr 23,,India,Churned,Gaming,#DIV/0!, $ -   , $ -   , $ -   , $ -   , $ -   , $ -   , $ -   , $ -   , $ -   , $ -   , $ -   , $ -   , $ -   , $ -   , $ -   , $ -   , $ -   , $ -   , $ -   , $ -   , $ -   , $ -   , $ -   , $ -   , $ -   , $ -   , $ -   , $ -   , $ -   , $ -   , $ -   , $ -   , $ -   , $ -   , $ -   , $ -   , $ -   
 ICICI MF ,Manoj Kumar Singh,Pramod,High - 80 to 100%,,Older Than Apr 23,,India,Less than 100,AMCs,#DIV/0!, $ -   , $ -   , $ -   , $ -   , $ -   , $ -   , $ -   , $ -   , $ -   , $ -   , $ -   , $ -   , $ -   , $ -   , $ -   , $ -   , $ -   , $ -   , $ -   , $ -   , $ -   , $ -   , $ -   , $ -   , $ -   , $ -   , $ -   , $ -   , $ -   , $ -   , $ -   , $ -   , $ -   , $ -   , $ -   , $ -   , $ -   
ONUS,Minh Nguyen Duc,Pooja,Low - (< 50%),,Older Than Apr 23,,ASEAN,Churned,Crypto,#DIV/0!, $ -   , $ -   , $ -   , $ -   , $ -   , $ -   , $ -   , $ -   , $ -   , $ -   , $ -   , $ -   , $ -   , $ -   , $ -   , $ -   , $ -   , $ -   , $ -   , $ -   , $ -   , $ -   , $ -   , $ -   , $ -   , $ -   , $ -   , $ -   , $ -   , $ -   , $ -   , $ -   , $ -   , $ -   , $ -   , $ -   , $ -   
Movi - Sovico,Minh Nguyen Duc,Pooja,Low - (< 50%),,Older Than Apr 23,,ASEAN,Churned,Digital Lenders,#DIV/0!, $ -   , $ -   , $ -   , $ -   , $ -   , $ -   , $ -   , $ -   , $ -   , $ -   , $ -   , $ -   , $ -   , $ -   , $ -   , $ -   , $ -   , $ -   , $ -   , $ -   , $ -   , $ -   , $ -   , $ -   , $ -   , $ -   , $ -   , $ -   , $ -   , $ -   , $ -   , $ -   , $ -   , $ -   , $ -   , $ -   , $ -   
HanaGold,Nam Nguyen,Pooja,#N/A,,Older Than Apr 23,,ASEAN,Churned,Lending Marketplace,#DIV/0!, $ -   , $ -   , $ -   , $ -   , $ -   , $ -   , $ -   , $ -   , $ -   , $ -   , $ -   , $ -   , $ -   , $ -   , $ -   , $ -   , $ -   , $ -   , $ -   , $ -   , $ -   , $ -   , $ -   , $ -   , $ -   , $ -   , $ -   , $ -   , $ -   , $ -   , $ -   , $ -   , $ -   , $ -   , $ -   , $ -   , $ -   
Neev,Naveen Shankar Choudhury,Chaitanya,#N/A,,Older Than Apr 23,,US and ROW Fintech,Churned,Others,#DIV/0!, $ -   , $ -   , $ -   , $ -   , $ -   , $ -   , $ -   , $ -   , $ -   , $ -   , $ -   , $ -   , $ -   , $ -   , $ -   , $ -   , $ -   , $ -   , $ -   , $ -   , $ -   , $ -   , $ -   , $ -   , $ -   , $ -   , $ -   , $ -   , $ -   , $ -   , $ -   , $ -   , $ -   , $ -   , $ -   , $ -   , $ -   
Cred Reserve,Naveen Shankar Choudhury,Pramod,High - 80 to 100%,,Older Than Apr 23,,India,Less than 100,Payment Service Provider,#DIV/0!, $ -   , $ -   , $ -   , $ -   , $ -   , $ -   , $ -   , $ -   , $ -   , $ -   , $ -   , $ -   , $ -   , $ -   , $ -   , $ -   , $ -   , $ -   , $ -   , $ -   , $ -   , $ -   , $ -   , $ -   , $ -   , $ -   , $ -   , $ -   , $ -   , $ -   , $ -   , $ -   , $ -   , $ -   , $ -   , $ -   , $ -   
CryptoSmartLife,Naveen Shankar Choudhury,Pooja,#N/A,,Older Than Apr 23,,India,Churned,Crypto,#DIV/0!, $ -   , $ -   , $ -   , $ -   , $ -   , $ -   , $ -   , $ -   , $ -   , $ -   , $ -   , $ -   , $ -   , $ -   , $ -   , $ -   , $ -   , $ -   , $ -   , $ -   , $ -   , $ -   , $ -   , $ -   , $ -   , $ -   , $ -   , $ -   , $ -   , $ -   , $ -   , $ -   , $ -   , $ -   , $ -   , $ -   , $ -   
Ola/Avail Finance,Naveen Shankar Choudhury,Pramod,High - 80 to 100%,,Older Than Apr 23,,India,Dormant,Digital Lenders,#DIV/0!, $ -   , $ -   , $ -   , $ -   , $ -   , $ -   , $ -   , $ -   , $ -   , $ -   , $ -   , $ -   , $ -   , $ -   , $ -   , $ -   , $ -   , $ -   , $ -   , $ -   , $ -   , $ -   , $ -   , $ -   , $ -   , $ -   , $ -   , $ -   , $ -   , $ -   , $ -   , $ -   , $ -   , $ -   , $ -   , $ -   , $ -   
orbitech,Naveen Shankar Choudhury,Pramod,High - 80 to 100%,,Older Than Apr 23,,India,Churned,Channel Partner,#DIV/0!, $ -   , $ -   , $ -   , $ -   , $ -   , $ -   , $ -   , $ -   , $ -   , $ -   , $ -   , $ -   , $ -   , $ -   , $ -   , $ -   , $ -   , $ -   , $ -   , $ -   , $ -   , $ -   , $ -   , $ -   , $ -   , $ -   , $ -   , $ -   , $ -   , $ -   , $ -   , $ -   , $ -   , $ -   , $ -   , $ -   , $ -   
Prefr,Naveen Shankar Choudhury,Chaitanya,#N/A,,Older Than Apr 23,,India,Churned,Others,#DIV/0!, $ -   , $ -   , $ -   , $ -   , $ -   , $ -   , $ -   , $ -   , $ -   , $ -   , $ -   , $ -   , $ -   , $ -   , $ -   , $ -   , $ -   , $ -   , $ -   , $ -   , $ -   , $ -   , $ -   , $ -   , $ -   , $ -   , $ -   , $ -   , $ -   , $ -   , $ -   , $ -   , $ -   , $ -   , $ -   , $ -   , $ -   
VFS Global,Naveen Shankar Choudhury,Pooja,Low - (< 50%),,Older Than Apr 23,,India,Churned,Channel Partner,#DIV/0!, $ -   , $ -   , $ -   , $ -   , $ -   , $ -   , $ -   , $ -   , $ -   , $ -   , $ -   , $ -   , $ -   , $ -   , $ -   , $ -   , $ -   , $ -   , $ -   , $ -   , $ -   , $ -   , $ -   , $ -   , $ -   , $ -   , $ -   , $ -   , $ -   , $ -   , $ -   , $ -   , $ -   , $ -   , $ -   , $ -   , $ -   
OpenKart,Naveen Shankar Choudhury,Pooja,Low - (< 50%),,Older Than Apr 23,,US and ROW Fintech,Churned,Channel Partner,#DIV/0!, $ -   , $ -   , $ -   , $ -   , $ -   , $ -   , $ -   , $ -   , $ -   , $ -   , $ -   , $ -   , $ -   , $ -   , $ -   , $ -   , $ -   , $ -   , $ -   , $ -   , $ -   , $ -   , $ -   , $ -   , $ -   , $ -   , $ -   , $ -   , $ -   , $ -   , $ -   , $ -   , $ -   , $ -   , $ -   , $ -   , $ -   
Arrise,Naveen Shankar Choudhury,Pooja,Low - (< 50%),,Older Than Apr 23,,US and ROW Fintech,Dormant,Channel Partner,#DIV/0!, $ -   , $ -   , $ -   , $ -   , $ -   , $ -   , $ -   , $ -   , $ -   , $ -   , $ -   , $ -   , $ -   , $ -   , $ -   , $ -   , $ -   , $ -   , $ -   , $ -   , $ -   , $ -   , $ -   , $ -   , $ -   , $ -   , $ -   , $ -   , $ -   , $ -   , $ -   , $ -   , $ -   , $ -   , $ -   , $ -   , $ -   
Bajaj Finance Limited,Nikhil Gopinath,Chaitanya,#N/A,,Older Than Apr 23,,India,Churned,NBFC,#DIV/0!, $ -   , $ -   , $ -   , $ -   , $ -   , $ -   , $ -   , $ -   , $ -   , $ -   , $ -   , $ -   , $ -   , $ -   , $ -   , $ -   , $ -   , $ -   , $ -   , $ -   , $ -   , $ -   , $ -   , $ -   , $ -   , $ -   , $ -   , $ -   , $ -   , $ -   , $ -   , $ -   , $ -   , $ -   , $ -   , $ -   , $ -   
Kotak Bank,Sales,Pooja,Low - (< 50%),,Older Than Apr 23,,India,Churned,Banks,#DIV/0!, $ -   , $ -   , $ -   , $ -   , $ -   , $ -   , $ -   , $ -   , $ -   , $ -   , $ -   , $ -   , $ -   , $ -   , $ -   , $ -   , $ -   , $ -   , $ -   , $ -   , $ -   , $ -   , $ -   , $ -   , $ -   , $ -   , $ -   , $ -   , $ -   , $ -   , $ -   , $ -   , $ -   , $ -   , $ -   , $ -   , $ -   
GoSuper11,Sales,Chaitanya,#N/A,,Older Than Apr 23,,India,Churned,Gaming,#DIV/0!, $ -   , $ -   , $ -   , $ -   , $ -   , $ -   , $ -   , $ -   , $ -   , $ -   , $ -   , $ -   , $ -   , $ -   , $ -   , $ -   , $ -   , $ -   , $ -   , $ -   , $ -   , $ -   , $ -   , $ -   , $ -   , $ -   , $ -   , $ -   , $ -   , $ -   , $ -   , $ -   , $ -   , $ -   , $ -   , $ -   , $ -   
Satin creditcare,Sales,Chaitanya,#N/A,,Older Than Apr 23,,India,Churned,Others,#DIV/0!, $ -   , $ -   , $ -   , $ -   , $ -   , $ -   , $ -   , $ -   , $ -   , $ -   , $ -   , $ -   , $ -   , $ -   , $ -   , $ -   , $ -   , $ -   , $ -   , $ -   , $ -   , $ -   , $ -   , $ -   , $ -   , $ -   , $ -   , $ -   , $ -   , $ -   , $ -   , $ -   , $ -   , $ -   , $ -   , $ -   , $ -   
Art of Living,Sales,Pramod,#N/A,,Older Than Apr 23,,India,Churned,Ed-tech/Learning,#DIV/0!, $ -   , $ -   , $ -   , $ -   , $ -   , $ -   , $ -   , $ -   , $ -   , $ -   , $ -   , $ -   , $ -   , $ -   , $ -   , $ -   , $ -   , $ -   , $ -   , $ -   , $ -   , $ -   , $ -   , $ -   , $ -   , $ -   , $ -   , $ -   , $ -   , $ -   , $ -   , $ -   , $ -   , $ -   , $ -   , $ -   , $ -   
DailyRummy,Sales,Churned,#N/A,,Older Than Apr 23,,India,Churned,Gaming,#DIV/0!, $ -   , $ -   , $ -   , $ -   , $ -   , $ -   , $ -   , $ -   , $ -   , $ -   , $ -   , $ -   , $ -   , $ -   , $ -   , $ -   , $ -   , $ -   , $ -   , $ -   , $ -   , $ -   , $ -   , $ -   , $ -   , $ -   , $ -   , $ -   , $ -   , $ -   , $ -   , $ -   , $ -   , $ -   , $ -   , $ -   , $ -   
Zamorra,Sales,Pooja,#N/A,,Older Than Apr 23,,India,Churned,Others,#DIV/0!, $ -   , $ -   , $ -   , $ -   , $ -   , $ -   , $ -   , $ -   , $ -   , $ -   , $ -   , $ -   , $ -   , $ -   , $ -   , $ -   , $ -   , $ -   , $ -   , $ -   , $ -   , $ -   , $ -   , $ -   , $ -   , $ -   , $ -   , $ -   , $ -   , $ -   , $ -   , $ -   , $ -   , $ -   , $ -   , $ -   , $ -   
CCI,Sales,Pooja,Low - (< 50%),,Older Than Apr 23,,India,Less than 100,Others,#DIV/0!, $ -   , $ -   , $ -   , $ -   , $ -   , $ -   , $ -   , $ -   , $ -   , $ -   , $ -   , $ -   , $ -   , $ -   , $ -   , $ -   , $ -   , $ -   , $ -   , $ -   , $ -   , $ -   , $ -   , $ -   , $ -   , $ -   , $ -   , $ -   , $ -   , $ -   , $ -   , $ -   , $ -   , $ -   , $ -   , $ -   , $ -   
GoK - IAM,Sales,Churned,High - 80 to 100%,,Older Than Apr 23,,India,Churned,Others,#DIV/0!, $ -   , $ -   , $ -   , $ -   , $ -   , $ -   , $ -   , $ -   , $ -   , $ -   , $ -   , $ -   , $ -   , $ -   , $ -   , $ -   , $ -   , $ -   , $ -   , $ -   , $ -   , $ -   , $ -   , $ -   , $ -   , $ -   , $ -   , $ -   , $ -   , $ -   , $ -   , $ -   , $ -   , $ -   , $ -   , $ -   , $ -   
Nuqi Wealth ( 5nance),Sales,Pooja,#N/A,"Loop in SM, KT",Older Than Apr 23,,India,Dormant,Digital Lenders,#DIV/0!, $ -   , $ -   , $ -   , $ -   , $ -   , $ -   , $ -   , $ -   , $ -   , $ -   , $ -   , $ -   , $ -   , $ -   , $ -   , $ -   , $ -   , $ -   , $ -   , $ -   , $ -   , $ -   , $ -   , $ -   , $ -   , $ -   , $ -   , $ -   , $ -   , $ -   , $ -   , $ -   , $ -   , $ -   , $ -   , $ -   , $ -   
Savart,Sales,Churned,#N/A,Reach out to AR and get the details to bill them,Older Than Apr 23,,India,Churned,Others,#DIV/0!, $ -   , $ -   , $ -   , $ -   , $ -   , $ -   , $ -   , $ -   , $ -   , $ -   , $ -   , $ -   , $ -   , $ -   , $ -   , $ -   , $ -   , $ -   , $ -   , $ -   , $ -   , $ -   , $ -   , $ -   , $ -   , $ -   , $ -   , $ -   , $ -   , $ -   , $ -   , $ -   , $ -   , $ -   , $ -   , $ -   , $ -   
SourceForte,Sriya,Pooja,#N/A,Check with Sarthak,Older Than Apr 23,,India,Churned,Channel Partner,#DIV/0!, $ -   , $ -   , $ -   , $ -   , $ -   , $ -   , $ -   , $ -   , $ -   , $ -   , $ -   , $ -   , $ -   , $ -   , $ -   , $ -   , $ -   , $ -   , $ -   , $ -   , $ -   , $ -   , $ -   , $ -   , $ -   , $ -   , $ -   , $ -   , $ -   , $ -   , $ -   , $ -   , $ -   , $ -   , $ -   , $ -   , $ -   
Creditail,Sriya,Pooja,#N/A,,Older Than Apr 23,,India,Churned,Digital Lenders,#DIV/0!, $ -   , $ -   , $ -   , $ -   , $ -   , $ -   , $ -   , $ -   , $ -   , $ -   , $ -   , $ -   , $ -   , $ -   , $ -   , $ -   , $ -   , $ -   , $ -   , $ -   , $ -   , $ -   , $ -   , $ -   , $ -   , $ -   , $ -   , $ -   , $ -   , $ -   , $ -   , $ -   , $ -   , $ -   , $ -   , $ -   , $ -   
Legitplay,Sriya,Chaitanya,#N/A,"Recon + List of O/s Invoices. Loop in KT, SM, VM, SK",Older Than Apr 23,,India,Churned,Others,#DIV/0!, $ -   , $ -   , $ -   , $ -   , $ -   , $ -   , $ -   , $ -   , $ -   , $ -   , $ -   , $ -   , $ -   , $ -   , $ -   , $ -   , $ -   , $ -   , $ -   , $ -   , $ -   , $ -   , $ -   , $ -   , $ -   , $ -   , $ -   , $ -   , $ -   , $ -   , $ -   , $ -   , $ -   , $ -   , $ -   , $ -   , $ -   
DIFX,Sriya,Pooja,#N/A,,Older Than Apr 23,,India,Churned,Brokerage,#DIV/0!, $ -   , $ -   , $ -   , $ -   , $ -   , $ -   , $ -   , $ -   , $ -   , $ -   , $ -   , $ -   , $ -   , $ -   , $ -   , $ -   , $ -   , $ -   , $ -   , $ -   , $ -   , $ -   , $ -   , $ -   , $ -   , $ -   , $ -   , $ -   , $ -   , $ -   , $ -   , $ -   , $ -   , $ -   , $ -   , $ -   , $ -   
Treasurepack,Sriya,Pooja,#N/A,,Older Than Apr 23,,India,Churned,Channel Partner,#DIV/0!, $ -   , $ -   , $ -   , $ -   , $ -   , $ -   , $ -   , $ -   , $ -   , $ -   , $ -   , $ -   , $ -   , $ -   , $ -   , $ -   , $ -   , $ -   , $ -   , $ -   , $ -   , $ -   , $ -   , $ -   , $ -   , $ -   , $ -   , $ -   , $ -   , $ -   , $ -   , $ -   , $ -   , $ -   , $ -   , $ -   , $ -   
SpiritZone,Sriya,Chaitanya,Low - (< 50%),,Older Than Apr 23,,India,Churned,Others,#DIV/0!, $ -   , $ -   , $ -   , $ -   , $ -   , $ -   , $ -   , $ -   , $ -   , $ -   , $ -   , $ -   , $ -   , $ -   , $ -   , $ -   , $ -   , $ -   , $ -   , $ -   , $ -   , $ -   , $ -   , $ -   , $ -   , $ -   , $ -   , $ -   , $ -   , $ -   , $ -   , $ -   , $ -   , $ -   , $ -   , $ -   , $ -   
BluSwap,Sriya,Pramod,High - 80 to 100%,,Older Than Apr 23,,India,Churned,Others,#DIV/0!, $ -   , $ -   , $ -   , $ -   , $ -   , $ -   , $ -   , $ -   , $ -   , $ -   , $ -   , $ -   , $ -   , $ -   , $ -   , $ -   , $ -   , $ -   , $ -   , $ -   , $ -   , $ -   , $ -   , $ -   , $ -   , $ -   , $ -   , $ -   , $ -   , $ -   , $ -   , $ -   , $ -   , $ -   , $ -   , $ -   , $ -   
PayCrunch,Sriya,Pramod,#N/A,,Older Than Apr 23,,India,Churned,Others,#DIV/0!, $ -   , $ -   , $ -   , $ -   , $ -   , $ -   , $ -   , $ -   , $ -   , $ -   , $ -   , $ -   , $ -   , $ -   , $ -   , $ -   , $ -   , $ -   , $ -   , $ -   , $ -   , $ -   , $ -   , $ -   , $ -   , $ -   , $ -   , $ -   , $ -   , $ -   , $ -   , $ -   , $ -   , $ -   , $ -   , $ -   , $ -   
TaskMo,Sriya,Pramod,#N/A,,Older Than Apr 23,,India,Churned,Gig economy,#DIV/0!, $ -   , $ -   , $ -   , $ -   , $ -   , $ -   , $ -   , $ -   , $ -   , $ -   , $ -   , $ -   , $ -   , $ -   , $ -   , $ -   , $ -   , $ -   , $ -   , $ -   , $ -   , $ -   , $ -   , $ -   , $ -   , $ -   , $ -   , $ -   , $ -   , $ -   , $ -   , $ -   , $ -   , $ -   , $ -   , $ -   , $ -   
AppsDiscover,Sriya,Pooja,#N/A,,Older Than Apr 23,,India,Dormant,Gaming,#DIV/0!, $ -   , $ -   , $ -   , $ -   , $ -   , $ -   , $ -   , $ -   , $ -   , $ -   , $ -   , $ -   , $ -   , $ -   , $ -   , $ -   , $ -   , $ -   , $ -   , $ -   , $ -   , $ -   , $ -   , $ -   , $ -   , $ -   , $ -   , $ -   , $ -   , $ -   , $ -   , $ -   , $ -   , $ -   , $ -   , $ -   , $ -   
Satclassic,Sriya,Pooja,#N/A,,Older Than Apr 23,,India,Churned,Crypto ,#DIV/0!, $ -   , $ -   , $ -   , $ -   , $ -   , $ -   , $ -   , $ -   , $ -   , $ -   , $ -   , $ -   , $ -   , $ -   , $ -   , $ -   , $ -   , $ -   , $ -   , $ -   , $ -   , $ -   , $ -   , $ -   , $ -   , $ -   , $ -   , $ -   , $ -   , $ -   , $ -   , $ -   , $ -   , $ -   , $ -   , $ -   , $ -   
KrossGames,Sriya,Pramod,#N/A,"Legal Notice to be sent to the client. 
Pramod to update the master file.",Older Than Apr 23,18-12-2024,India,Churned,Gaming,#DIV/0!, $ -   , $ -   , $ -   , $ -   , $ -   , $ -   , $ -   , $ -   , $ -   , $ -   , $ -   , $ -   , $ -   , $ -   , $ -   , $ -   , $ -   , $ -   , $ -   , $ -   , $ -   , $ -   , $ -   , $ -   , $ -   , $ -   , $ -   , $ -   , $ -   , $ -   , $ -   , $ -   , $ -   , $ -   , $ -   , $ -   , $ -   
UnlistedKart,Sriya,Chaitanya,#N/A,,Older Than Apr 23,,India,Churned,Brokerage,#DIV/0!, $ -   , $ -   , $ -   , $ -   , $ -   , $ -   , $ -   , $ -   , $ -   , $ -   , $ -   , $ -   , $ -   , $ -   , $ -   , $ -   , $ -   , $ -   , $ -   , $ -   , $ -   , $ -   , $ -   , $ -   , $ -   , $ -   , $ -   , $ -   , $ -   , $ -   , $ -   , $ -   , $ -   , $ -   , $ -   , $ -   , $ -   
Privaseverse,Sriya,Churned,#N/A,Churned,Older Than Apr 23,,India,Churned,Others,#DIV/0!, $ -   , $ -   , $ -   , $ -   , $ -   , $ -   , $ -   , $ -   , $ -   , $ -   , $ -   , $ -   , $ -   , $ -   , $ -   , $ -   , $ -   , $ -   , $ -   , $ -   , $ -   , $ -   , $ -   , $ -   , $ -   , $ -   , $ -   , $ -   , $ -   , $ -   , $ -   , $ -   , $ -   , $ -   , $ -   , $ -   , $ -   
Rupcoin,Sriya,Chaitanya,#N/A,IBR Update. Investigate & Take Action,Older Than Apr 23,,India,Churned,Others,#DIV/0!, $ -   , $ -   , $ -   , $ -   , $ -   , $ -   , $ -   , $ -   , $ -   , $ -   , $ -   , $ -   , $ -   , $ -   , $ -   , $ -   , $ -   , $ -   , $ -   , $ -   , $ -   , $ -   , $ -   , $ -   , $ -   , $ -   , $ -   , $ -   , $ -   , $ -   , $ -   , $ -   , $ -   , $ -   , $ -   , $ -   , $ -   
HDFC AMC,#N/A,#N/A,#N/A,,Older Than Apr 23,,#N/A,#N/A,#N/A,#DIV/0!, $ -   , $ -   , $ -   , $ -   , $ -   , $ -   , $ -   , $ -   , $ -   , $ -   , $ -   , $ -   , $ -   , $ -   , $ -   , $ -   , $ -   , $ -   , $ -   , $ -   , $ -   , $ -   , $ -   , $ -   , $ -   , $ -   , $ -   , $ -   , $ -   , $ -   , $ -   , $ -   , $ -   , $ -   , $ -   , $ -   , $ -   
SafetyNest Inc.,Ayyappa K R,Dushyanth,Low - (< 50%),Payment Chaser to be sent. (Call),Older Than Apr 23,13-12-2024,HyperStart,500 to 2K,CLM,0, $ 833 , $ -   , $ -   , $ -   , $ -   , $ -   ,,,,,,,,,,,,,,,,,,,,,,,,,,,,,,,
 Tampa Maid Foods LLC ,,Dushyanth,Low - (< 50%),Payment Chaser to be sent. (Call),Older Than Apr 23,13-12-2024,HyperStart,100 to 500,Others,0, $ 375 , $ -   , $ -   , $ -   , $ -   , $ -   ,,,,,,,,,,,,,,,,,,,,,,,,,,,,,,,
One Case,,Dushyanth,Low - (< 50%),Payment Chaser to be sent. (Call),Older Than Apr 23,13-12-2024,India,Dormant,Others,#DIV/0!, $ -   , $ -   , $ -   , $ -   , $ -   ,,,,,,,,,,,,,,,,,,,,,,,,,,,,,,,,
BCP Associates LLP,Ayyappa K R,Dushyanth,Low - (< 50%),Payment Chaser to be sent. (Call),Older Than Apr 23,13-12-2024,HyperStart,Less than 100,CLM,#DIV/0!, $ -   , $ -   , $ -   , $ -   , $ -   ,,,,,,,,,,,,,,,,,,,,,,,,,,,,,,,,
fundfi,Sukanya,Dushyanth,Low - (< 50%),Payment Chaser to be sent. (Call),Older Than Apr 23,13-12-2024,US and ROW Fintech,Less than 100,Others,#DIV/0!, $ -   , $ -   , $ -   , $ -   , $ -   ,,,,,,,,,,,,,,,,,,,,,,,,,,,,,,,,
Paymentz,Anshuman Gill,Pramod,High - 80 to 100%,,Older Than Apr 23,,India,100 to 500,Others,(0), $ 111 , $ (0), $ -   , $ -   , $ -   , $ -   , $ -   , $ -   , $ -   , $ -   , $ -   , $ -   , $ -   , $ -   , $ -   , $ -   , $ -   , $ -   , $ -   , $ -   , $ -   , $ -   , $ -   , $ -   , $ -   , $ -   , $ -   , $ -   , $ -   , $ -   , $ -   , $ -   , $ -   , $ -   , $ -   , $ -   , $ (0)
Taxnodes,Naveen Shankar Choudhury,Pramod,High - 80 to 100%,Payment Chaser to be sent,Dec 25,13-12-2024,India,500 to 2K,Others,(0)," $ 1,384 ", $ (0), $ 0 , $ -   , $ -   , $ -   , $ -   , $ -   , $ -   , $ -   , $ -   , $ -   , $ -   , $ -   , $ -   , $ -   , $ -   , $ -   , $ -   , $ -   , $ -   , $ -   , $ -   , $ -   , $ -   , $ -   , $ -   , $ -   , $ -   , $ -   , $ -   , $ -   , $ -   , $ -   , $ -   , $ -   , $ (0)
Stable Money,Venkat Subramanian,Pramod,High - 80 to 100%,,Dec 25,,India,500 to 2K,Digital Lenders,(0)," $ 1,038 ", $ (0), $ 0 , $ -   , $ -   , $ -   , $ 0 , $ -   , $ 0 , $ -   , $ -   , $ -   , $ -   , $ -   , $ -   , $ -   , $ -   , $ -   , $ -   , $ -   , $ -   , $ -   , $ -   , $ -   , $ -   , $ -   , $ -   , $ -   , $ -   , $ -   , $ -   , $ -   , $ -   , $ -   , $ -   , $ -   , $ (0)
Protium -CLM,Ayyappa K R,Dushyanth,High - 80 to 100%,,Older Than Apr 23,,HyperStart,100 to 500,CLM,(0), $ 278 , $ (0), $ -   , $ -   , $ -   , $ -   , $ -   , $ -   , $ -   , $ -   , $ -   , $ -   , $ -   , $ -   , $ -   , $ -   , $ -   , $ -   , $ -   , $ -   , $ -   , $ -   , $ -   , $ -   , $ -   , $ -   , $ -   , $ -   , $ -   , $ -   , $ -   , $ -   , $ -   , $ -   , $ -   , $ -   , $ (0)
Boostlingo,Ayyappa K R,Dushyanth,High - 80 to 100%,Payment Chaser to be sent,Older Than Apr 23,13-12-2024,HyperStart,500 to 2K,CLM,(0)," $ 1,292 ", $ (0), $ -   , $ -   , $ -   , $ -   , $ -   , $ -   , $ -   , $ -   , $ -   , $ -   , $ -   , $ -   , $ -   , $ -   , $ -   , $ -   , $ -   , $ -   , $ -   , $ -   , $ -   , $ -   , $ -   , $ -   , $ -   , $ -   , $ -   , $ -   , $ -   , $ -   , $ -   , $ -   , $ -   , $ -   , $ (0)
p-Chip,Ayyappa K R,Dushyanth,High - 80 to 100%,Payment Chaser to be sent,Older Than Apr 23,13-12-2024,HyperStart,100 to 500,CLM,(0), $ 250 , $ (0), $ -   , $ -   , $ -   , $ -   , $ -   , $ -   , $ -   , $ -   , $ -   , $ -   , $ -   , $ -   , $ -   , $ -   , $ -   , $ -   , $ -   , $ -   , $ -   , $ -   , $ -   , $ -   , $ -   , $ -   , $ -   , $ -   , $ -   , $ -   , $ -   , $ -   , $ -   , $ -   , $ -   , $ -   , $ (0)
Alembic,Ayyappa K R,Dushyanth,High - 80 to 100%,Payment Chaser to be sent,Older Than Apr 23,13-12-2024,HyperStart,500 to 2K,CLM,(0), $ 583 , $ (0), $ -   , $ -   , $ -   , $ -   , $ -   , $ -   , $ -   , $ -   , $ -   , $ -   , $ -   , $ -   , $ -   , $ -   , $ -   , $ -   , $ -   , $ -   , $ -   , $ -   , $ -   , $ -   , $ -   , $ -   , $ -   , $ -   , $ -   , $ -   , $ -   , $ -   , $ -   , $ -   , $ -   , $ -   , $ (0)
Reliable Industries - CLM,Ayyappa K R,Dushyanth,High - 80 to 100%,,Older Than Apr 23,,HyperStart,100 to 500,CLM,(0), $ 333 , $ (0), $ -   , $ -   , $ -   , $ -   , $ -   , $ -   , $ -   , $ -   , $ -   , $ -   , $ -   , $ -   , $ -   , $ -   , $ -   , $ -   , $ -   , $ -   , $ -   , $ -   , $ -   , $ -   , $ -   , $ -   , $ -   , $ -   , $ -   , $ -   , $ -   , $ -   , $ -   , $ -   , $ -   , $ -   , $ (0)
Ryzer,Naveen Shankar Choudhury,Subin,Low - (< 50%),Master file to be updated & Chasers needs to be sent,Sep 24,16-12-2024,India,Churned,Others,#DIV/0!, $ -   , $ (0), $ -   , $ -   , $ -   , $ -   , $ -   , $ -   , $ -   , $ -   , $ -   , $ -   , $ -   , $ -   , $ -   , $ -   , $ -   , $ 0 , $ -   , $ 0 , $ 0 , $ -   , $ -   , $ -   , $ -   , $ -   , $ -   , $ -   , $ -   , $ -   , $ -   , $ -   , $ -   , $ -   , $ -   , $ -   , $ (1)
Transnational group,Ayyappa K R,Dushyanth,High - 80 to 100%,Payment Chaser to be sent. (Call),Older Than Apr 23,13-12-2024,HyperStart,100 to 500,CLM,(0), $ 333 , $ (0), $ -   , $ -   , $ -   , $ -   , $ -   , $ -   , $ -   , $ -   , $ -   , $ -   , $ -   , $ -   , $ -   , $ -   , $ -   , $ -   , $ -   , $ -   , $ -   , $ -   , $ -   , $ -   , $ -   , $ -   , $ -   , $ -   , $ -   , $ -   , $ -   , $ -   , $ -   , $ -   , $ -   , $ -   , $ (0)
Ideal Life Consultancy JSC (IZION),Nam Nguyen,Pooja,Low - (< 50%),,Nov 25,,ASEAN,500 to 2K,Insurance,(0)," $ 1,690 ", $ (12), $ -   , $ 0 , $ -   , $ -   , $ -   , $ -   , $ -   , $ -   , $ -   , $ -   , $ -   , $ -   , $ -   , $ -   , $ -   , $ -   , $ -   , $ -   , $ -   , $ -   , $ -   , $ -   , $ -   , $ -   , $ -   , $ -   , $ -   , $ -   , $ -   , $ -   , $ -   , $ -   , $ -   , $ -   , $ (12)
XCM,Naveen Shankar Choudhury,Subin,Low - (< 50%),"Recon + List of O/s Invoices. Loop in KT, SM, VM, SK",Jan 26,,India,Churned,Others,#DIV/0!, $ -   , $ 1 , $ -   , $ -   , $ -   , $ -   , $ -   , $ -   , $ -   , $ -   , $ -   , $ -   , $ -   , $ -   , $ -   , $ -   , $ 0 , $ -   , $ 0 , $ -   , $ 0 , $ -   , $ 0 , $ -   , $ -   , $ -   , $ -   , $ -   , $ -   , $ -   , $ -   , $ -   , $ -   , $ -   , $ -   , $ -   , $ -   
MPL,Aditya Rao,Chaitanya,Low - (< 50%),Agreement will be executed(20th). Revised invoices to be shared. Follow up with clients.,Dec 25,,India,100 to 500,Gaming,(26), $ 116 , $ (101), $ 118 , $ 123 , $ 136 , $ -   , $ -   , $ -   , $ -   , $ -   , $ -   , $ 0 , $ -   , $ -   , $ -   , $ -   , $ -   , $ -   , $ -   , $ -   , $ -   , $ -   , $ -   , $ -   , $ -   , $ -   , $ -   , $ -   , $ -   , $ -   , $ -   , $ -   , $ -   , $ -   , $ -   , $ -   , $ (479)
Genius Consultants,Anshuman Gill,Pramod,Medium - (50 to 79%),,Older Than Apr 23,,India,Dormant,Gig economy,#DIV/0!, $ -   , $ (113), $ -   , $ -   , $ -   , $ -   , $ (113), $ -   , $ -   , $ -   , $ -   , $ -   , $ -   , $ -   , $ -   , $ -   , $ -   , $ -   , $ -   , $ -   , $ -   , $ -   , $ -   , $ -   , $ -   , $ -   , $ -   , $ -   , $ -   , $ -   , $ -   , $ -   , $ -   , $ -   , $ -   , $ -   , $ -   
Niyo,Sales,Pramod,High - 80 to 100%,,Older Than Apr 23,,India,500 to 2K,Payment Service Provider,(8), $ 889 , $ (230), $ -   , $ -   , $ -   , $ -   , $ -   , $ -   , $ -   , $ -   , $ -   , $ -   , $ -   , $ -   , $ -   , $ -   , $ -   , $ -   , $ -   , $ -   , $ -   , $ -   , $ -   , $ -   , $ -   , $ -   , $ -   , $ -   , $ -   , $ -   , $ -   , $ -   , $ -   , $ -   , $ -   , $ -   , $ (230)
Giottus,Maline K L,Pooja,High - 80 to 100%,Reconciliation needs to be closed ASAP and invoices needs to be shared. ,Dec 25,15-12-2024,India,100 to 500,Crypto,(40), $ 310 , $ (362), $ 310 , $ -   , $ -   , $ (0), $ -   , $ -   , $ -   , $ -   , $ -   , $ -   , $ -   , $ -   , $ -   , $ -   , $ -   , $ -   , $ -   , $ -   , $ -   , $ -   , $ -   , $ -   , $ -   , $ -   , $ -   , $ -   , $ -   , $ -   , $ -   , $ -   , $ -   , $ -   , $ -   , $ -   , $ (672)
Kotak Life Insurance,Sriya,Dushyanth,High - 80 to 100%,,Dec 25,,India,2K to 10K,Insurance,(6)," $ 2,196 ", $ (505)," $ 2,196 ", $ 434 , $ -   , $ -   , $ -   , $ -   , $ -   , $ -   , $ -   , $ -   , $ -   , $ -   , $ -   , $ -   , $ -   , $ -   , $ -   , $ -   , $ -   , $ -   , $ -   , $ -   , $ -   , $ -   , $ -   , $ -   , $ -   , $ -   , $ -   , $ -   , $ -   , $ -   , $ -   , $ -   ," $ (3,135)"
Findi,Naveen Shankar Choudhury,Subin,Low - (< 50%),,Older Than Apr 23,,India,Churned,Payment Service Provider,#DIV/0!, $ -   , $ -   , $ -   , $ -   , $ -   , $ -   , $ -   , $ -   , $ -   , $ -   , $ -   , $ -   , $ -   , $ -   , $ -   , $ -   , $ -   , $ -   , $ -   , $ -   , $ -   , $ -   , $ -   , $ -   , $ -   , $ -   , $ -   , $ -   , $ -   , $ -   , $ -   , $ -   , $ -   , $ -   , $ -   , $ -   , $ -   
KSF Money Tap,Maline K L,Pramod,Medium - (50 to 79%),,Dec 25,,India,Less than 100,NBFC,"(1,468)", $ 33 ," $ (1,643)", $ 33 , $ 34 , $ -   , $ -   ," $ (1,821)", $ 55 , $ 27 , $ 12 , $ 1 , $ 14 , $ 2 , $ -   , $ -   , $ -   , $ -   , $ -   , $ -   , $ -   , $ -   , $ -   , $ -   , $ -   , $ -   , $ -   , $ -   , $ -   , $ -   , $ -   , $ -   , $ -   , $ -   , $ -   , $ -   , $ -   , $ -   
Mudrex,Akanksha Pandaw,Chaitanya,Low - (< 50%),Payment Chaser to be sent. (Call),Dec 25,13-12-2024,India,2K to 10K,Others,(54)," $ 2,081 "," $ (4,080)"," $ 2,173 "," $ 2,527 ", $ -   , $ 0 , $ -   , $ -   , $ -   , $ -   , $ -   , $ -   , $ -   , $ -   , $ -   , $ -   , $ -   , $ -   , $ -   , $ -   , $ -   , $ -   , $ -   , $ -   , $ -   , $ -   , $ -   , $ -   , $ -   , $ -   , $ -   , $ -   , $ -   , $ -   , $ -   , $ -   ," $ (8,780)"
Refyne,Aditya Rao,Subin,Low - (< 50%),Chaitanya/Aditya to share logs to client.,Dec 25,,India,2K to 10K,Digital Lenders,(106)," $ 1,998 "," $ (8,084)"," $ 1,998 "," $ 2,911 "," $ (17,076)", $ 114 , $ 288 , $ -   ," $ 2,402 "," $ 1,162 ", $ 182 , $ 339 , $ 163 , $ 230 , $ 230 , $ 435 , $ 404 , $ -   , $ -   , $ 105 , $ 70 , $ 18 , $ 30 , $ -   , $ -   , $ -   , $ -   , $ -   , $ -   , $ -   , $ -   , $ -   , $ -   , $ -   , $ -   , $ -   ," $ (2,090)"